lo_index,if_index,point_index,lo_set_Hz,if_set_Hz,lo_model_Hz,if_model_Hz,mode,kind,m,n,sign,expression,expected_freq_Hz,expected_corr_freq_Hz,measured_freq_Hz,freq_error_Hz,freq_error_corr_Hz,power_dBm,rel_dBc_vs_desired,noise_limited,cluster_id,cluster_size,analytic_coincidence_id,analytic_coincidence_size,measured_coincidence_id,measured_coincidence_size,measurement_scope,cluster_window_half_width_Hz,cluster_window_fallback,span_Hz,rbw_Hz,vbw_Hz,avg_sweeps,marker_mode_global,marker_mode_effective,error
0,38,39,21000000000.0,7070000000.0,21000000000.0,7070000000.0,lo+if,desired,1,1,1,1*LO + 1*IF,28070000000.0,28070000000.0,28070000000.0,0.0,0.0,-25.032696251719983,0.0,0,-1,1,-1,1,-1,1,single,0.0,0,1000.0,10.0,,10,auto,peak,
0,38,39,21000000000.0,7070000000.0,21000000000.0,7070000000.0,lo+if,spur,3,5,-1,3*LO - 5*IF,27650000000.0,27650000000.0,27649999788.2,-211.79999923706055,-211.79999923706055,-131.44073805637146,-106.40804180465148,1,-1,1,-1,1,-1,1,single,0.0,0,1000.0,10.0,,10,auto,peak,
0,38,39,21000000000.0,7070000000.0,21000000000.0,7070000000.0,lo+if,spur,2,2,-1,2*LO - 2*IF,27860000000.0,27860000000.0,27860000000.0,0.0,0.0,-81.58526419085825,-56.55256793913827,0,-1,1,-1,1,-1,1,single,0.0,0,1000.0,10.0,,10,auto,peak,
0,38,39,21000000000.0,7070000000.0,21000000000.0,7070000000.0,lo+if,IF_harmonic,0,4,1,0*LO + 4*IF,28280000000.0,28280000000.0,28280000000.0,0.0,0.0,-107.78416031948873,-82.75146406776875,0,-1,1,-1,1,-1,1,single,0.0,0,1000.0,10.0,,10,auto,peak,
0,38,39,21000000000.0,7070000000.0,21000000000.0,7070000000.0,lo+if,spur,3,4,-1,3*LO - 4*IF,34720000000.0,34720000000.0,34720000002.0,2.0,2.0,-128.4671264300288,-103.43443017830882,1,-1,1,-1,1,-1,1,single,0.0,0,1000.0,10.0,,10,auto,peak,
0,38,39,21000000000.0,7070000000.0,21000000000.0,7070000000.0,lo+if,spur,2,1,-1,2*LO - 1*IF,34930000000.0,34930000000.0,34930000000.0,0.0,0.0,-56.38951614163335,-31.356819889913368,0,-1,1,-1,1,-1,1,single,0.0,0,1000.0,10.0,,10,auto,peak,
