lo_index,if_index,point_index,lo_set_Hz,if_set_Hz,lo_model_Hz,if_model_Hz,mode,kind,m,n,sign,expression,expected_freq_Hz,expected_corr_freq_Hz,measured_freq_Hz,freq_error_Hz,freq_error_corr_Hz,power_dBm,rel_dBc_vs_desired,noise_limited,cluster_id,cluster_size,analytic_coincidence_id,analytic_coincidence_size,measured_coincidence_id,measured_coincidence_size,measurement_scope,cluster_window_half_width_Hz,cluster_window_fallback,span_Hz,rbw_Hz,vbw_Hz,avg_sweeps,marker_mode_global,marker_mode_effective,error
0,17,18,21000000000.0,6755000000.0,21000000000.0,6755000000.0,lo+if,desired,1,1,1,1*LO + 1*IF,27755000000.0,27755000000.0,27755000000.0,0.0,0.0,-25.024857660058668,0.0,0,-1,1,-1,1,-1,1,single,0.0,0,1000.0,10.0,,10,auto,peak,
0,17,18,21000000000.0,6755000000.0,21000000000.0,6755000000.0,lo+if,IF_harmonic,0,4,1,0*LO + 4*IF,27020000000.0,27020000000.0,27020000000.0,0.0,0.0,-103.94822570446082,-78.92336804440215,0,-1,1,-1,1,-1,1,single,0.0,0,1000.0,10.0,,10,auto,peak,
0,17,18,21000000000.0,6755000000.0,21000000000.0,6755000000.0,lo+if,spur,2,2,-1,2*LO - 2*IF,28490000000.0,28490000000.0,28490000000.0,0.0,0.0,-81.60017122106792,-56.57531356100925,0,-1,1,-1,1,-1,1,single,0.0,0,1000.0,10.0,,10,auto,peak,
0,17,18,21000000000.0,6755000000.0,21000000000.0,6755000000.0,lo+if,spur,3,5,-1,3*LO - 5*IF,29225000000.0,29225000000.0,29224999971.0,-29.0,-29.0,-131.3177011365865,-106.29284347652782,1,-1,1,-1,1,-1,1,single,0.0,0,1000.0,10.0,,10,auto,peak,
0,17,18,21000000000.0,6755000000.0,21000000000.0,6755000000.0,lo+if,IF_harmonic,0,5,1,0*LO + 5*IF,33775000000.0,33775000000.0,33775000000.0,0.0,0.0,-126.9071787094157,-101.88232104935703,1,-1,1,-1,1,-1,1,single,0.0,0,1000.0,10.0,,10,auto,peak,
0,17,18,21000000000.0,6755000000.0,21000000000.0,6755000000.0,lo+if,spur,1,2,1,1*LO + 2*IF,34510000000.0,34510000000.0,34510000000.0,0.0,0.0,-94.71798954432172,-69.69313188426305,0,-1,1,-1,1,-1,1,single,0.0,0,1000.0,10.0,,10,auto,peak,
