lo_index,if_index,point_index,lo_set_Hz,if_set_Hz,lo_model_Hz,if_model_Hz,mode,kind,m,n,sign,expression,expected_freq_Hz,expected_corr_freq_Hz,measured_freq_Hz,freq_error_Hz,freq_error_corr_Hz,power_dBm,rel_dBc_vs_desired,noise_limited,cluster_id,cluster_size,analytic_coincidence_id,analytic_coincidence_size,measured_coincidence_id,measured_coincidence_size,measurement_scope,cluster_window_half_width_Hz,cluster_window_fallback,span_Hz,rbw_Hz,vbw_Hz,avg_sweeps,marker_mode_global,marker_mode_effective,error
0,97,98,21000000000.0,7955000000.0,21000000000.0,7955000000.0,lo+if,desired,1,1,1,1*LO + 1*IF,28955000000.0,28955000000.0,28955000000.0,0.0,0.0,-24.71426389343968,0.0,0,-1,1,-1,1,-1,1,single,0.0,0,1000.0,10.0,,10,auto,peak,
0,97,98,21000000000.0,7955000000.0,21000000000.0,7955000000.0,lo+if,spur,2,2,-1,2*LO - 2*IF,26090000000.0,26090000000.0,26090000000.0,0.0,0.0,-79.23321682768736,-54.51895293424768,0,-1,1,-1,1,-1,1,single,0.0,0,1000.0,10.0,,10,auto,peak,
0,97,98,21000000000.0,7955000000.0,21000000000.0,7955000000.0,lo+if,spur,3,4,-1,3*LO - 4*IF,31180000000.0,31180000000.0,31179999706.3,-293.70000076293945,-293.70000076293945,-130.56036837511928,-105.8461044816796,1,-1,1,-1,1,-1,1,single,0.0,0,1000.0,10.0,,10,auto,peak,
0,97,98,21000000000.0,7955000000.0,21000000000.0,7955000000.0,lo+if,IF_harmonic,0,4,1,0*LO + 4*IF,31820000000.0,31820000000.0,31820000000.0,0.0,0.0,-124.77747507918642,-100.06321118574674,1,-1,1,-1,1,-1,1,single,0.0,0,1000.0,10.0,,10,auto,peak,
0,97,98,21000000000.0,7955000000.0,21000000000.0,7955000000.0,lo+if,spur,2,1,-1,2*LO - 1*IF,34045000000.0,34045000000.0,34045000000.0,0.0,0.0,-54.379381025203976,-29.665117131764298,0,-1,1,-1,1,-1,1,single,0.0,0,1000.0,10.0,,10,auto,peak,
