lo_index,if_index,point_index,lo_set_Hz,if_set_Hz,lo_model_Hz,if_model_Hz,mode,kind,m,n,sign,expression,expected_freq_Hz,expected_corr_freq_Hz,measured_freq_Hz,freq_error_Hz,freq_error_corr_Hz,power_dBm,rel_dBc_vs_desired,noise_limited,cluster_id,cluster_size,analytic_coincidence_id,analytic_coincidence_size,measured_coincidence_id,measured_coincidence_size,measurement_scope,cluster_window_half_width_Hz,cluster_window_fallback,span_Hz,rbw_Hz,vbw_Hz,avg_sweeps,marker_mode_global,marker_mode_effective,error
0,34,35,21000000000.0,7010000000.0,21000000000.0,7010000000.0,lo+if,desired,1,1,1,1*LO + 1*IF,28010000000.0,28010000000.0,28010000000.0,0.0,0.0,-24.95196661835204,0.0,0,-1,1,-1,1,-1,1,single,0.0,0,1000.0,10.0,,10,auto,peak,
0,34,35,21000000000.0,7010000000.0,21000000000.0,7010000000.0,lo+if,spur,3,5,-1,3*LO - 5*IF,27950000000.0,27950000000.0,27949999760.2,-239.79999923706055,-239.79999923706055,-131.03987757310162,-106.08791095474959,1,-1,1,-1,1,-1,1,single,0.0,0,1000.0,10.0,,10,auto,peak,
0,34,35,21000000000.0,7010000000.0,21000000000.0,7010000000.0,lo+if,spur,2,2,-1,2*LO - 2*IF,27980000000.0,27980000000.0,27980000000.0,0.0,0.0,-81.19463463955022,-56.24266802119818,0,-1,1,-1,1,-1,1,single,0.0,0,1000.0,10.0,,10,auto,peak,
0,34,35,21000000000.0,7010000000.0,21000000000.0,7010000000.0,lo+if,IF_harmonic,0,4,1,0*LO + 4*IF,28040000000.0,28040000000.0,28040000000.0,0.0,0.0,-101.40544700667448,-76.45348038832245,0,-1,1,-1,1,-1,1,single,0.0,0,1000.0,10.0,,10,auto,peak,
0,34,35,21000000000.0,7010000000.0,21000000000.0,7010000000.0,lo+if,spur,3,4,-1,3*LO - 4*IF,34960000000.0,34960000000.0,34960000000.0,0.0,0.0,-126.32992784910229,-101.37796123075026,1,-1,1,-1,1,-1,1,single,0.0,0,1000.0,10.0,,10,auto,peak,
0,34,35,21000000000.0,7010000000.0,21000000000.0,7010000000.0,lo+if,spur,2,1,-1,2*LO - 1*IF,34990000000.0,34990000000.0,34990000000.0,0.0,0.0,-57.76132525583422,-32.809358637482184,0,-1,1,-1,1,-1,1,single,0.0,0,1000.0,10.0,,10,auto,peak,
