lo_index,if_index,point_index,lo_set_Hz,if_set_Hz,lo_model_Hz,if_model_Hz,mode,kind,m,n,sign,expression,expected_freq_Hz,expected_corr_freq_Hz,measured_freq_Hz,freq_error_Hz,freq_error_corr_Hz,power_dBm,rel_dBc_vs_desired,noise_limited,cluster_id,cluster_size,analytic_coincidence_id,analytic_coincidence_size,measured_coincidence_id,measured_coincidence_size,measurement_scope,cluster_window_half_width_Hz,cluster_window_fallback,span_Hz,rbw_Hz,vbw_Hz,avg_sweeps,marker_mode_global,marker_mode_effective,error
0,57,58,21000000000.0,7355000000.0,21000000000.0,7355000000.0,lo+if,desired,1,1,1,1*LO + 1*IF,28355000000.0,28355000000.0,28355000000.0,0.0,0.0,-24.74551664808347,0.0,0,-1,1,-1,1,-1,1,single,0.0,0,1000.0,10.0,,10,auto,peak,
0,57,58,21000000000.0,7355000000.0,21000000000.0,7355000000.0,lo+if,spur,3,5,-1,3*LO - 5*IF,26225000000.0,26225000000.0,26224999553.4,-446.5999984741211,-446.5999984741211,-129.27895908864508,-104.53344244056161,1,-1,1,-1,1,-1,1,single,0.0,0,1000.0,10.0,,10,auto,peak,
0,57,58,21000000000.0,7355000000.0,21000000000.0,7355000000.0,lo+if,spur,2,2,-1,2*LO - 2*IF,27290000000.0,27290000000.0,27290000000.0,0.0,0.0,-80.8063578502564,-56.06084120217294,0,-1,1,-1,1,-1,1,single,0.0,0,1000.0,10.0,,10,auto,peak,
0,57,58,21000000000.0,7355000000.0,21000000000.0,7355000000.0,lo+if,IF_harmonic,0,4,1,0*LO + 4*IF,29420000000.0,29420000000.0,29420000001.0,1.0,1.0,-123.15076973323215,-98.40525308514869,1,-1,1,-1,1,-1,1,single,0.0,0,1000.0,10.0,,10,auto,peak,
0,57,58,21000000000.0,7355000000.0,21000000000.0,7355000000.0,lo+if,spur,3,4,-1,3*LO - 4*IF,33580000000.0,33580000000.0,33579999501.5,-498.5,-498.5,-131.73403091456396,-106.9885142664805,1,-1,1,-1,1,-1,1,single,0.0,0,1000.0,10.0,,10,auto,peak,
0,57,58,21000000000.0,7355000000.0,21000000000.0,7355000000.0,lo+if,spur,2,1,-1,2*LO - 1*IF,34645000000.0,34645000000.0,34645000000.0,0.0,0.0,-54.82399234174693,-30.07847569366346,0,-1,1,-1,1,-1,1,single,0.0,0,1000.0,10.0,,10,auto,peak,
