lo_index,if_index,point_index,lo_set_Hz,if_set_Hz,lo_model_Hz,if_model_Hz,mode,kind,m,n,sign,expression,expected_freq_Hz,expected_corr_freq_Hz,measured_freq_Hz,freq_error_Hz,freq_error_corr_Hz,power_dBm,rel_dBc_vs_desired,noise_limited,cluster_id,cluster_size,analytic_coincidence_id,analytic_coincidence_size,measured_coincidence_id,measured_coincidence_size,measurement_scope,cluster_window_half_width_Hz,cluster_window_fallback,span_Hz,rbw_Hz,vbw_Hz,avg_sweeps,marker_mode_global,marker_mode_effective,error
0,18,19,21000000000.0,6770000000.0,21000000000.0,6770000000.0,lo+if,desired,1,1,1,1*LO + 1*IF,27770000000.0,27770000000.0,27770000000.0,0.0,0.0,-25.259746300357705,0.0,0,-1,1,-1,1,-1,1,single,0.0,0,1000.0,10.0,,10,auto,peak,
0,18,19,21000000000.0,6770000000.0,21000000000.0,6770000000.0,lo+if,IF_harmonic,0,4,1,0*LO + 4*IF,27080000000.0,27080000000.0,27080000000.0,0.0,0.0,-102.41560364073037,-77.15585734037266,0,-1,1,-1,1,-1,1,single,0.0,0,1000.0,10.0,,10,auto,peak,
0,18,19,21000000000.0,6770000000.0,21000000000.0,6770000000.0,lo+if,spur,2,2,-1,2*LO - 2*IF,28460000000.0,28460000000.0,28460000000.0,0.0,0.0,-81.92310340156541,-56.66335710120771,0,-1,1,-1,1,-1,1,single,0.0,0,1000.0,10.0,,10,auto,peak,
0,18,19,21000000000.0,6770000000.0,21000000000.0,6770000000.0,lo+if,spur,3,5,-1,3*LO - 5*IF,29150000000.0,29150000000.0,29149999673.3,-326.70000076293945,-326.70000076293945,-130.97788594476057,-105.71813964440287,1,-1,1,-1,1,-1,1,single,0.0,0,1000.0,10.0,,10,auto,peak,
0,18,19,21000000000.0,6770000000.0,21000000000.0,6770000000.0,lo+if,IF_harmonic,0,5,1,0*LO + 5*IF,33850000000.0,33850000000.0,33850000000.0,0.0,0.0,-125.42895784560434,-100.16921154524664,1,-1,1,-1,1,-1,1,single,0.0,0,1000.0,10.0,,10,auto,peak,
0,18,19,21000000000.0,6770000000.0,21000000000.0,6770000000.0,lo+if,spur,1,2,1,1*LO + 2*IF,34540000000.0,34540000000.0,34540000000.0,0.0,0.0,-92.92016437075145,-67.66041807039375,0,-1,1,-1,1,-1,1,single,0.0,0,1000.0,10.0,,10,auto,peak,
