lo_index,if_index,point_index,lo_set_Hz,if_set_Hz,lo_model_Hz,if_model_Hz,mode,kind,m,n,sign,expression,expected_freq_Hz,expected_corr_freq_Hz,measured_freq_Hz,freq_error_Hz,freq_error_corr_Hz,power_dBm,rel_dBc_vs_desired,noise_limited,cluster_id,cluster_size,analytic_coincidence_id,analytic_coincidence_size,measured_coincidence_id,measured_coincidence_size,measurement_scope,cluster_window_half_width_Hz,cluster_window_fallback,span_Hz,rbw_Hz,vbw_Hz,avg_sweeps,marker_mode_global,marker_mode_effective,error
0,100,101,21000000000.0,8000000000.0,21000000000.0,8000000000.0,lo+if,desired,1,1,1,1*LO + 1*IF,29000000000.0,29000000000.0,29000000000.0,0.0,0.0,-25.067991099637894,0.0,0,-1,1,-1,1,-1,1,single,0.0,0,1000.0,10.0,,10,auto,peak,
0,100,101,21000000000.0,8000000000.0,21000000000.0,8000000000.0,lo+if,spur,2,2,-1,2*LO - 2*IF,26000000000.0,26000000000.0,26000000000.0,0.0,0.0,-81.67917083182823,-56.61117973219034,0,-1,1,-1,1,-1,1,single,0.0,0,1000.0,10.0,,10,auto,peak,
0,100,101,21000000000.0,8000000000.0,21000000000.0,8000000000.0,lo+if,spur,3,4,-1,3*LO - 4*IF,31000000000.0,31000000000.0,31000000125.9,125.9000015258789,125.9000015258789,-130.87920080829076,-105.81120970865287,1,-1,1,-1,1,-1,1,single,0.0,0,1000.0,10.0,,10,auto,peak,
0,100,101,21000000000.0,8000000000.0,21000000000.0,8000000000.0,lo+if,IF_harmonic,0,4,1,0*LO + 4*IF,32000000000.0,32000000000.0,32000000000.0,0.0,0.0,-122.08684863915941,-97.01885753952152,1,-1,1,-1,1,-1,1,single,0.0,0,1000.0,10.0,,10,auto,peak,
0,100,101,21000000000.0,8000000000.0,21000000000.0,8000000000.0,lo+if,spur,2,1,-1,2*LO - 1*IF,34000000000.0,34000000000.0,34000000000.0,0.0,0.0,-56.50760292319141,-31.43961182355352,0,-1,1,-1,1,-1,1,single,0.0,0,1000.0,10.0,,10,auto,peak,
