lo_index,if_index,point_index,lo_set_Hz,if_set_Hz,lo_model_Hz,if_model_Hz,mode,kind,m,n,sign,expression,expected_freq_Hz,expected_corr_freq_Hz,measured_freq_Hz,freq_error_Hz,freq_error_corr_Hz,power_dBm,rel_dBc_vs_desired,noise_limited,cluster_id,cluster_size,analytic_coincidence_id,analytic_coincidence_size,measured_coincidence_id,measured_coincidence_size,measurement_scope,cluster_window_half_width_Hz,cluster_window_fallback,span_Hz,rbw_Hz,vbw_Hz,avg_sweeps,marker_mode_global,marker_mode_effective,error
0,14,15,21000000000.0,6710000000.0,21000000000.0,6710000000.0,lo+if,desired,1,1,1,1*LO + 1*IF,27710000000.0,27710000000.0,27710000000.0,0.0,0.0,-23.952323832451654,0.0,0,-1,1,-1,1,-1,1,single,0.0,0,1000.0,10.0,,10,auto,peak,
0,14,15,21000000000.0,6710000000.0,21000000000.0,6710000000.0,lo+if,IF_harmonic,0,4,1,0*LO + 4*IF,26840000000.0,26840000000.0,26840000000.0,0.0,0.0,-112.88695150049875,-88.9346276680471,0,-1,1,-1,1,-1,1,single,0.0,0,1000.0,10.0,,10,auto,peak,
0,14,15,21000000000.0,6710000000.0,21000000000.0,6710000000.0,lo+if,spur,2,2,-1,2*LO - 2*IF,28580000000.0,28580000000.0,28580000000.0,0.0,0.0,-81.0385634164779,-57.086239584026245,0,-1,1,-1,1,-1,1,single,0.0,0,1000.0,10.0,,10,auto,peak,
0,14,15,21000000000.0,6710000000.0,21000000000.0,6710000000.0,lo+if,spur,3,5,-1,3*LO - 5*IF,29450000000.0,29450000000.0,29449999676.3,-323.70000076293945,-323.70000076293945,-133.00317373253148,-109.05084990007983,1,-1,1,-1,1,-1,1,single,0.0,0,1000.0,10.0,,10,auto,peak,
0,14,15,21000000000.0,6710000000.0,21000000000.0,6710000000.0,lo+if,IF_harmonic,0,5,1,0*LO + 5*IF,33550000000.0,33550000000.0,33549999537.5,-462.5,-462.5,-129.86921506022992,-105.91689122777827,1,-1,1,-1,1,-1,1,single,0.0,0,1000.0,10.0,,10,auto,peak,
0,14,15,21000000000.0,6710000000.0,21000000000.0,6710000000.0,lo+if,spur,1,2,1,1*LO + 2*IF,34420000000.0,34420000000.0,34420000000.0,0.0,0.0,-91.82464545762784,-67.87232162517618,0,-1,1,-1,1,-1,1,single,0.0,0,1000.0,10.0,,10,auto,peak,
