lo_index,if_index,point_index,lo_set_Hz,if_set_Hz,lo_model_Hz,if_model_Hz,mode,kind,m,n,sign,expression,expected_freq_Hz,expected_corr_freq_Hz,measured_freq_Hz,freq_error_Hz,freq_error_corr_Hz,power_dBm,rel_dBc_vs_desired,noise_limited,cluster_id,cluster_size,analytic_coincidence_id,analytic_coincidence_size,measured_coincidence_id,measured_coincidence_size,measurement_scope,cluster_window_half_width_Hz,cluster_window_fallback,span_Hz,rbw_Hz,vbw_Hz,avg_sweeps,marker_mode_global,marker_mode_effective,error
0,40,41,21000000000.0,7100000000.0,21000000000.0,7100000000.0,lo+if,desired,1,1,1,1*LO + 1*IF,28100000000.0,28100000000.0,28100000000.0,0.0,0.0,-24.148914287970783,0.0,0,-1,1,-1,1,-1,1,single,0.0,0,1000.0,10.0,,10,auto,peak,
0,40,41,21000000000.0,7100000000.0,21000000000.0,7100000000.0,lo+if,spur,3,5,-1,3*LO - 5*IF,27500000000.0,27500000000.0,27499999880.1,-119.9000015258789,-119.9000015258789,-131.55374150057892,-107.40482721260814,1,-1,1,-1,1,-1,1,single,0.0,0,1000.0,10.0,,10,auto,peak,
0,40,41,21000000000.0,7100000000.0,21000000000.0,7100000000.0,lo+if,spur,2,2,-1,2*LO - 2*IF,27800000000.0,27800000000.0,27800000000.0,0.0,0.0,-80.95915293824896,-56.81023865027818,0,-1,1,-1,1,-1,1,single,0.0,0,1000.0,10.0,,10,auto,peak,
0,40,41,21000000000.0,7100000000.0,21000000000.0,7100000000.0,lo+if,IF_harmonic,0,4,1,0*LO + 4*IF,28400000000.0,28400000000.0,28400000000.0,0.0,0.0,-116.94450179419144,-92.79558750622066,0,-1,1,-1,1,-1,1,single,0.0,0,1000.0,10.0,,10,auto,peak,
0,40,41,21000000000.0,7100000000.0,21000000000.0,7100000000.0,lo+if,spur,3,4,-1,3*LO - 4*IF,34600000000.0,34600000000.0,34600000000.0,0.0,0.0,-127.7771062049836,-103.62819191701281,1,-1,1,-1,1,-1,1,single,0.0,0,1000.0,10.0,,10,auto,peak,
0,40,41,21000000000.0,7100000000.0,21000000000.0,7100000000.0,lo+if,spur,2,1,-1,2*LO - 1*IF,34900000000.0,34900000000.0,34900000000.0,0.0,0.0,-56.15902791839997,-32.01011363042919,0,-1,1,-1,1,-1,1,single,0.0,0,1000.0,10.0,,10,auto,peak,
