lo_index,if_index,point_index,lo_set_Hz,if_set_Hz,lo_model_Hz,if_model_Hz,mode,kind,m,n,sign,expression,expected_freq_Hz,expected_corr_freq_Hz,measured_freq_Hz,freq_error_Hz,freq_error_corr_Hz,power_dBm,rel_dBc_vs_desired,noise_limited,cluster_id,cluster_size,analytic_coincidence_id,analytic_coincidence_size,measured_coincidence_id,measured_coincidence_size,measurement_scope,cluster_window_half_width_Hz,cluster_window_fallback,span_Hz,rbw_Hz,vbw_Hz,avg_sweeps,marker_mode_global,marker_mode_effective,error
0,92,93,21000000000.0,7880000000.0,21000000000.0,7880000000.0,lo+if,desired,1,1,1,1*LO + 1*IF,28880000000.0,28880000000.0,28880000000.0,0.0,0.0,-24.951905012287696,0.0,0,-1,1,-1,1,-1,1,single,0.0,0,1000.0,10.0,,10,auto,peak,
0,92,93,21000000000.0,7880000000.0,21000000000.0,7880000000.0,lo+if,spur,2,2,-1,2*LO - 2*IF,26240000000.0,26240000000.0,26240000000.0,0.0,0.0,-78.7874130276238,-53.8355080153361,0,-1,1,-1,1,-1,1,single,0.0,0,1000.0,10.0,,10,auto,peak,
0,92,93,21000000000.0,7880000000.0,21000000000.0,7880000000.0,lo+if,spur,3,4,-1,3*LO - 4*IF,31480000000.0,31480000000.0,31480000045.0,45.0,45.0,-130.60713620788297,-105.65523119559528,1,-1,1,-1,1,-1,1,single,0.0,0,1000.0,10.0,,10,auto,peak,
0,92,93,21000000000.0,7880000000.0,21000000000.0,7880000000.0,lo+if,IF_harmonic,0,4,1,0*LO + 4*IF,31520000000.0,31520000000.0,31520000000.0,0.0,0.0,-116.97723699591194,-92.02533198362424,0,-1,1,-1,1,-1,1,single,0.0,0,1000.0,10.0,,10,auto,peak,
0,92,93,21000000000.0,7880000000.0,21000000000.0,7880000000.0,lo+if,spur,2,1,-1,2*LO - 1*IF,34120000000.0,34120000000.0,34120000000.0,0.0,0.0,-54.33491463785966,-29.383009625571965,0,-1,1,-1,1,-1,1,single,0.0,0,1000.0,10.0,,10,auto,peak,
