lo_index,if_index,point_index,lo_set_Hz,if_set_Hz,lo_model_Hz,if_model_Hz,mode,kind,m,n,sign,expression,expected_freq_Hz,expected_corr_freq_Hz,measured_freq_Hz,freq_error_Hz,freq_error_corr_Hz,power_dBm,rel_dBc_vs_desired,noise_limited,cluster_id,cluster_size,analytic_coincidence_id,analytic_coincidence_size,measured_coincidence_id,measured_coincidence_size,measurement_scope,cluster_window_half_width_Hz,cluster_window_fallback,span_Hz,rbw_Hz,vbw_Hz,avg_sweeps,marker_mode_global,marker_mode_effective,error
0,88,89,21000000000.0,7820000000.0,21000000000.0,7820000000.0,lo+if,desired,1,1,1,1*LO + 1*IF,28820000000.0,28820000000.0,28820000000.0,0.0,0.0,-25.051548601185782,0.0,0,-1,1,-1,1,-1,1,single,0.0,0,1000.0,10.0,,10,auto,peak,
0,88,89,21000000000.0,7820000000.0,21000000000.0,7820000000.0,lo+if,spur,2,2,-1,2*LO - 2*IF,26360000000.0,26360000000.0,26360000000.0,0.0,0.0,-80.73103461811945,-55.679486016933666,0,-1,1,-1,1,-1,1,single,0.0,0,1000.0,10.0,,10,auto,peak,
0,88,89,21000000000.0,7820000000.0,21000000000.0,7820000000.0,lo+if,IF_harmonic,0,4,1,0*LO + 4*IF,31280000000.0,31280000000.0,31280000000.0,0.0,0.0,-121.53613849163682,-96.48458989045103,1,-1,1,-1,1,-1,1,single,0.0,0,1000.0,10.0,,10,auto,peak,
0,88,89,21000000000.0,7820000000.0,21000000000.0,7820000000.0,lo+if,spur,3,4,-1,3*LO - 4*IF,31720000000.0,31720000000.0,31720000072.9,72.9000015258789,72.9000015258789,-130.84385063332095,-105.79230203213517,1,-1,1,-1,1,-1,1,single,0.0,0,1000.0,10.0,,10,auto,peak,
0,88,89,21000000000.0,7820000000.0,21000000000.0,7820000000.0,lo+if,spur,2,1,-1,2*LO - 1*IF,34180000000.0,34180000000.0,34180000000.0,0.0,0.0,-53.791369839175964,-28.73982123799018,0,-1,1,-1,1,-1,1,single,0.0,0,1000.0,10.0,,10,auto,peak,
