lo_index,if_index,point_index,lo_set_Hz,if_set_Hz,lo_model_Hz,if_model_Hz,mode,kind,m,n,sign,expression,expected_freq_Hz,expected_corr_freq_Hz,measured_freq_Hz,freq_error_Hz,freq_error_corr_Hz,power_dBm,rel_dBc_vs_desired,noise_limited,cluster_id,cluster_size,analytic_coincidence_id,analytic_coincidence_size,measured_coincidence_id,measured_coincidence_size,measurement_scope,cluster_window_half_width_Hz,cluster_window_fallback,span_Hz,rbw_Hz,vbw_Hz,avg_sweeps,marker_mode_global,marker_mode_effective,error
0,90,91,21000000000.0,7850000000.0,21000000000.0,7850000000.0,lo+if,desired,1,1,1,1*LO + 1*IF,28850000000.0,28850000000.0,28850000000.0,0.0,0.0,-25.020101715023802,0.0,0,-1,1,-1,1,-1,1,single,0.0,0,1000.0,10.0,,10,auto,peak,
0,90,91,21000000000.0,7850000000.0,21000000000.0,7850000000.0,lo+if,spur,2,2,-1,2*LO - 2*IF,26300000000.0,26300000000.0,26300000000.0,0.0,0.0,-79.15780893258953,-54.13770721756573,0,-1,1,-1,1,-1,1,single,0.0,0,1000.0,10.0,,10,auto,peak,
0,90,91,21000000000.0,7850000000.0,21000000000.0,7850000000.0,lo+if,IF_harmonic,0,4,1,0*LO + 4*IF,31400000000.0,31400000000.0,31400000000.0,0.0,0.0,-118.57897968426967,-93.55887796924587,0,-1,1,-1,1,-1,1,single,0.0,0,1000.0,10.0,,10,auto,peak,
0,90,91,21000000000.0,7850000000.0,21000000000.0,7850000000.0,lo+if,spur,3,4,-1,3*LO - 4*IF,31600000000.0,31600000000.0,31600000234.8,234.79999923706055,234.79999923706055,-131.2731459485932,-106.2530442335694,1,-1,1,-1,1,-1,1,single,0.0,0,1000.0,10.0,,10,auto,peak,
0,90,91,21000000000.0,7850000000.0,21000000000.0,7850000000.0,lo+if,spur,2,1,-1,2*LO - 1*IF,34150000000.0,34150000000.0,34150000000.0,0.0,0.0,-54.03810567104842,-29.018003956024618,0,-1,1,-1,1,-1,1,single,0.0,0,1000.0,10.0,,10,auto,peak,
