lo_index,if_index,point_index,lo_set_Hz,if_set_Hz,lo_model_Hz,if_model_Hz,mode,kind,m,n,sign,expression,expected_freq_Hz,expected_corr_freq_Hz,measured_freq_Hz,freq_error_Hz,freq_error_corr_Hz,power_dBm,rel_dBc_vs_desired,noise_limited,cluster_id,cluster_size,analytic_coincidence_id,analytic_coincidence_size,measured_coincidence_id,measured_coincidence_size,measurement_scope,cluster_window_half_width_Hz,cluster_window_fallback,span_Hz,rbw_Hz,vbw_Hz,avg_sweeps,marker_mode_global,marker_mode_effective,error
0,27,28,21000000000.0,6905000000.0,21000000000.0,6905000000.0,lo+if,desired,1,1,1,1*LO + 1*IF,27905000000.0,27905000000.0,27905000000.0,0.0,0.0,-23.623308550789325,0.0,0,-1,1,-1,1,-1,1,single,0.0,0,1000.0,10.0,,10,auto,peak,
0,27,28,21000000000.0,6905000000.0,21000000000.0,6905000000.0,lo+if,IF_harmonic,0,4,1,0*LO + 4*IF,27620000000.0,27620000000.0,27620000000.0,0.0,0.0,-106.02358897817005,-82.40028042738072,0,-1,1,-1,1,-1,1,single,0.0,0,1000.0,10.0,,10,auto,peak,
0,27,28,21000000000.0,6905000000.0,21000000000.0,6905000000.0,lo+if,spur,2,2,-1,2*LO - 2*IF,28190000000.0,28190000000.0,28190000000.0,0.0,0.0,-79.80000263404641,-56.17669408325708,0,-1,1,-1,1,-1,1,single,0.0,0,1000.0,10.0,,10,auto,peak,
0,27,28,21000000000.0,6905000000.0,21000000000.0,6905000000.0,lo+if,spur,3,5,-1,3*LO - 5*IF,28475000000.0,28475000000.0,28474999663.3,-336.70000076293945,-336.70000076293945,-131.38571880872564,-107.76241025793632,1,-1,1,-1,1,-1,1,single,0.0,0,1000.0,10.0,,10,auto,peak,
0,27,28,21000000000.0,6905000000.0,21000000000.0,6905000000.0,lo+if,IF_harmonic,0,5,1,0*LO + 5*IF,34525000000.0,34525000000.0,34524999712.3,-287.6999969482422,-287.6999969482422,-129.3790023269955,-105.75569377620619,1,-1,1,-1,1,-1,1,single,0.0,0,1000.0,10.0,,10,auto,peak,
0,27,28,21000000000.0,6905000000.0,21000000000.0,6905000000.0,lo+if,spur,1,2,1,1*LO + 2*IF,34810000000.0,34810000000.0,34810000000.0,0.0,0.0,-91.32550220971044,-67.70219365892112,0,-1,1,-1,1,-1,1,single,0.0,0,1000.0,10.0,,10,auto,peak,
