lo_index,if_index,point_index,lo_set_Hz,if_set_Hz,lo_model_Hz,if_model_Hz,mode,kind,m,n,sign,expression,expected_freq_Hz,expected_corr_freq_Hz,measured_freq_Hz,freq_error_Hz,freq_error_corr_Hz,power_dBm,rel_dBc_vs_desired,noise_limited,cluster_id,cluster_size,analytic_coincidence_id,analytic_coincidence_size,measured_coincidence_id,measured_coincidence_size,measurement_scope,cluster_window_half_width_Hz,cluster_window_fallback,span_Hz,rbw_Hz,vbw_Hz,avg_sweeps,marker_mode_global,marker_mode_effective,error
0,69,70,21000000000.0,7535000000.0,21000000000.0,7535000000.0,lo+if,desired,1,1,1,1*LO + 1*IF,28535000000.0,28535000000.0,28535000000.0,0.0,0.0,-25.175215159598405,0.0,0,-1,1,-1,1,-1,1,single,0.0,0,1000.0,10.0,,10,auto,peak,
0,69,70,21000000000.0,7535000000.0,21000000000.0,7535000000.0,lo+if,spur,3,5,-1,3*LO - 5*IF,25325000000.0,25325000000.0,25325000285.7,285.70000076293945,285.70000076293945,-130.65408965959057,-105.47887449999216,1,-1,1,-1,1,-1,1,single,0.0,0,1000.0,10.0,,10,auto,peak,
0,69,70,21000000000.0,7535000000.0,21000000000.0,7535000000.0,lo+if,spur,2,2,-1,2*LO - 2*IF,26930000000.0,26930000000.0,26930000000.0,0.0,0.0,-82.00953603304207,-56.83432087344366,0,-1,1,-1,1,-1,1,single,0.0,0,1000.0,10.0,,10,auto,peak,
0,69,70,21000000000.0,7535000000.0,21000000000.0,7535000000.0,lo+if,IF_harmonic,0,4,1,0*LO + 4*IF,30140000000.0,30140000000.0,30140000002.0,2.0,2.0,-125.78201011633212,-100.60679495673371,1,-1,1,-1,1,-1,1,single,0.0,0,1000.0,10.0,,10,auto,peak,
0,69,70,21000000000.0,7535000000.0,21000000000.0,7535000000.0,lo+if,spur,3,4,-1,3*LO - 4*IF,32860000000.0,32860000000.0,32860000272.7,272.70000076293945,272.70000076293945,-131.7194646929619,-106.5442495333635,1,-1,1,-1,1,-1,1,single,0.0,0,1000.0,10.0,,10,auto,peak,
0,69,70,21000000000.0,7535000000.0,21000000000.0,7535000000.0,lo+if,spur,2,1,-1,2*LO - 1*IF,34465000000.0,34465000000.0,34465000000.0,0.0,0.0,-57.92309408791049,-32.74787892831209,0,-1,1,-1,1,-1,1,single,0.0,0,1000.0,10.0,,10,auto,peak,
