lo_index,if_index,point_index,lo_set_Hz,if_set_Hz,lo_model_Hz,if_model_Hz,mode,kind,m,n,sign,expression,expected_freq_Hz,expected_corr_freq_Hz,measured_freq_Hz,freq_error_Hz,freq_error_corr_Hz,power_dBm,rel_dBc_vs_desired,noise_limited,cluster_id,cluster_size,analytic_coincidence_id,analytic_coincidence_size,measured_coincidence_id,measured_coincidence_size,measurement_scope,cluster_window_half_width_Hz,cluster_window_fallback,span_Hz,rbw_Hz,vbw_Hz,avg_sweeps,marker_mode_global,marker_mode_effective,error
0,8,9,21000000000.0,6620000000.0,21000000000.0,6620000000.0,lo+if,desired,1,1,1,1*LO + 1*IF,27620000000.0,27620000000.0,27620000000.0,0.0,0.0,-23.971304135344425,0.0,0,-1,1,-1,1,-1,1,single,0.0,0,1000.0,10.0,,10,auto,peak,
0,8,9,21000000000.0,6620000000.0,21000000000.0,6620000000.0,lo+if,IF_harmonic,0,4,1,0*LO + 4*IF,26480000000.0,26480000000.0,26480000000.0,0.0,0.0,-113.69439329854096,-89.72308916319653,0,-1,1,-1,1,-1,1,single,0.0,0,1000.0,10.0,,10,auto,peak,
0,8,9,21000000000.0,6620000000.0,21000000000.0,6620000000.0,lo+if,spur,2,2,-1,2*LO - 2*IF,28760000000.0,28760000000.0,28760000000.0,0.0,0.0,-81.21575336332434,-57.24444922797991,0,-1,1,-1,1,-1,1,single,0.0,0,1000.0,10.0,,10,auto,peak,
0,8,9,21000000000.0,6620000000.0,21000000000.0,6620000000.0,lo+if,spur,3,5,-1,3*LO - 5*IF,29900000000.0,29900000000.0,29900000323.7,323.70000076293945,323.70000076293945,-133.15330903898223,-109.1820049036378,1,-1,1,-1,1,-1,1,single,0.0,0,1000.0,10.0,,10,auto,peak,
0,8,9,21000000000.0,6620000000.0,21000000000.0,6620000000.0,lo+if,IF_harmonic,0,5,1,0*LO + 5*IF,33100000000.0,33100000000.0,33100000319.7,319.70000076293945,319.70000076293945,-131.56031634456855,-107.58901220922412,1,-1,1,-1,1,-1,1,single,0.0,0,1000.0,10.0,,10,auto,peak,
0,8,9,21000000000.0,6620000000.0,21000000000.0,6620000000.0,lo+if,spur,1,2,1,1*LO + 2*IF,34240000000.0,34240000000.0,34240000000.0,0.0,0.0,-88.84239318960745,-64.87108905426302,0,-1,1,-1,1,-1,1,single,0.0,0,1000.0,10.0,,10,auto,peak,
