lo_index,if_index,point_index,lo_set_Hz,if_set_Hz,lo_model_Hz,if_model_Hz,mode,kind,m,n,sign,expression,expected_freq_Hz,expected_corr_freq_Hz,measured_freq_Hz,freq_error_Hz,freq_error_corr_Hz,power_dBm,rel_dBc_vs_desired,noise_limited,cluster_id,cluster_size,analytic_coincidence_id,analytic_coincidence_size,measured_coincidence_id,measured_coincidence_size,measurement_scope,cluster_window_half_width_Hz,cluster_window_fallback,span_Hz,rbw_Hz,vbw_Hz,avg_sweeps,marker_mode_global,marker_mode_effective,error
0,71,72,21000000000.0,7565000000.0,21000000000.0,7565000000.0,lo+if,desired,1,1,1,1*LO + 1*IF,28565000000.0,28565000000.0,28565000000.0,0.0,0.0,-25.210713658897546,0.0,0,-1,1,-1,1,-1,1,single,0.0,0,1000.0,10.0,,10,auto,peak,
0,71,72,21000000000.0,7565000000.0,21000000000.0,7565000000.0,lo+if,spur,3,5,-1,3*LO - 5*IF,25175000000.0,25175000000.0,25174999713.3,-286.70000076293945,-286.70000076293945,-129.7169286700386,-104.50621501114107,1,-1,1,-1,1,-1,1,single,0.0,0,1000.0,10.0,,10,auto,peak,
0,71,72,21000000000.0,7565000000.0,21000000000.0,7565000000.0,lo+if,spur,2,2,-1,2*LO - 2*IF,26870000000.0,26870000000.0,26870000000.0,0.0,0.0,-81.32826446690933,-56.117550808011785,0,-1,1,-1,1,-1,1,single,0.0,0,1000.0,10.0,,10,auto,peak,
0,71,72,21000000000.0,7565000000.0,21000000000.0,7565000000.0,lo+if,IF_harmonic,0,4,1,0*LO + 4*IF,30260000000.0,30260000000.0,30260000000.0,0.0,0.0,-122.75349163128388,-97.54277797238633,1,-1,1,-1,1,-1,1,single,0.0,0,1000.0,10.0,,10,auto,peak,
0,71,72,21000000000.0,7565000000.0,21000000000.0,7565000000.0,lo+if,spur,3,4,-1,3*LO - 4*IF,32740000000.0,32740000000.0,32739999543.5,-456.5,-456.5,-131.2876786756013,-106.07696501670377,1,-1,1,-1,1,-1,1,single,0.0,0,1000.0,10.0,,10,auto,peak,
0,71,72,21000000000.0,7565000000.0,21000000000.0,7565000000.0,lo+if,spur,2,1,-1,2*LO - 1*IF,34435000000.0,34435000000.0,34435000000.0,0.0,0.0,-55.813742023340296,-30.60302836444275,0,-1,1,-1,1,-1,1,single,0.0,0,1000.0,10.0,,10,auto,peak,
