lo_index,if_index,point_index,lo_set_Hz,if_set_Hz,lo_model_Hz,if_model_Hz,mode,kind,m,n,sign,expression,expected_freq_Hz,expected_corr_freq_Hz,measured_freq_Hz,freq_error_Hz,freq_error_corr_Hz,power_dBm,rel_dBc_vs_desired,noise_limited,cluster_id,cluster_size,analytic_coincidence_id,analytic_coincidence_size,measured_coincidence_id,measured_coincidence_size,measurement_scope,cluster_window_half_width_Hz,cluster_window_fallback,span_Hz,rbw_Hz,vbw_Hz,avg_sweeps,marker_mode_global,marker_mode_effective,error
0,89,90,21000000000.0,7835000000.0,21000000000.0,7835000000.0,lo+if,desired,1,1,1,1*LO + 1*IF,28835000000.0,28835000000.0,28835000000.0,0.0,0.0,-25.023878797556982,0.0,0,-1,1,-1,1,-1,1,single,0.0,0,1000.0,10.0,,10,auto,peak,
0,89,90,21000000000.0,7835000000.0,21000000000.0,7835000000.0,lo+if,spur,2,2,-1,2*LO - 2*IF,26330000000.0,26330000000.0,26330000000.0,0.0,0.0,-79.38881041685599,-54.36493161929901,0,-1,1,-1,1,-1,1,single,0.0,0,1000.0,10.0,,10,auto,peak,
0,89,90,21000000000.0,7835000000.0,21000000000.0,7835000000.0,lo+if,IF_harmonic,0,4,1,0*LO + 4*IF,31340000000.0,31340000000.0,31340000000.0,0.0,0.0,-120.04218316405569,-95.01830436649871,1,-1,1,-1,1,-1,1,single,0.0,0,1000.0,10.0,,10,auto,peak,
0,89,90,21000000000.0,7835000000.0,21000000000.0,7835000000.0,lo+if,spur,3,4,-1,3*LO - 4*IF,31660000000.0,31660000000.0,31660000406.6,406.5999984741211,406.5999984741211,-131.2206162356035,-106.19673743804651,1,-1,1,-1,1,-1,1,single,0.0,0,1000.0,10.0,,10,auto,peak,
0,89,90,21000000000.0,7835000000.0,21000000000.0,7835000000.0,lo+if,spur,2,1,-1,2*LO - 1*IF,34165000000.0,34165000000.0,34165000000.0,0.0,0.0,-53.75762761390254,-28.73374881634556,0,-1,1,-1,1,-1,1,single,0.0,0,1000.0,10.0,,10,auto,peak,
