lo_index,if_index,point_index,lo_set_Hz,if_set_Hz,lo_model_Hz,if_model_Hz,mode,kind,m,n,sign,expression,expected_freq_Hz,expected_corr_freq_Hz,measured_freq_Hz,freq_error_Hz,freq_error_corr_Hz,power_dBm,rel_dBc_vs_desired,noise_limited,cluster_id,cluster_size,analytic_coincidence_id,analytic_coincidence_size,measured_coincidence_id,measured_coincidence_size,measurement_scope,cluster_window_half_width_Hz,cluster_window_fallback,span_Hz,rbw_Hz,vbw_Hz,avg_sweeps,marker_mode_global,marker_mode_effective,error
0,25,26,21000000000.0,6875000000.0,21000000000.0,6875000000.0,lo+if,desired,1,1,1,1*LO + 1*IF,27875000000.0,27875000000.0,27875000000.0,0.0,0.0,-24.06386690434887,0.0,0,-1,1,-1,1,-1,1,single,0.0,0,1000.0,10.0,,10,auto,peak,
0,25,26,21000000000.0,6875000000.0,21000000000.0,6875000000.0,lo+if,IF_harmonic,0,4,1,0*LO + 4*IF,27500000000.0,27500000000.0,27500000000.0,0.0,0.0,-106.04539404905478,-81.98152714470591,0,-1,1,-1,1,-1,1,single,0.0,0,1000.0,10.0,,10,auto,peak,
0,25,26,21000000000.0,6875000000.0,21000000000.0,6875000000.0,lo+if,spur,2,2,-1,2*LO - 2*IF,28250000000.0,28250000000.0,28250000000.0,0.0,0.0,-80.08124140768628,-56.01737450333741,0,-1,1,-1,1,-1,1,single,0.0,0,1000.0,10.0,,10,auto,peak,
0,25,26,21000000000.0,6875000000.0,21000000000.0,6875000000.0,lo+if,spur,3,5,-1,3*LO - 5*IF,28625000000.0,28625000000.0,28624999742.3,-257.70000076293945,-257.70000076293945,-130.89294949593148,-106.8290825915826,1,-1,1,-1,1,-1,1,single,0.0,0,1000.0,10.0,,10,auto,peak,
0,25,26,21000000000.0,6875000000.0,21000000000.0,6875000000.0,lo+if,IF_harmonic,0,5,1,0*LO + 5*IF,34375000000.0,34375000000.0,34374999524.5,-475.5,-475.5,-130.6373832271048,-106.57351632275594,1,-1,1,-1,1,-1,1,single,0.0,0,1000.0,10.0,,10,auto,peak,
0,25,26,21000000000.0,6875000000.0,21000000000.0,6875000000.0,lo+if,spur,1,2,1,1*LO + 2*IF,34750000000.0,34750000000.0,34750000000.0,0.0,0.0,-93.77414129359353,-69.71027438924466,0,-1,1,-1,1,-1,1,single,0.0,0,1000.0,10.0,,10,auto,peak,
