lo_index,if_index,point_index,lo_set_Hz,if_set_Hz,lo_model_Hz,if_model_Hz,mode,kind,m,n,sign,expression,expected_freq_Hz,expected_corr_freq_Hz,measured_freq_Hz,freq_error_Hz,freq_error_corr_Hz,power_dBm,rel_dBc_vs_desired,noise_limited,cluster_id,cluster_size,analytic_coincidence_id,analytic_coincidence_size,measured_coincidence_id,measured_coincidence_size,measurement_scope,cluster_window_half_width_Hz,cluster_window_fallback,span_Hz,rbw_Hz,vbw_Hz,avg_sweeps,marker_mode_global,marker_mode_effective,error
0,22,23,21000000000.0,6830000000.0,21000000000.0,6830000000.0,lo+if,desired,1,1,1,1*LO + 1*IF,27830000000.0,27830000000.0,27830000000.0,0.0,0.0,-24.87721177901511,0.0,0,-1,1,-1,1,-1,1,single,0.0,0,1000.0,10.0,,10,auto,peak,
0,22,23,21000000000.0,6830000000.0,21000000000.0,6830000000.0,lo+if,IF_harmonic,0,4,1,0*LO + 4*IF,27320000000.0,27320000000.0,27320000000.0,0.0,0.0,-104.48417094059818,-79.60695916158306,0,-1,1,-1,1,-1,1,single,0.0,0,1000.0,10.0,,10,auto,peak,
0,22,23,21000000000.0,6830000000.0,21000000000.0,6830000000.0,lo+if,spur,2,2,-1,2*LO - 2*IF,28340000000.0,28340000000.0,28340000000.0,0.0,0.0,-82.05645790308421,-57.179246124069095,0,-1,1,-1,1,-1,1,single,0.0,0,1000.0,10.0,,10,auto,peak,
0,22,23,21000000000.0,6830000000.0,21000000000.0,6830000000.0,lo+if,spur,3,5,-1,3*LO - 5*IF,28850000000.0,28850000000.0,28849999747.3,-252.70000076293945,-252.70000076293945,-131.86458886830505,-106.98737708928994,1,-1,1,-1,1,-1,1,single,0.0,0,1000.0,10.0,,10,auto,peak,
0,22,23,21000000000.0,6830000000.0,21000000000.0,6830000000.0,lo+if,IF_harmonic,0,5,1,0*LO + 5*IF,34150000000.0,34150000000.0,34150000327.7,327.70000076293945,327.70000076293945,-127.89429281445769,-103.01708103544257,1,-1,1,-1,1,-1,1,single,0.0,0,1000.0,10.0,,10,auto,peak,
0,22,23,21000000000.0,6830000000.0,21000000000.0,6830000000.0,lo+if,spur,1,2,1,1*LO + 2*IF,34660000000.0,34660000000.0,34660000000.0,0.0,0.0,-91.056282031703,-66.1790702526879,0,-1,1,-1,1,-1,1,single,0.0,0,1000.0,10.0,,10,auto,peak,
