lo_index,if_index,point_index,lo_set_Hz,if_set_Hz,lo_model_Hz,if_model_Hz,mode,kind,m,n,sign,expression,expected_freq_Hz,expected_corr_freq_Hz,measured_freq_Hz,freq_error_Hz,freq_error_corr_Hz,power_dBm,rel_dBc_vs_desired,noise_limited,cluster_id,cluster_size,analytic_coincidence_id,analytic_coincidence_size,measured_coincidence_id,measured_coincidence_size,measurement_scope,cluster_window_half_width_Hz,cluster_window_fallback,span_Hz,rbw_Hz,vbw_Hz,avg_sweeps,marker_mode_global,marker_mode_effective,error
0,24,25,21000000000.0,6860000000.0,21000000000.0,6860000000.0,lo+if,desired,1,1,1,1*LO + 1*IF,27860000000.0,27860000000.0,27860000000.0,0.0,0.0,-24.31144754176077,0.0,0,-1,1,-1,1,-1,1,single,0.0,0,1000.0,10.0,,10,auto,peak,
0,24,25,21000000000.0,6860000000.0,21000000000.0,6860000000.0,lo+if,IF_harmonic,0,4,1,0*LO + 4*IF,27440000000.0,27440000000.0,27440000000.0,0.0,0.0,-105.05162116332967,-80.7401736215689,0,-1,1,-1,1,-1,1,single,0.0,0,1000.0,10.0,,10,auto,peak,
0,24,25,21000000000.0,6860000000.0,21000000000.0,6860000000.0,lo+if,spur,2,2,-1,2*LO - 2*IF,28280000000.0,28280000000.0,28280000000.0,0.0,0.0,-80.69035390882638,-56.37890636706561,0,-1,1,-1,1,-1,1,single,0.0,0,1000.0,10.0,,10,auto,peak,
0,24,25,21000000000.0,6860000000.0,21000000000.0,6860000000.0,lo+if,spur,3,5,-1,3*LO - 5*IF,28700000000.0,28700000000.0,28699999858.1,-141.9000015258789,-141.9000015258789,-131.01347326782633,-106.70202572606556,1,-1,1,-1,1,-1,1,single,0.0,0,1000.0,10.0,,10,auto,peak,
0,24,25,21000000000.0,6860000000.0,21000000000.0,6860000000.0,lo+if,IF_harmonic,0,5,1,0*LO + 5*IF,34300000000.0,34300000000.0,34299999911.1,-88.9000015258789,-88.9000015258789,-129.93091301385755,-105.61946547209678,1,-1,1,-1,1,-1,1,single,0.0,0,1000.0,10.0,,10,auto,peak,
0,24,25,21000000000.0,6860000000.0,21000000000.0,6860000000.0,lo+if,spur,1,2,1,1*LO + 2*IF,34720000000.0,34720000000.0,34720000000.0,0.0,0.0,-93.29597783246285,-68.98453029070208,0,-1,1,-1,1,-1,1,single,0.0,0,1000.0,10.0,,10,auto,peak,
