lo_index,if_index,point_index,lo_set_Hz,if_set_Hz,lo_model_Hz,if_model_Hz,mode,kind,m,n,sign,expression,expected_freq_Hz,expected_corr_freq_Hz,measured_freq_Hz,freq_error_Hz,freq_error_corr_Hz,power_dBm,rel_dBc_vs_desired,noise_limited,cluster_id,cluster_size,analytic_coincidence_id,analytic_coincidence_size,measured_coincidence_id,measured_coincidence_size,measurement_scope,cluster_window_half_width_Hz,cluster_window_fallback,span_Hz,rbw_Hz,vbw_Hz,avg_sweeps,marker_mode_global,marker_mode_effective,error
0,13,14,21000000000.0,6695000000.0,21000000000.0,6695000000.0,lo+if,desired,1,1,1,1*LO + 1*IF,27695000000.0,27695000000.0,27695000000.0,0.0,0.0,-23.803708793919974,0.0,0,-1,1,-1,1,-1,1,single,0.0,0,1000.0,10.0,,10,auto,peak,
0,13,14,21000000000.0,6695000000.0,21000000000.0,6695000000.0,lo+if,IF_harmonic,0,4,1,0*LO + 4*IF,26780000000.0,26780000000.0,26780000000.0,0.0,0.0,-119.69690341401984,-95.89319462009988,0,-1,1,-1,1,-1,1,single,0.0,0,1000.0,10.0,,10,auto,peak,
0,13,14,21000000000.0,6695000000.0,21000000000.0,6695000000.0,lo+if,spur,2,2,-1,2*LO - 2*IF,28610000000.0,28610000000.0,28610000000.0,0.0,0.0,-80.4986244918411,-56.694915697921125,0,-1,1,-1,1,-1,1,single,0.0,0,1000.0,10.0,,10,auto,peak,
0,13,14,21000000000.0,6695000000.0,21000000000.0,6695000000.0,lo+if,spur,3,5,-1,3*LO - 5*IF,29525000000.0,29525000000.0,29524999820.2,-179.79999923706055,-179.79999923706055,-131.81812495895107,-108.0144161650311,1,-1,1,-1,1,-1,1,single,0.0,0,1000.0,10.0,,10,auto,peak,
0,13,14,21000000000.0,6695000000.0,21000000000.0,6695000000.0,lo+if,IF_harmonic,0,5,1,0*LO + 5*IF,33475000000.0,33475000000.0,33475000000.0,0.0,0.0,-127.98068022022031,-104.17697142630033,1,-1,1,-1,1,-1,1,single,0.0,0,1000.0,10.0,,10,auto,peak,
0,13,14,21000000000.0,6695000000.0,21000000000.0,6695000000.0,lo+if,spur,1,2,1,1*LO + 2*IF,34390000000.0,34390000000.0,34390000000.0,0.0,0.0,-91.13044214776016,-67.32673335384018,0,-1,1,-1,1,-1,1,single,0.0,0,1000.0,10.0,,10,auto,peak,
