lo_index,if_index,point_index,lo_set_Hz,if_set_Hz,lo_model_Hz,if_model_Hz,mode,kind,m,n,sign,expression,expected_freq_Hz,expected_corr_freq_Hz,measured_freq_Hz,freq_error_Hz,freq_error_corr_Hz,power_dBm,rel_dBc_vs_desired,noise_limited,cluster_id,cluster_size,analytic_coincidence_id,analytic_coincidence_size,measured_coincidence_id,measured_coincidence_size,measurement_scope,cluster_window_half_width_Hz,cluster_window_fallback,span_Hz,rbw_Hz,vbw_Hz,avg_sweeps,marker_mode_global,marker_mode_effective,error
0,28,29,21000000000.0,6920000000.0,21000000000.0,6920000000.0,lo+if,desired,1,1,1,1*LO + 1*IF,27920000000.0,27920000000.0,27920000000.0,0.0,0.0,-23.501817003803154,0.0,0,-1,1,-1,1,-1,1,single,0.0,0,1000.0,10.0,,10,auto,peak,
0,28,29,21000000000.0,6920000000.0,21000000000.0,6920000000.0,lo+if,IF_harmonic,0,4,1,0*LO + 4*IF,27680000000.0,27680000000.0,27680000000.0,0.0,0.0,-105.30430018812446,-81.8024831843213,0,-1,1,-1,1,-1,1,single,0.0,0,1000.0,10.0,,10,auto,peak,
0,28,29,21000000000.0,6920000000.0,21000000000.0,6920000000.0,lo+if,spur,2,2,-1,2*LO - 2*IF,28160000000.0,28160000000.0,28160000000.0,0.0,0.0,-79.90306347550968,-56.40124647170653,0,-1,1,-1,1,-1,1,single,0.0,0,1000.0,10.0,,10,auto,peak,
0,28,29,21000000000.0,6920000000.0,21000000000.0,6920000000.0,lo+if,spur,3,5,-1,3*LO - 5*IF,28400000000.0,28400000000.0,28399999998.0,-2.0,-2.0,-131.73161868302833,-108.22980167922518,1,-1,1,-1,1,-1,1,single,0.0,0,1000.0,10.0,,10,auto,peak,
0,28,29,21000000000.0,6920000000.0,21000000000.0,6920000000.0,lo+if,IF_harmonic,0,5,1,0*LO + 5*IF,34600000000.0,34600000000.0,34599999518.5,-481.5,-481.5,-128.6460696046696,-105.14425260086645,1,-1,1,-1,1,-1,1,single,0.0,0,1000.0,10.0,,10,auto,peak,
0,28,29,21000000000.0,6920000000.0,21000000000.0,6920000000.0,lo+if,spur,1,2,1,1*LO + 2*IF,34840000000.0,34840000000.0,34840000000.0,0.0,0.0,-91.92038380405165,-68.4185668002485,0,-1,1,-1,1,-1,1,single,0.0,0,1000.0,10.0,,10,auto,peak,
