lo_index,if_index,point_index,lo_set_Hz,if_set_Hz,lo_model_Hz,if_model_Hz,mode,kind,m,n,sign,expression,expected_freq_Hz,expected_corr_freq_Hz,measured_freq_Hz,freq_error_Hz,freq_error_corr_Hz,power_dBm,rel_dBc_vs_desired,noise_limited,cluster_id,cluster_size,analytic_coincidence_id,analytic_coincidence_size,measured_coincidence_id,measured_coincidence_size,measurement_scope,cluster_window_half_width_Hz,cluster_window_fallback,span_Hz,rbw_Hz,vbw_Hz,avg_sweeps,marker_mode_global,marker_mode_effective,error
0,3,4,21000000000.0,6545000000.0,21000000000.0,6545000000.0,lo+if,desired,1,1,1,1*LO + 1*IF,27545000000.0,27545000000.0,27545000000.0,0.0,0.0,-25.69621244368106,0.0,0,-1,1,-1,1,-1,1,single,0.0,0,1000.0,10.0,,10,auto,peak,
0,3,4,21000000000.0,6545000000.0,21000000000.0,6545000000.0,lo+if,IF_harmonic,0,4,1,0*LO + 4*IF,26180000000.0,26180000000.0,26180000000.0,0.0,0.0,-107.96032263998254,-82.26411019630147,0,-1,1,-1,1,-1,1,single,0.0,0,1000.0,10.0,,10,auto,peak,
0,3,4,21000000000.0,6545000000.0,21000000000.0,6545000000.0,lo+if,spur,2,2,-1,2*LO - 2*IF,28910000000.0,28910000000.0,28910000000.0,0.0,0.0,-83.90807554221163,-58.21186309853057,0,-1,1,-1,1,-1,1,single,0.0,0,1000.0,10.0,,10,auto,peak,
0,3,4,21000000000.0,6545000000.0,21000000000.0,6545000000.0,lo+if,spur,3,5,-1,3*LO - 5*IF,30275000000.0,30275000000.0,30274999895.1,-104.9000015258789,-104.9000015258789,-131.88857184657036,-106.1923594028893,1,-1,1,-1,1,-1,1,single,0.0,0,1000.0,10.0,,10,auto,peak,
0,3,4,21000000000.0,6545000000.0,21000000000.0,6545000000.0,lo+if,IF_harmonic,0,5,1,0*LO + 5*IF,32725000000.0,32725000000.0,32725000000.0,0.0,0.0,-122.908195264486,-97.21198282080493,1,-1,1,-1,1,-1,1,single,0.0,0,1000.0,10.0,,10,auto,peak,
0,3,4,21000000000.0,6545000000.0,21000000000.0,6545000000.0,lo+if,spur,1,2,1,1*LO + 2*IF,34090000000.0,34090000000.0,34090000000.0,0.0,0.0,-87.51464266353537,-61.81843021985431,0,-1,1,-1,1,-1,1,single,0.0,0,1000.0,10.0,,10,auto,peak,
