lo_index,if_index,point_index,lo_set_Hz,if_set_Hz,lo_model_Hz,if_model_Hz,mode,kind,m,n,sign,expression,expected_freq_Hz,expected_corr_freq_Hz,measured_freq_Hz,freq_error_Hz,freq_error_corr_Hz,power_dBm,rel_dBc_vs_desired,noise_limited,cluster_id,cluster_size,analytic_coincidence_id,analytic_coincidence_size,measured_coincidence_id,measured_coincidence_size,measurement_scope,cluster_window_half_width_Hz,cluster_window_fallback,span_Hz,rbw_Hz,vbw_Hz,avg_sweeps,marker_mode_global,marker_mode_effective,error
0,33,34,21000000000.0,6995000000.0,21000000000.0,6995000000.0,lo+if,desired,1,1,1,1*LO + 1*IF,27995000000.0,27995000000.0,27995000000.0,0.0,0.0,-24.603818504029796,0.0,0,-1,1,-1,1,-1,1,single,0.0,0,1000.0,10.0,,10,auto,peak,
0,33,34,21000000000.0,6995000000.0,21000000000.0,6995000000.0,lo+if,IF_harmonic,0,4,1,0*LO + 4*IF,27980000000.0,27980000000.0,27980000000.0,0.0,0.0,-102.9447154118127,-78.3408969077829,0,-1,1,-1,1,-1,1,single,0.0,0,1000.0,10.0,,10,auto,peak,
0,33,34,21000000000.0,6995000000.0,21000000000.0,6995000000.0,lo+if,spur,2,2,-1,2*LO - 2*IF,28010000000.0,28010000000.0,28010000000.0,0.0,0.0,-81.53173466306785,-56.927916159038055,0,-1,1,-1,1,-1,1,single,0.0,0,1000.0,10.0,,10,auto,peak,
0,33,34,21000000000.0,6995000000.0,21000000000.0,6995000000.0,lo+if,spur,3,5,-1,3*LO - 5*IF,28025000000.0,28025000000.0,28025000302.7,302.70000076293945,302.70000076293945,-131.1311972717096,-106.5273787676798,1,-1,1,-1,1,-1,1,single,0.0,0,1000.0,10.0,,10,auto,peak,
0,33,34,21000000000.0,6995000000.0,21000000000.0,6995000000.0,lo+if,IF_harmonic,0,5,1,0*LO + 5*IF,34975000000.0,34975000000.0,34974999744.3,-255.6999969482422,-255.6999969482422,-129.27991224983668,-104.6760937458069,1,-1,1,-1,1,-1,1,single,0.0,0,1000.0,10.0,,10,auto,peak,
0,33,34,21000000000.0,6995000000.0,21000000000.0,6995000000.0,lo+if,spur,1,2,1,1*LO + 2*IF,34990000000.0,34990000000.0,34990000000.0,0.0,0.0,-96.64279763240091,-72.03897912837112,0,-1,1,-1,1,-1,1,single,0.0,0,1000.0,10.0,,10,auto,peak,
