lo_index,if_index,point_index,lo_set_Hz,if_set_Hz,lo_model_Hz,if_model_Hz,mode,kind,m,n,sign,expression,expected_freq_Hz,expected_corr_freq_Hz,measured_freq_Hz,freq_error_Hz,freq_error_corr_Hz,power_dBm,rel_dBc_vs_desired,noise_limited,cluster_id,cluster_size,analytic_coincidence_id,analytic_coincidence_size,measured_coincidence_id,measured_coincidence_size,measurement_scope,cluster_window_half_width_Hz,cluster_window_fallback,span_Hz,rbw_Hz,vbw_Hz,avg_sweeps,marker_mode_global,marker_mode_effective,error
0,60,61,21000000000.0,7400000000.0,21000000000.0,7400000000.0,lo+if,desired,1,1,1,1*LO + 1*IF,28400000000.0,28400000000.0,28400000000.0,0.0,0.0,-24.115026733182464,0.0,0,-1,1,-1,1,-1,1,single,0.0,0,1000.0,10.0,,10,auto,peak,
0,60,61,21000000000.0,7400000000.0,21000000000.0,7400000000.0,lo+if,spur,3,5,-1,3*LO - 5*IF,26000000000.0,26000000000.0,26000000329.7,329.70000076293945,329.70000076293945,-128.5220331891261,-104.40700645594363,1,-1,1,-1,1,-1,1,single,0.0,0,1000.0,10.0,,10,auto,peak,
0,60,61,21000000000.0,7400000000.0,21000000000.0,7400000000.0,lo+if,spur,2,2,-1,2*LO - 2*IF,27200000000.0,27200000000.0,27200000000.0,0.0,0.0,-79.06226016316283,-54.94723342998037,0,-1,1,-1,1,-1,1,single,0.0,0,1000.0,10.0,,10,auto,peak,
0,60,61,21000000000.0,7400000000.0,21000000000.0,7400000000.0,lo+if,IF_harmonic,0,4,1,0*LO + 4*IF,29600000000.0,29600000000.0,29600000000.0,0.0,0.0,-121.88931080854837,-97.77428407536591,1,-1,1,-1,1,-1,1,single,0.0,0,1000.0,10.0,,10,auto,peak,
0,60,61,21000000000.0,7400000000.0,21000000000.0,7400000000.0,lo+if,spur,3,4,-1,3*LO - 4*IF,33400000000.0,33400000000.0,33399999765.2,-234.79999923706055,-234.79999923706055,-130.46580414024194,-106.35077740705948,1,-1,1,-1,1,-1,1,single,0.0,0,1000.0,10.0,,10,auto,peak,
0,60,61,21000000000.0,7400000000.0,21000000000.0,7400000000.0,lo+if,spur,2,1,-1,2*LO - 1*IF,34600000000.0,34600000000.0,34600000000.0,0.0,0.0,-55.570936798403416,-31.45591006522095,0,-1,1,-1,1,-1,1,single,0.0,0,1000.0,10.0,,10,auto,peak,
