lo_index,if_index,point_index,lo_set_Hz,if_set_Hz,lo_model_Hz,if_model_Hz,mode,kind,m,n,sign,expression,expected_freq_Hz,expected_corr_freq_Hz,measured_freq_Hz,freq_error_Hz,freq_error_corr_Hz,power_dBm,rel_dBc_vs_desired,noise_limited,cluster_id,cluster_size,analytic_coincidence_id,analytic_coincidence_size,measured_coincidence_id,measured_coincidence_size,measurement_scope,cluster_window_half_width_Hz,cluster_window_fallback,span_Hz,rbw_Hz,vbw_Hz,avg_sweeps,marker_mode_global,marker_mode_effective,error
0,6,7,21000000000.0,6590000000.0,21000000000.0,6590000000.0,lo+if,desired,1,1,1,1*LO + 1*IF,27590000000.0,27590000000.0,27590000000.0,0.0,0.0,-24.713611978835317,0.0,0,-1,1,-1,1,-1,1,single,0.0,0,1000.0,10.0,,10,auto,peak,
0,6,7,21000000000.0,6590000000.0,21000000000.0,6590000000.0,lo+if,IF_harmonic,0,4,1,0*LO + 4*IF,26360000000.0,26360000000.0,26360000000.0,0.0,0.0,-110.98476647894877,-86.27115450011345,0,-1,1,-1,1,-1,1,single,0.0,0,1000.0,10.0,,10,auto,peak,
0,6,7,21000000000.0,6590000000.0,21000000000.0,6590000000.0,lo+if,spur,2,2,-1,2*LO - 2*IF,28820000000.0,28820000000.0,28820000000.0,0.0,0.0,-82.89583295161817,-58.18222097278286,0,-1,1,-1,1,-1,1,single,0.0,0,1000.0,10.0,,10,auto,peak,
0,6,7,21000000000.0,6590000000.0,21000000000.0,6590000000.0,lo+if,spur,3,5,-1,3*LO - 5*IF,30050000000.0,30050000000.0,30050000392.6,392.5999984741211,392.5999984741211,-132.19987916076695,-107.48626718193164,1,-1,1,-1,1,-1,1,single,0.0,0,1000.0,10.0,,10,auto,peak,
0,6,7,21000000000.0,6590000000.0,21000000000.0,6590000000.0,lo+if,IF_harmonic,0,5,1,0*LO + 5*IF,32950000000.0,32950000000.0,32949999808.2,-191.79999923706055,-191.79999923706055,-130.48828094036028,-105.77466896152497,1,-1,1,-1,1,-1,1,single,0.0,0,1000.0,10.0,,10,auto,peak,
0,6,7,21000000000.0,6590000000.0,21000000000.0,6590000000.0,lo+if,spur,1,2,1,1*LO + 2*IF,34180000000.0,34180000000.0,34180000000.0,0.0,0.0,-87.03622123976282,-62.32260926092751,0,-1,1,-1,1,-1,1,single,0.0,0,1000.0,10.0,,10,auto,peak,
