lo_index,if_index,point_index,lo_set_Hz,if_set_Hz,lo_model_Hz,if_model_Hz,mode,kind,m,n,sign,expression,expected_freq_Hz,expected_corr_freq_Hz,measured_freq_Hz,freq_error_Hz,freq_error_corr_Hz,power_dBm,rel_dBc_vs_desired,noise_limited,cluster_id,cluster_size,analytic_coincidence_id,analytic_coincidence_size,measured_coincidence_id,measured_coincidence_size,measurement_scope,cluster_window_half_width_Hz,cluster_window_fallback,span_Hz,rbw_Hz,vbw_Hz,avg_sweeps,marker_mode_global,marker_mode_effective,error
0,76,77,21000000000.0,7640000000.0,21000000000.0,7640000000.0,lo+if,desired,1,1,1,1*LO + 1*IF,28640000000.0,28640000000.0,28640000000.0,0.0,0.0,-23.61966128694896,0.0,0,-1,1,-1,1,-1,1,single,0.0,0,1000.0,10.0,,10,auto,peak,
0,76,77,21000000000.0,7640000000.0,21000000000.0,7640000000.0,lo+if,spur,2,2,-1,2*LO - 2*IF,26720000000.0,26720000000.0,26720000000.0,0.0,0.0,-79.25140884782006,-55.6317475608711,0,-1,1,-1,1,-1,1,single,0.0,0,1000.0,10.0,,10,auto,peak,
0,76,77,21000000000.0,7640000000.0,21000000000.0,7640000000.0,lo+if,IF_harmonic,0,4,1,0*LO + 4*IF,30560000000.0,30560000000.0,30560000000.0,0.0,0.0,-122.61470447986831,-98.99504319291935,1,-1,1,-1,1,-1,1,single,0.0,0,1000.0,10.0,,10,auto,peak,
0,76,77,21000000000.0,7640000000.0,21000000000.0,7640000000.0,lo+if,spur,3,4,-1,3*LO - 4*IF,32440000000.0,32440000000.0,32440000040.0,40.0,40.0,-131.28812128596255,-107.66845999901358,1,-1,1,-1,1,-1,1,single,0.0,0,1000.0,10.0,,10,auto,peak,
0,76,77,21000000000.0,7640000000.0,21000000000.0,7640000000.0,lo+if,spur,2,1,-1,2*LO - 1*IF,34360000000.0,34360000000.0,34360000000.0,0.0,0.0,-55.870407918943485,-32.250746631994524,0,-1,1,-1,1,-1,1,single,0.0,0,1000.0,10.0,,10,auto,peak,
