lo_index,if_index,point_index,lo_set_Hz,if_set_Hz,lo_model_Hz,if_model_Hz,mode,kind,m,n,sign,expression,expected_freq_Hz,expected_corr_freq_Hz,measured_freq_Hz,freq_error_Hz,freq_error_corr_Hz,power_dBm,rel_dBc_vs_desired,noise_limited,cluster_id,cluster_size,analytic_coincidence_id,analytic_coincidence_size,measured_coincidence_id,measured_coincidence_size,measurement_scope,cluster_window_half_width_Hz,cluster_window_fallback,span_Hz,rbw_Hz,vbw_Hz,avg_sweeps,marker_mode_global,marker_mode_effective,error
0,95,96,21000000000.0,7925000000.0,21000000000.0,7925000000.0,lo+if,desired,1,1,1,1*LO + 1*IF,28925000000.0,28925000000.0,28925000000.0,0.0,0.0,-24.638728760377795,0.0,0,-1,1,-1,1,-1,1,single,0.0,0,1000.0,10.0,,10,auto,peak,
0,95,96,21000000000.0,7925000000.0,21000000000.0,7925000000.0,lo+if,spur,2,2,-1,2*LO - 2*IF,26150000000.0,26150000000.0,26150000000.0,0.0,0.0,-77.96822639864664,-53.32949763826884,0,-1,1,-1,1,-1,1,single,0.0,0,1000.0,10.0,,10,auto,peak,
0,95,96,21000000000.0,7925000000.0,21000000000.0,7925000000.0,lo+if,spur,3,4,-1,3*LO - 4*IF,31300000000.0,31300000000.0,31300000000.0,0.0,0.0,-129.85610037048548,-105.21737161010768,1,-1,1,-1,1,-1,1,single,0.0,0,1000.0,10.0,,10,auto,peak,
0,95,96,21000000000.0,7925000000.0,21000000000.0,7925000000.0,lo+if,IF_harmonic,0,4,1,0*LO + 4*IF,31700000000.0,31700000000.0,31700000000.0,0.0,0.0,-117.98814628442292,-93.34941752404512,0,-1,1,-1,1,-1,1,single,0.0,0,1000.0,10.0,,10,auto,peak,
0,95,96,21000000000.0,7925000000.0,21000000000.0,7925000000.0,lo+if,spur,2,1,-1,2*LO - 1*IF,34075000000.0,34075000000.0,34075000000.0,0.0,0.0,-54.90811146377999,-30.269382703402194,0,-1,1,-1,1,-1,1,single,0.0,0,1000.0,10.0,,10,auto,peak,
