lo_index,if_index,point_index,lo_set_Hz,if_set_Hz,lo_model_Hz,if_model_Hz,mode,kind,m,n,sign,expression,expected_freq_Hz,expected_corr_freq_Hz,measured_freq_Hz,freq_error_Hz,freq_error_corr_Hz,power_dBm,rel_dBc_vs_desired,noise_limited,cluster_id,cluster_size,analytic_coincidence_id,analytic_coincidence_size,measured_coincidence_id,measured_coincidence_size,measurement_scope,cluster_window_half_width_Hz,cluster_window_fallback,span_Hz,rbw_Hz,vbw_Hz,avg_sweeps,marker_mode_global,marker_mode_effective,error
0,46,47,21000000000.0,7190000000.0,21000000000.0,7190000000.0,lo+if,desired,1,1,1,1*LO + 1*IF,28190000000.0,28190000000.0,28190000000.0,0.0,0.0,-24.185702091655266,0.0,0,-1,1,-1,1,-1,1,single,0.0,0,1000.0,10.0,,10,auto,peak,
0,46,47,21000000000.0,7190000000.0,21000000000.0,7190000000.0,lo+if,spur,3,5,-1,3*LO - 5*IF,27050000000.0,27050000000.0,27050000150.8,150.79999923706055,150.79999923706055,-131.65240687775318,-107.46670478609792,1,-1,1,-1,1,-1,1,single,0.0,0,1000.0,10.0,,10,auto,peak,
0,46,47,21000000000.0,7190000000.0,21000000000.0,7190000000.0,lo+if,spur,2,2,-1,2*LO - 2*IF,27620000000.0,27620000000.0,27620000000.0,0.0,0.0,-79.4764764134762,-55.29077432182094,0,-1,1,-1,1,-1,1,single,0.0,0,1000.0,10.0,,10,auto,peak,
0,46,47,21000000000.0,7190000000.0,21000000000.0,7190000000.0,lo+if,IF_harmonic,0,4,1,0*LO + 4*IF,28760000000.0,28760000000.0,28759999999.0,-1.0,-1.0,-124.94851572933435,-100.76281363767907,1,-1,1,-1,1,-1,1,single,0.0,0,1000.0,10.0,,10,auto,peak,
0,46,47,21000000000.0,7190000000.0,21000000000.0,7190000000.0,lo+if,spur,3,4,-1,3*LO - 4*IF,34240000000.0,34240000000.0,34240000001.0,1.0,1.0,-127.43196468532362,-103.24626259366835,1,-1,1,-1,1,-1,1,single,0.0,0,1000.0,10.0,,10,auto,peak,
0,46,47,21000000000.0,7190000000.0,21000000000.0,7190000000.0,lo+if,spur,2,1,-1,2*LO - 1*IF,34810000000.0,34810000000.0,34810000000.0,0.0,0.0,-55.084799796068054,-30.89909770441279,0,-1,1,-1,1,-1,1,single,0.0,0,1000.0,10.0,,10,auto,peak,
