lo_index,if_index,point_index,lo_set_Hz,if_set_Hz,lo_model_Hz,if_model_Hz,mode,kind,m,n,sign,expression,expected_freq_Hz,expected_corr_freq_Hz,measured_freq_Hz,freq_error_Hz,freq_error_corr_Hz,power_dBm,rel_dBc_vs_desired,noise_limited,cluster_id,cluster_size,analytic_coincidence_id,analytic_coincidence_size,measured_coincidence_id,measured_coincidence_size,measurement_scope,cluster_window_half_width_Hz,cluster_window_fallback,span_Hz,rbw_Hz,vbw_Hz,avg_sweeps,marker_mode_global,marker_mode_effective,error
0,21,22,21000000000.0,6815000000.0,21000000000.0,6815000000.0,lo+if,desired,1,1,1,1*LO + 1*IF,27815000000.0,27815000000.0,27815000000.0,0.0,0.0,-25.127684740892406,0.0,0,-1,1,-1,1,-1,1,single,0.0,0,1000.0,10.0,,10,auto,peak,
0,21,22,21000000000.0,6815000000.0,21000000000.0,6815000000.0,lo+if,IF_harmonic,0,4,1,0*LO + 4*IF,27260000000.0,27260000000.0,27260000000.0,0.0,0.0,-102.14158552199505,-77.01390078110265,0,-1,1,-1,1,-1,1,single,0.0,0,1000.0,10.0,,10,auto,peak,
0,21,22,21000000000.0,6815000000.0,21000000000.0,6815000000.0,lo+if,spur,2,2,-1,2*LO - 2*IF,28370000000.0,28370000000.0,28370000000.0,0.0,0.0,-82.57588172644648,-57.44819698555408,0,-1,1,-1,1,-1,1,single,0.0,0,1000.0,10.0,,10,auto,peak,
0,21,22,21000000000.0,6815000000.0,21000000000.0,6815000000.0,lo+if,spur,3,5,-1,3*LO - 5*IF,28925000000.0,28925000000.0,28925000391.6,391.5999984741211,391.5999984741211,-131.9495855775813,-106.8219008366889,1,-1,1,-1,1,-1,1,single,0.0,0,1000.0,10.0,,10,auto,peak,
0,21,22,21000000000.0,6815000000.0,21000000000.0,6815000000.0,lo+if,IF_harmonic,0,5,1,0*LO + 5*IF,34075000000.0,34075000000.0,34075000001.0,1.0,1.0,-126.44115626250706,-101.31347152161466,1,-1,1,-1,1,-1,1,single,0.0,0,1000.0,10.0,,10,auto,peak,
0,21,22,21000000000.0,6815000000.0,21000000000.0,6815000000.0,lo+if,spur,1,2,1,1*LO + 2*IF,34630000000.0,34630000000.0,34630000000.0,0.0,0.0,-91.5334145302078,-66.4057297893154,0,-1,1,-1,1,-1,1,single,0.0,0,1000.0,10.0,,10,auto,peak,
