lo_index,if_index,point_index,lo_set_Hz,if_set_Hz,lo_model_Hz,if_model_Hz,mode,kind,m,n,sign,expression,expected_freq_Hz,expected_corr_freq_Hz,measured_freq_Hz,freq_error_Hz,freq_error_corr_Hz,power_dBm,rel_dBc_vs_desired,noise_limited,cluster_id,cluster_size,analytic_coincidence_id,analytic_coincidence_size,measured_coincidence_id,measured_coincidence_size,measurement_scope,cluster_window_half_width_Hz,cluster_window_fallback,span_Hz,rbw_Hz,vbw_Hz,avg_sweeps,marker_mode_global,marker_mode_effective,error
0,81,82,21000000000.0,7715000000.0,21000000000.0,7715000000.0,lo+if,desired,1,1,1,1*LO + 1*IF,28715000000.0,28715000000.0,28715000000.0,0.0,0.0,-23.85190873237969,0.0,0,-1,1,-1,1,-1,1,single,0.0,0,1000.0,10.0,,10,auto,peak,
0,81,82,21000000000.0,7715000000.0,21000000000.0,7715000000.0,lo+if,spur,2,2,-1,2*LO - 2*IF,26570000000.0,26570000000.0,26570000000.0,0.0,0.0,-79.20779112266945,-55.35588239028976,0,-1,1,-1,1,-1,1,single,0.0,0,1000.0,10.0,,10,auto,peak,
0,81,82,21000000000.0,7715000000.0,21000000000.0,7715000000.0,lo+if,IF_harmonic,0,4,1,0*LO + 4*IF,30860000000.0,30860000000.0,30860000000.0,0.0,0.0,-124.46949950590792,-100.61759077352824,1,-1,1,-1,1,-1,1,single,0.0,0,1000.0,10.0,,10,auto,peak,
0,81,82,21000000000.0,7715000000.0,21000000000.0,7715000000.0,lo+if,spur,3,4,-1,3*LO - 4*IF,32140000000.0,32140000000.0,32140000034.0,34.0,34.0,-131.60758910200602,-107.75568036962633,1,-1,1,-1,1,-1,1,single,0.0,0,1000.0,10.0,,10,auto,peak,
0,81,82,21000000000.0,7715000000.0,21000000000.0,7715000000.0,lo+if,spur,2,1,-1,2*LO - 1*IF,34285000000.0,34285000000.0,34285000000.0,0.0,0.0,-54.516723853642894,-30.664815121263203,0,-1,1,-1,1,-1,1,single,0.0,0,1000.0,10.0,,10,auto,peak,
