lo_index,if_index,point_index,lo_set_Hz,if_set_Hz,lo_model_Hz,if_model_Hz,mode,kind,m,n,sign,expression,expected_freq_Hz,expected_corr_freq_Hz,measured_freq_Hz,freq_error_Hz,freq_error_corr_Hz,power_dBm,rel_dBc_vs_desired,noise_limited,cluster_id,cluster_size,analytic_coincidence_id,analytic_coincidence_size,measured_coincidence_id,measured_coincidence_size,measurement_scope,cluster_window_half_width_Hz,cluster_window_fallback,span_Hz,rbw_Hz,vbw_Hz,avg_sweeps,marker_mode_global,marker_mode_effective,error
0,2,3,21000000000.0,6530000000.0,21000000000.0,6530000000.0,lo+if,desired,1,1,1,1*LO + 1*IF,27530000000.0,27530000000.0,27530000000.0,0.0,0.0,-25.70752288573257,0.0,0,-1,1,-1,1,-1,1,single,0.0,0,1000.0,10.0,,10,auto,peak,
0,2,3,21000000000.0,6530000000.0,21000000000.0,6530000000.0,lo+if,IF_harmonic,0,4,1,0*LO + 4*IF,26120000000.0,26120000000.0,26120000000.0,0.0,0.0,-108.66323356075235,-82.95571067501977,0,-1,1,-1,1,-1,1,single,0.0,0,1000.0,10.0,,10,auto,peak,
0,2,3,21000000000.0,6530000000.0,21000000000.0,6530000000.0,lo+if,spur,2,2,-1,2*LO - 2*IF,28940000000.0,28940000000.0,28940000000.0,0.0,0.0,-83.48223869599198,-57.77471581025941,0,-1,1,-1,1,-1,1,single,0.0,0,1000.0,10.0,,10,auto,peak,
0,2,3,21000000000.0,6530000000.0,21000000000.0,6530000000.0,lo+if,spur,3,5,-1,3*LO - 5*IF,30350000000.0,30350000000.0,30350000329.7,329.70000076293945,329.70000076293945,-131.32025046310935,-105.61272757737677,1,-1,1,-1,1,-1,1,single,0.0,0,1000.0,10.0,,10,auto,peak,
0,2,3,21000000000.0,6530000000.0,21000000000.0,6530000000.0,lo+if,IF_harmonic,0,5,1,0*LO + 5*IF,32650000000.0,32650000000.0,32649999999.0,-1.0,-1.0,-123.57952818816645,-97.87200530243388,1,-1,1,-1,1,-1,1,single,0.0,0,1000.0,10.0,,10,auto,peak,
0,2,3,21000000000.0,6530000000.0,21000000000.0,6530000000.0,lo+if,spur,1,2,1,1*LO + 2*IF,34060000000.0,34060000000.0,34060000000.0,0.0,0.0,-87.28837324628404,-61.580850360551466,0,-1,1,-1,1,-1,1,single,0.0,0,1000.0,10.0,,10,auto,peak,
