lo_index,if_index,point_index,lo_set_Hz,if_set_Hz,lo_model_Hz,if_model_Hz,mode,kind,m,n,sign,expression,expected_freq_Hz,expected_corr_freq_Hz,measured_freq_Hz,freq_error_Hz,freq_error_corr_Hz,power_dBm,rel_dBc_vs_desired,noise_limited,cluster_id,cluster_size,analytic_coincidence_id,analytic_coincidence_size,measured_coincidence_id,measured_coincidence_size,measurement_scope,cluster_window_half_width_Hz,cluster_window_fallback,span_Hz,rbw_Hz,vbw_Hz,avg_sweeps,marker_mode_global,marker_mode_effective,error
0,77,78,21000000000.0,7655000000.0,21000000000.0,7655000000.0,lo+if,desired,1,1,1,1*LO + 1*IF,28655000000.0,28655000000.0,28655000000.0,0.0,0.0,-23.418120386095886,0.0,0,-1,1,-1,1,-1,1,single,0.0,0,1000.0,10.0,,10,auto,peak,
0,77,78,21000000000.0,7655000000.0,21000000000.0,7655000000.0,lo+if,spur,2,2,-1,2*LO - 2*IF,26690000000.0,26690000000.0,26690000000.0,0.0,0.0,-78.64444464142034,-55.22632425532445,0,-1,1,-1,1,-1,1,single,0.0,0,1000.0,10.0,,10,auto,peak,
0,77,78,21000000000.0,7655000000.0,21000000000.0,7655000000.0,lo+if,IF_harmonic,0,4,1,0*LO + 4*IF,30620000000.0,30620000000.0,30620000000.0,0.0,0.0,-121.58720321206887,-98.16908282597299,1,-1,1,-1,1,-1,1,single,0.0,0,1000.0,10.0,,10,auto,peak,
0,77,78,21000000000.0,7655000000.0,21000000000.0,7655000000.0,lo+if,spur,3,4,-1,3*LO - 4*IF,32380000000.0,32380000000.0,32379999519.5,-480.5,-480.5,-131.41043927573176,-107.99231888963587,1,-1,1,-1,1,-1,1,single,0.0,0,1000.0,10.0,,10,auto,peak,
0,77,78,21000000000.0,7655000000.0,21000000000.0,7655000000.0,lo+if,spur,2,1,-1,2*LO - 1*IF,34345000000.0,34345000000.0,34345000000.0,0.0,0.0,-55.79881149686412,-32.38069111076823,0,-1,1,-1,1,-1,1,single,0.0,0,1000.0,10.0,,10,auto,peak,
