lo_index,if_index,point_index,lo_set_Hz,if_set_Hz,lo_model_Hz,if_model_Hz,mode,kind,m,n,sign,expression,expected_freq_Hz,expected_corr_freq_Hz,measured_freq_Hz,freq_error_Hz,freq_error_corr_Hz,power_dBm,rel_dBc_vs_desired,noise_limited,cluster_id,cluster_size,analytic_coincidence_id,analytic_coincidence_size,measured_coincidence_id,measured_coincidence_size,measurement_scope,cluster_window_half_width_Hz,cluster_window_fallback,span_Hz,rbw_Hz,vbw_Hz,avg_sweeps,marker_mode_global,marker_mode_effective,error
0,51,52,21000000000.0,7265000000.0,21000000000.0,7265000000.0,lo+if,desired,1,1,1,1*LO + 1*IF,28265000000.0,28265000000.0,28265000000.0,0.0,0.0,-24.95812664995843,0.0,0,-1,1,-1,1,-1,1,single,0.0,0,1000.0,10.0,,10,auto,peak,
0,51,52,21000000000.0,7265000000.0,21000000000.0,7265000000.0,lo+if,spur,3,5,-1,3*LO - 5*IF,26675000000.0,26675000000.0,26674999923.1,-76.9000015258789,-76.9000015258789,-131.35498660408882,-106.39685995413039,1,-1,1,-1,1,-1,1,single,0.0,0,1000.0,10.0,,10,auto,peak,
0,51,52,21000000000.0,7265000000.0,21000000000.0,7265000000.0,lo+if,spur,2,2,-1,2*LO - 2*IF,27470000000.0,27470000000.0,27470000000.0,0.0,0.0,-81.4302509860853,-56.47212433612687,0,-1,1,-1,1,-1,1,single,0.0,0,1000.0,10.0,,10,auto,peak,
0,51,52,21000000000.0,7265000000.0,21000000000.0,7265000000.0,lo+if,IF_harmonic,0,4,1,0*LO + 4*IF,29060000000.0,29060000000.0,29060000000.0,0.0,0.0,-124.27919508496475,-99.32106843500632,1,-1,1,-1,1,-1,1,single,0.0,0,1000.0,10.0,,10,auto,peak,
0,51,52,21000000000.0,7265000000.0,21000000000.0,7265000000.0,lo+if,spur,3,4,-1,3*LO - 4*IF,33940000000.0,33940000000.0,33940000001.0,1.0,1.0,-130.63415063797845,-105.67602398802002,1,-1,1,-1,1,-1,1,single,0.0,0,1000.0,10.0,,10,auto,peak,
0,51,52,21000000000.0,7265000000.0,21000000000.0,7265000000.0,lo+if,spur,2,1,-1,2*LO - 1*IF,34735000000.0,34735000000.0,34735000000.0,0.0,0.0,-57.66101088773583,-32.7028842377774,0,-1,1,-1,1,-1,1,single,0.0,0,1000.0,10.0,,10,auto,peak,
