lo_index,if_index,point_index,lo_set_Hz,if_set_Hz,lo_model_Hz,if_model_Hz,mode,kind,m,n,sign,expression,expected_freq_Hz,expected_corr_freq_Hz,measured_freq_Hz,freq_error_Hz,freq_error_corr_Hz,power_dBm,rel_dBc_vs_desired,noise_limited,cluster_id,cluster_size,analytic_coincidence_id,analytic_coincidence_size,measured_coincidence_id,measured_coincidence_size,measurement_scope,cluster_window_half_width_Hz,cluster_window_fallback,span_Hz,rbw_Hz,vbw_Hz,avg_sweeps,marker_mode_global,marker_mode_effective,error
0,56,57,21000000000.0,7340000000.0,21000000000.0,7340000000.0,lo+if,desired,1,1,1,1*LO + 1*IF,28340000000.0,28340000000.0,28340000000.0,0.0,0.0,-24.90691483384014,0.0,0,-1,1,-1,1,-1,1,single,0.0,0,1000.0,10.0,,10,auto,peak,
0,56,57,21000000000.0,7340000000.0,21000000000.0,7340000000.0,lo+if,spur,3,5,-1,3*LO - 5*IF,26300000000.0,26300000000.0,26299999691.3,-308.70000076293945,-308.70000076293945,-129.86897211751224,-104.9620572836721,1,-1,1,-1,1,-1,1,single,0.0,0,1000.0,10.0,,10,auto,peak,
0,56,57,21000000000.0,7340000000.0,21000000000.0,7340000000.0,lo+if,spur,2,2,-1,2*LO - 2*IF,27320000000.0,27320000000.0,27320000000.0,0.0,0.0,-81.12912788756559,-56.22221305372545,0,-1,1,-1,1,-1,1,single,0.0,0,1000.0,10.0,,10,auto,peak,
0,56,57,21000000000.0,7340000000.0,21000000000.0,7340000000.0,lo+if,IF_harmonic,0,4,1,0*LO + 4*IF,29360000000.0,29360000000.0,29360000000.0,0.0,0.0,-124.23703702509621,-99.33012219125607,1,-1,1,-1,1,-1,1,single,0.0,0,1000.0,10.0,,10,auto,peak,
0,56,57,21000000000.0,7340000000.0,21000000000.0,7340000000.0,lo+if,spur,3,4,-1,3*LO - 4*IF,33640000000.0,33640000000.0,33640000003.0,3.0,3.0,-132.2742796493281,-107.36736481548795,1,-1,1,-1,1,-1,1,single,0.0,0,1000.0,10.0,,10,auto,peak,
0,56,57,21000000000.0,7340000000.0,21000000000.0,7340000000.0,lo+if,spur,2,1,-1,2*LO - 1*IF,34660000000.0,34660000000.0,34660000000.0,0.0,0.0,-54.876913710859114,-29.969998877018973,0,-1,1,-1,1,-1,1,single,0.0,0,1000.0,10.0,,10,auto,peak,
