lo_index,if_index,point_index,lo_set_Hz,if_set_Hz,lo_model_Hz,if_model_Hz,mode,kind,m,n,sign,expression,expected_freq_Hz,expected_corr_freq_Hz,measured_freq_Hz,freq_error_Hz,freq_error_corr_Hz,power_dBm,rel_dBc_vs_desired,noise_limited,cluster_id,cluster_size,analytic_coincidence_id,analytic_coincidence_size,measured_coincidence_id,measured_coincidence_size,measurement_scope,cluster_window_half_width_Hz,cluster_window_fallback,span_Hz,rbw_Hz,vbw_Hz,avg_sweeps,marker_mode_global,marker_mode_effective,error
0,50,51,21000000000.0,7250000000.0,21000000000.0,7250000000.0,lo+if,desired,1,1,1,1*LO + 1*IF,28250000000.0,28250000000.0,28250000000.0,0.0,0.0,-24.798257589195263,0.0,0,-1,1,-1,1,-1,1,single,0.0,0,1000.0,10.0,,10,auto,peak,
0,50,51,21000000000.0,7250000000.0,21000000000.0,7250000000.0,lo+if,spur,3,5,-1,3*LO - 5*IF,26750000000.0,26750000000.0,26750000187.8,187.79999923706055,187.79999923706055,-130.83644811871733,-106.03819052952207,1,-1,1,-1,1,-1,1,single,0.0,0,1000.0,10.0,,10,auto,peak,
0,50,51,21000000000.0,7250000000.0,21000000000.0,7250000000.0,lo+if,spur,2,2,-1,2*LO - 2*IF,27500000000.0,27500000000.0,27500000000.0,0.0,0.0,-81.82325538345356,-57.0249977942583,0,-1,1,-1,1,-1,1,single,0.0,0,1000.0,10.0,,10,auto,peak,
0,50,51,21000000000.0,7250000000.0,21000000000.0,7250000000.0,lo+if,IF_harmonic,0,4,1,0*LO + 4*IF,29000000000.0,29000000000.0,29000000001.0,1.0,1.0,-124.20066720855397,-99.4024096193587,1,-1,1,-1,1,-1,1,single,0.0,0,1000.0,10.0,,10,auto,peak,
0,50,51,21000000000.0,7250000000.0,21000000000.0,7250000000.0,lo+if,spur,3,4,-1,3*LO - 4*IF,34000000000.0,34000000000.0,33999999843.2,-156.79999923706055,-156.79999923706055,-129.66725222668026,-104.868994637485,1,-1,1,-1,1,-1,1,single,0.0,0,1000.0,10.0,,10,auto,peak,
0,50,51,21000000000.0,7250000000.0,21000000000.0,7250000000.0,lo+if,spur,2,1,-1,2*LO - 1*IF,34750000000.0,34750000000.0,34750000000.0,0.0,0.0,-57.155236861895034,-32.356979272699775,0,-1,1,-1,1,-1,1,single,0.0,0,1000.0,10.0,,10,auto,peak,
