lo_index,if_index,point_index,lo_set_Hz,if_set_Hz,lo_model_Hz,if_model_Hz,mode,kind,m,n,sign,expression,expected_freq_Hz,expected_corr_freq_Hz,measured_freq_Hz,freq_error_Hz,freq_error_corr_Hz,power_dBm,rel_dBc_vs_desired,noise_limited,cluster_id,cluster_size,analytic_coincidence_id,analytic_coincidence_size,measured_coincidence_id,measured_coincidence_size,measurement_scope,cluster_window_half_width_Hz,cluster_window_fallback,span_Hz,rbw_Hz,vbw_Hz,avg_sweeps,marker_mode_global,marker_mode_effective,error
0,63,64,21000000000.0,7445000000.0,21000000000.0,7445000000.0,lo+if,desired,1,1,1,1*LO + 1*IF,28445000000.0,28445000000.0,28445000000.0,0.0,0.0,-23.98856818822,0.0,0,-1,1,-1,1,-1,1,single,0.0,0,1000.0,10.0,,10,auto,peak,
0,63,64,21000000000.0,7445000000.0,21000000000.0,7445000000.0,lo+if,spur,3,5,-1,3*LO - 5*IF,25775000000.0,25775000000.0,25774999702.3,-297.70000076293945,-297.70000076293945,-130.3320373763327,-106.34346918811269,1,-1,1,-1,1,-1,1,single,0.0,0,1000.0,10.0,,10,auto,peak,
0,63,64,21000000000.0,7445000000.0,21000000000.0,7445000000.0,lo+if,spur,2,2,-1,2*LO - 2*IF,27110000000.0,27110000000.0,27110000000.0,0.0,0.0,-78.86860881868918,-54.88004063046918,0,-1,1,-1,1,-1,1,single,0.0,0,1000.0,10.0,,10,auto,peak,
0,63,64,21000000000.0,7445000000.0,21000000000.0,7445000000.0,lo+if,IF_harmonic,0,4,1,0*LO + 4*IF,29780000000.0,29780000000.0,29780000000.0,0.0,0.0,-123.45294831283086,-99.46438012461086,1,-1,1,-1,1,-1,1,single,0.0,0,1000.0,10.0,,10,auto,peak,
0,63,64,21000000000.0,7445000000.0,21000000000.0,7445000000.0,lo+if,spur,3,4,-1,3*LO - 4*IF,33220000000.0,33220000000.0,33219999958.0,-42.0,-42.0,-130.53605111768243,-106.54748292946243,1,-1,1,-1,1,-1,1,single,0.0,0,1000.0,10.0,,10,auto,peak,
0,63,64,21000000000.0,7445000000.0,21000000000.0,7445000000.0,lo+if,spur,2,1,-1,2*LO - 1*IF,34555000000.0,34555000000.0,34555000000.0,0.0,0.0,-54.73320517225625,-30.744636984036248,0,-1,1,-1,1,-1,1,single,0.0,0,1000.0,10.0,,10,auto,peak,
