lo_index,if_index,point_index,lo_set_Hz,if_set_Hz,lo_model_Hz,if_model_Hz,mode,kind,m,n,sign,expression,expected_freq_Hz,expected_corr_freq_Hz,measured_freq_Hz,freq_error_Hz,freq_error_corr_Hz,power_dBm,rel_dBc_vs_desired,noise_limited,cluster_id,cluster_size,analytic_coincidence_id,analytic_coincidence_size,measured_coincidence_id,measured_coincidence_size,measurement_scope,cluster_window_half_width_Hz,cluster_window_fallback,span_Hz,rbw_Hz,vbw_Hz,avg_sweeps,marker_mode_global,marker_mode_effective,error
0,1,2,21000000000.0,6515000000.0,21000000000.0,6515000000.0,lo+if,desired,1,1,1,1*LO + 1*IF,27515000000.0,27515000000.0,27515000000.0,0.0,0.0,-25.623852295911792,0.0,0,-1,1,-1,1,-1,1,single,0.0,0,1000.0,10.0,,10,auto,peak,
0,1,2,21000000000.0,6515000000.0,21000000000.0,6515000000.0,lo+if,IF_harmonic,0,4,1,0*LO + 4*IF,26060000000.0,26060000000.0,26060000000.0,0.0,0.0,-109.06625262960914,-83.44240033369735,0,-1,1,-1,1,-1,1,single,0.0,0,1000.0,10.0,,10,auto,peak,
0,1,2,21000000000.0,6515000000.0,21000000000.0,6515000000.0,lo+if,spur,2,2,-1,2*LO - 2*IF,28970000000.0,28970000000.0,28970000000.0,0.0,0.0,-82.81259040623061,-57.18873811031882,0,-1,1,-1,1,-1,1,single,0.0,0,1000.0,10.0,,10,auto,peak,
0,1,2,21000000000.0,6515000000.0,21000000000.0,6515000000.0,lo+if,spur,3,5,-1,3*LO - 5*IF,30425000000.0,30425000000.0,30425000278.7,278.70000076293945,278.70000076293945,-132.2264612738954,-106.60260897798362,1,-1,1,-1,1,-1,1,single,0.0,0,1000.0,10.0,,10,auto,peak,
0,1,2,21000000000.0,6515000000.0,21000000000.0,6515000000.0,lo+if,IF_harmonic,0,5,1,0*LO + 5*IF,32575000000.0,32575000000.0,32575000001.0,1.0,1.0,-124.64889800960333,-99.02504571369154,1,-1,1,-1,1,-1,1,single,0.0,0,1000.0,10.0,,10,auto,peak,
0,1,2,21000000000.0,6515000000.0,21000000000.0,6515000000.0,lo+if,spur,1,2,1,1*LO + 2*IF,34030000000.0,34030000000.0,34030000000.0,0.0,0.0,-87.90928208520458,-62.28542978929279,0,-1,1,-1,1,-1,1,single,0.0,0,1000.0,10.0,,10,auto,peak,
