lo_index,if_index,point_index,lo_set_Hz,if_set_Hz,lo_model_Hz,if_model_Hz,mode,kind,m,n,sign,expression,expected_freq_Hz,expected_corr_freq_Hz,measured_freq_Hz,freq_error_Hz,freq_error_corr_Hz,power_dBm,rel_dBc_vs_desired,noise_limited,cluster_id,cluster_size,analytic_coincidence_id,analytic_coincidence_size,measured_coincidence_id,measured_coincidence_size,measurement_scope,cluster_window_half_width_Hz,cluster_window_fallback,span_Hz,rbw_Hz,vbw_Hz,avg_sweeps,marker_mode_global,marker_mode_effective,error
0,78,79,21000000000.0,7670000000.0,21000000000.0,7670000000.0,lo+if,desired,1,1,1,1*LO + 1*IF,28670000000.0,28670000000.0,28670000000.0,0.0,0.0,-23.439990229608412,0.0,0,-1,1,-1,1,-1,1,single,0.0,0,1000.0,10.0,,10,auto,peak,
0,78,79,21000000000.0,7670000000.0,21000000000.0,7670000000.0,lo+if,spur,2,2,-1,2*LO - 2*IF,26660000000.0,26660000000.0,26660000000.0,0.0,0.0,-78.34903160735665,-54.90904137774824,0,-1,1,-1,1,-1,1,single,0.0,0,1000.0,10.0,,10,auto,peak,
0,78,79,21000000000.0,7670000000.0,21000000000.0,7670000000.0,lo+if,IF_harmonic,0,4,1,0*LO + 4*IF,30680000000.0,30680000000.0,30680000000.0,0.0,0.0,-123.439698552813,-99.99970832320459,1,-1,1,-1,1,-1,1,single,0.0,0,1000.0,10.0,,10,auto,peak,
0,78,79,21000000000.0,7670000000.0,21000000000.0,7670000000.0,lo+if,spur,3,4,-1,3*LO - 4*IF,32320000000.0,32320000000.0,32319999794.2,-205.79999923706055,-205.79999923706055,-131.41467929904525,-107.97468906943683,1,-1,1,-1,1,-1,1,single,0.0,0,1000.0,10.0,,10,auto,peak,
0,78,79,21000000000.0,7670000000.0,21000000000.0,7670000000.0,lo+if,spur,2,1,-1,2*LO - 1*IF,34330000000.0,34330000000.0,34330000000.0,0.0,0.0,-54.727623649772276,-31.287633420163864,0,-1,1,-1,1,-1,1,single,0.0,0,1000.0,10.0,,10,auto,peak,
