lo_index,if_index,point_index,lo_set_Hz,if_set_Hz,lo_model_Hz,if_model_Hz,mode,kind,m,n,sign,expression,expected_freq_Hz,expected_corr_freq_Hz,measured_freq_Hz,freq_error_Hz,freq_error_corr_Hz,power_dBm,rel_dBc_vs_desired,noise_limited,cluster_id,cluster_size,analytic_coincidence_id,analytic_coincidence_size,measured_coincidence_id,measured_coincidence_size,measurement_scope,cluster_window_half_width_Hz,cluster_window_fallback,span_Hz,rbw_Hz,vbw_Hz,avg_sweeps,marker_mode_global,marker_mode_effective,error
0,74,75,21000000000.0,7610000000.0,21000000000.0,7610000000.0,lo+if,desired,1,1,1,1*LO + 1*IF,28610000000.0,28610000000.0,28610000000.0,0.0,0.0,-24.18572391561405,0.0,0,-1,1,-1,1,-1,1,single,0.0,0,1000.0,10.0,,10,auto,peak,
0,74,75,21000000000.0,7610000000.0,21000000000.0,7610000000.0,lo+if,spur,2,2,-1,2*LO - 2*IF,26780000000.0,26780000000.0,26780000000.0,0.0,0.0,-80.51892160368473,-56.33319768807068,0,-1,1,-1,1,-1,1,single,0.0,0,1000.0,10.0,,10,auto,peak,
0,74,75,21000000000.0,7610000000.0,21000000000.0,7610000000.0,lo+if,IF_harmonic,0,4,1,0*LO + 4*IF,30440000000.0,30440000000.0,30439999999.0,-1.0,-1.0,-122.97533745431558,-98.78961353870153,1,-1,1,-1,1,-1,1,single,0.0,0,1000.0,10.0,,10,auto,peak,
0,74,75,21000000000.0,7610000000.0,21000000000.0,7610000000.0,lo+if,spur,3,4,-1,3*LO - 4*IF,32560000000.0,32560000000.0,32560000426.6,426.5999984741211,426.5999984741211,-132.4287942940172,-108.24307037840315,1,-1,1,-1,1,-1,1,single,0.0,0,1000.0,10.0,,10,auto,peak,
0,74,75,21000000000.0,7610000000.0,21000000000.0,7610000000.0,lo+if,spur,2,1,-1,2*LO - 1*IF,34390000000.0,34390000000.0,34390000000.0,0.0,0.0,-55.779189939056934,-31.593466023442883,0,-1,1,-1,1,-1,1,single,0.0,0,1000.0,10.0,,10,auto,peak,
