lo_index,if_index,point_index,lo_set_Hz,if_set_Hz,lo_model_Hz,if_model_Hz,mode,kind,m,n,sign,expression,expected_freq_Hz,expected_corr_freq_Hz,measured_freq_Hz,freq_error_Hz,freq_error_corr_Hz,power_dBm,rel_dBc_vs_desired,noise_limited,cluster_id,cluster_size,analytic_coincidence_id,analytic_coincidence_size,measured_coincidence_id,measured_coincidence_size,measurement_scope,cluster_window_half_width_Hz,cluster_window_fallback,span_Hz,rbw_Hz,vbw_Hz,avg_sweeps,marker_mode_global,marker_mode_effective,error
0,39,40,21000000000.0,7085000000.0,21000000000.0,7085000000.0,lo+if,desired,1,1,1,1*LO + 1*IF,28085000000.0,28085000000.0,28085000000.0,0.0,0.0,-24.66875338561827,0.0,0,-1,1,-1,1,-1,1,single,0.0,0,1000.0,10.0,,10,auto,peak,
0,39,40,21000000000.0,7085000000.0,21000000000.0,7085000000.0,lo+if,spur,3,5,-1,3*LO - 5*IF,27575000000.0,27575000000.0,27574999994.0,-6.0,-6.0,-131.15330499201303,-106.48455160639476,1,-1,1,-1,1,-1,1,single,0.0,0,1000.0,10.0,,10,auto,peak,
0,39,40,21000000000.0,7085000000.0,21000000000.0,7085000000.0,lo+if,spur,2,2,-1,2*LO - 2*IF,27830000000.0,27830000000.0,27830000000.0,0.0,0.0,-81.19228639547849,-56.523533009860216,0,-1,1,-1,1,-1,1,single,0.0,0,1000.0,10.0,,10,auto,peak,
0,39,40,21000000000.0,7085000000.0,21000000000.0,7085000000.0,lo+if,IF_harmonic,0,4,1,0*LO + 4*IF,28340000000.0,28340000000.0,28340000000.0,0.0,0.0,-111.78651233411318,-87.11775894849491,0,-1,1,-1,1,-1,1,single,0.0,0,1000.0,10.0,,10,auto,peak,
0,39,40,21000000000.0,7085000000.0,21000000000.0,7085000000.0,lo+if,spur,3,4,-1,3*LO - 4*IF,34660000000.0,34660000000.0,34659999999.0,-1.0,-1.0,-128.45130251061525,-103.78254912499698,1,-1,1,-1,1,-1,1,single,0.0,0,1000.0,10.0,,10,auto,peak,
0,39,40,21000000000.0,7085000000.0,21000000000.0,7085000000.0,lo+if,spur,2,1,-1,2*LO - 1*IF,34915000000.0,34915000000.0,34915000000.0,0.0,0.0,-55.97100862191371,-31.30225523629544,0,-1,1,-1,1,-1,1,single,0.0,0,1000.0,10.0,,10,auto,peak,
