lo_index,if_index,point_index,lo_set_Hz,if_set_Hz,lo_model_Hz,if_model_Hz,mode,kind,m,n,sign,expression,expected_freq_Hz,expected_corr_freq_Hz,measured_freq_Hz,freq_error_Hz,freq_error_corr_Hz,power_dBm,rel_dBc_vs_desired,noise_limited,cluster_id,cluster_size,analytic_coincidence_id,analytic_coincidence_size,measured_coincidence_id,measured_coincidence_size,measurement_scope,cluster_window_half_width_Hz,cluster_window_fallback,span_Hz,rbw_Hz,vbw_Hz,avg_sweeps,marker_mode_global,marker_mode_effective,error
0,29,30,21000000000.0,6935000000.0,21000000000.0,6935000000.0,lo+if,desired,1,1,1,1*LO + 1*IF,27935000000.0,27935000000.0,27935000000.0,0.0,0.0,-23.490563002494206,0.0,0,-1,1,-1,1,-1,1,single,0.0,0,1000.0,10.0,,10,auto,peak,
0,29,30,21000000000.0,6935000000.0,21000000000.0,6935000000.0,lo+if,IF_harmonic,0,4,1,0*LO + 4*IF,27740000000.0,27740000000.0,27740000000.0,0.0,0.0,-104.92950970545539,-81.43894670296118,0,-1,1,-1,1,-1,1,single,0.0,0,1000.0,10.0,,10,auto,peak,
0,29,30,21000000000.0,6935000000.0,21000000000.0,6935000000.0,lo+if,spur,2,2,-1,2*LO - 2*IF,28130000000.0,28130000000.0,28130000000.0,0.0,0.0,-79.812202583154,-56.3216395806598,0,-1,1,-1,1,-1,1,single,0.0,0,1000.0,10.0,,10,auto,peak,
0,29,30,21000000000.0,6935000000.0,21000000000.0,6935000000.0,lo+if,spur,3,5,-1,3*LO - 5*IF,28325000000.0,28325000000.0,28325000240.8,240.79999923706055,240.79999923706055,-130.66442505751212,-107.1738620550179,1,-1,1,-1,1,-1,1,single,0.0,0,1000.0,10.0,,10,auto,peak,
0,29,30,21000000000.0,6935000000.0,21000000000.0,6935000000.0,lo+if,IF_harmonic,0,5,1,0*LO + 5*IF,34675000000.0,34675000000.0,34675000091.9,91.9000015258789,91.9000015258789,-129.18478570210831,-105.6942226996141,1,-1,1,-1,1,-1,1,single,0.0,0,1000.0,10.0,,10,auto,peak,
0,29,30,21000000000.0,6935000000.0,21000000000.0,6935000000.0,lo+if,spur,1,2,1,1*LO + 2*IF,34870000000.0,34870000000.0,34870000000.0,0.0,0.0,-94.04173040451042,-70.5511674020162,0,-1,1,-1,1,-1,1,single,0.0,0,1000.0,10.0,,10,auto,peak,
