lo_index,if_index,point_index,lo_set_Hz,if_set_Hz,lo_model_Hz,if_model_Hz,mode,kind,m,n,sign,expression,expected_freq_Hz,expected_corr_freq_Hz,measured_freq_Hz,freq_error_Hz,freq_error_corr_Hz,power_dBm,rel_dBc_vs_desired,noise_limited,cluster_id,cluster_size,analytic_coincidence_id,analytic_coincidence_size,measured_coincidence_id,measured_coincidence_size,measurement_scope,cluster_window_half_width_Hz,cluster_window_fallback,span_Hz,rbw_Hz,vbw_Hz,avg_sweeps,marker_mode_global,marker_mode_effective,error
0,9,10,21000000000.0,6635000000.0,21000000000.0,6635000000.0,lo+if,desired,1,1,1,1*LO + 1*IF,27635000000.0,27635000000.0,27635000000.0,0.0,0.0,-23.74845331985314,0.0,0,-1,1,-1,1,-1,1,single,0.0,0,1000.0,10.0,,10,auto,peak,
0,9,10,21000000000.0,6635000000.0,21000000000.0,6635000000.0,lo+if,IF_harmonic,0,4,1,0*LO + 4*IF,26540000000.0,26540000000.0,26540000000.0,0.0,0.0,-114.45490306451447,-90.70644974466133,0,-1,1,-1,1,-1,1,single,0.0,0,1000.0,10.0,,10,auto,peak,
0,9,10,21000000000.0,6635000000.0,21000000000.0,6635000000.0,lo+if,spur,2,2,-1,2*LO - 2*IF,28730000000.0,28730000000.0,28730000000.0,0.0,0.0,-80.40322008558795,-56.654766765734806,0,-1,1,-1,1,-1,1,single,0.0,0,1000.0,10.0,,10,auto,peak,
0,9,10,21000000000.0,6635000000.0,21000000000.0,6635000000.0,lo+if,spur,3,5,-1,3*LO - 5*IF,29825000000.0,29825000000.0,29824999678.3,-321.70000076293945,-321.70000076293945,-132.38012613337204,-108.6316728135189,1,-1,1,-1,1,-1,1,single,0.0,0,1000.0,10.0,,10,auto,peak,
0,9,10,21000000000.0,6635000000.0,21000000000.0,6635000000.0,lo+if,IF_harmonic,0,5,1,0*LO + 5*IF,33175000000.0,33175000000.0,33175000000.0,0.0,0.0,-130.71372130415003,-106.96526798429689,1,-1,1,-1,1,-1,1,single,0.0,0,1000.0,10.0,,10,auto,peak,
0,9,10,21000000000.0,6635000000.0,21000000000.0,6635000000.0,lo+if,spur,1,2,1,1*LO + 2*IF,34270000000.0,34270000000.0,34270000000.0,0.0,0.0,-89.01360743510244,-65.2651541152493,0,-1,1,-1,1,-1,1,single,0.0,0,1000.0,10.0,,10,auto,peak,
