lo_index,if_index,point_index,lo_set_Hz,if_set_Hz,lo_model_Hz,if_model_Hz,mode,kind,m,n,sign,expression,expected_freq_Hz,expected_corr_freq_Hz,measured_freq_Hz,freq_error_Hz,freq_error_corr_Hz,power_dBm,rel_dBc_vs_desired,noise_limited,cluster_id,cluster_size,analytic_coincidence_id,analytic_coincidence_size,measured_coincidence_id,measured_coincidence_size,measurement_scope,cluster_window_half_width_Hz,cluster_window_fallback,span_Hz,rbw_Hz,vbw_Hz,avg_sweeps,marker_mode_global,marker_mode_effective,error
0,19,20,21000000000.0,6785000000.0,21000000000.0,6785000000.0,lo+if,desired,1,1,1,1*LO + 1*IF,27785000000.0,27785000000.0,27785000000.0,0.0,0.0,-25.367763613785804,0.0,0,-1,1,-1,1,-1,1,single,0.0,0,1000.0,10.0,,10,auto,peak,
0,19,20,21000000000.0,6785000000.0,21000000000.0,6785000000.0,lo+if,IF_harmonic,0,4,1,0*LO + 4*IF,27140000000.0,27140000000.0,27140000000.0,0.0,0.0,-100.65829248947526,-75.29052887568946,0,-1,1,-1,1,-1,1,single,0.0,0,1000.0,10.0,,10,auto,peak,
0,19,20,21000000000.0,6785000000.0,21000000000.0,6785000000.0,lo+if,spur,2,2,-1,2*LO - 2*IF,28430000000.0,28430000000.0,28430000000.0,0.0,0.0,-82.4884918829132,-57.12072826912739,0,-1,1,-1,1,-1,1,single,0.0,0,1000.0,10.0,,10,auto,peak,
0,19,20,21000000000.0,6785000000.0,21000000000.0,6785000000.0,lo+if,spur,3,5,-1,3*LO - 5*IF,29075000000.0,29075000000.0,29074999966.0,-34.0,-34.0,-132.0018728579546,-106.6341092441688,1,-1,1,-1,1,-1,1,single,0.0,0,1000.0,10.0,,10,auto,peak,
0,19,20,21000000000.0,6785000000.0,21000000000.0,6785000000.0,lo+if,IF_harmonic,0,5,1,0*LO + 5*IF,33925000000.0,33925000000.0,33925000000.0,0.0,0.0,-125.42283803751012,-100.0550744237243,1,-1,1,-1,1,-1,1,single,0.0,0,1000.0,10.0,,10,auto,peak,
0,19,20,21000000000.0,6785000000.0,21000000000.0,6785000000.0,lo+if,spur,1,2,1,1*LO + 2*IF,34570000000.0,34570000000.0,34570000000.0,0.0,0.0,-91.73255722649131,-66.36479361270551,0,-1,1,-1,1,-1,1,single,0.0,0,1000.0,10.0,,10,auto,peak,
