lo_index,if_index,point_index,lo_set_Hz,if_set_Hz,lo_model_Hz,if_model_Hz,mode,kind,m,n,sign,expression,expected_freq_Hz,expected_corr_freq_Hz,measured_freq_Hz,freq_error_Hz,freq_error_corr_Hz,power_dBm,rel_dBc_vs_desired,noise_limited,cluster_id,cluster_size,analytic_coincidence_id,analytic_coincidence_size,measured_coincidence_id,measured_coincidence_size,measurement_scope,cluster_window_half_width_Hz,cluster_window_fallback,span_Hz,rbw_Hz,vbw_Hz,avg_sweeps,marker_mode_global,marker_mode_effective,error
0,47,48,21000000000.0,7205000000.0,21000000000.0,7205000000.0,lo+if,desired,1,1,1,1*LO + 1*IF,28205000000.0,28205000000.0,28205000000.0,0.0,0.0,-24.27929778413171,0.0,0,-1,1,-1,1,-1,1,single,0.0,0,1000.0,10.0,,10,auto,peak,
0,47,48,21000000000.0,7205000000.0,21000000000.0,7205000000.0,lo+if,spur,3,5,-1,3*LO - 5*IF,26975000000.0,26975000000.0,26975000192.8,192.79999923706055,192.79999923706055,-131.53270820048067,-107.25341041634896,1,-1,1,-1,1,-1,1,single,0.0,0,1000.0,10.0,,10,auto,peak,
0,47,48,21000000000.0,7205000000.0,21000000000.0,7205000000.0,lo+if,spur,2,2,-1,2*LO - 2*IF,27590000000.0,27590000000.0,27590000000.0,0.0,0.0,-80.30131771835387,-56.02201993422216,0,-1,1,-1,1,-1,1,single,0.0,0,1000.0,10.0,,10,auto,peak,
0,47,48,21000000000.0,7205000000.0,21000000000.0,7205000000.0,lo+if,IF_harmonic,0,4,1,0*LO + 4*IF,28820000000.0,28820000000.0,28820000000.0,0.0,0.0,-124.5495463811408,-100.27024859700909,1,-1,1,-1,1,-1,1,single,0.0,0,1000.0,10.0,,10,auto,peak,
0,47,48,21000000000.0,7205000000.0,21000000000.0,7205000000.0,lo+if,spur,3,4,-1,3*LO - 4*IF,34180000000.0,34180000000.0,34180000002.0,2.0,2.0,-127.33341085995227,-103.05411307582055,1,-1,1,-1,1,-1,1,single,0.0,0,1000.0,10.0,,10,auto,peak,
0,47,48,21000000000.0,7205000000.0,21000000000.0,7205000000.0,lo+if,spur,2,1,-1,2*LO - 1*IF,34795000000.0,34795000000.0,34795000000.0,0.0,0.0,-55.640466235752186,-31.361168451620475,0,-1,1,-1,1,-1,1,single,0.0,0,1000.0,10.0,,10,auto,peak,
