lo_index,if_index,point_index,lo_set_Hz,if_set_Hz,lo_model_Hz,if_model_Hz,mode,kind,m,n,sign,expression,expected_freq_Hz,expected_corr_freq_Hz,measured_freq_Hz,freq_error_Hz,freq_error_corr_Hz,power_dBm,rel_dBc_vs_desired,noise_limited,cluster_id,cluster_size,analytic_coincidence_id,analytic_coincidence_size,measured_coincidence_id,measured_coincidence_size,measurement_scope,cluster_window_half_width_Hz,cluster_window_fallback,span_Hz,rbw_Hz,vbw_Hz,avg_sweeps,marker_mode_global,marker_mode_effective,error
0,35,36,21000000000.0,7025000000.0,21000000000.0,7025000000.0,lo+if,desired,1,1,1,1*LO + 1*IF,28025000000.0,28025000000.0,28025000000.0,0.0,0.0,-25.131272207763892,0.0,0,-1,1,-1,1,-1,1,single,0.0,0,1000.0,10.0,,10,auto,peak,
0,35,36,21000000000.0,7025000000.0,21000000000.0,7025000000.0,lo+if,spur,3,5,-1,3*LO - 5*IF,27875000000.0,27875000000.0,27875000485.5,485.5,485.5,-131.48111355057722,-106.34984134281333,1,-1,1,-1,1,-1,1,single,0.0,0,1000.0,10.0,,10,auto,peak,
0,35,36,21000000000.0,7025000000.0,21000000000.0,7025000000.0,lo+if,spur,2,2,-1,2*LO - 2*IF,27950000000.0,27950000000.0,27950000000.0,0.0,0.0,-80.94223374257402,-55.810961534810126,0,-1,1,-1,1,-1,1,single,0.0,0,1000.0,10.0,,10,auto,peak,
0,35,36,21000000000.0,7025000000.0,21000000000.0,7025000000.0,lo+if,IF_harmonic,0,4,1,0*LO + 4*IF,28100000000.0,28100000000.0,28100000000.0,0.0,0.0,-98.25298459394813,-73.12171238618424,0,-1,1,-1,1,-1,1,single,0.0,0,1000.0,10.0,,10,auto,peak,
0,35,36,21000000000.0,7025000000.0,21000000000.0,7025000000.0,lo+if,spur,3,4,-1,3*LO - 4*IF,34900000000.0,34900000000.0,34899999997.0,-3.0,-3.0,-127.28910017655221,-102.15782796878833,1,-1,1,-1,1,-1,1,single,0.0,0,1000.0,10.0,,10,auto,peak,
0,35,36,21000000000.0,7025000000.0,21000000000.0,7025000000.0,lo+if,spur,2,1,-1,2*LO - 1*IF,34975000000.0,34975000000.0,34975000000.0,0.0,0.0,-58.30572681230648,-33.17445460454259,0,-1,1,-1,1,-1,1,single,0.0,0,1000.0,10.0,,10,auto,peak,
