lo_index,if_index,point_index,lo_set_Hz,if_set_Hz,lo_model_Hz,if_model_Hz,mode,kind,m,n,sign,expression,expected_freq_Hz,expected_corr_freq_Hz,measured_freq_Hz,freq_error_Hz,freq_error_corr_Hz,power_dBm,rel_dBc_vs_desired,noise_limited,cluster_id,cluster_size,analytic_coincidence_id,analytic_coincidence_size,measured_coincidence_id,measured_coincidence_size,measurement_scope,cluster_window_half_width_Hz,cluster_window_fallback,span_Hz,rbw_Hz,vbw_Hz,avg_sweeps,marker_mode_global,marker_mode_effective,error
0,41,42,21000000000.0,7115000000.0,21000000000.0,7115000000.0,lo+if,desired,1,1,1,1*LO + 1*IF,28115000000.0,28115000000.0,28115000000.0,0.0,0.0,-24.037954033105486,0.0,0,-1,1,-1,1,-1,1,single,0.0,0,1000.0,10.0,,10,auto,peak,
0,41,42,21000000000.0,7115000000.0,21000000000.0,7115000000.0,lo+if,spur,3,5,-1,3*LO - 5*IF,27425000000.0,27425000000.0,27424999796.2,-203.79999923706055,-203.79999923706055,-131.53098320346683,-107.49302917036135,1,-1,1,-1,1,-1,1,single,0.0,0,1000.0,10.0,,10,auto,peak,
0,41,42,21000000000.0,7115000000.0,21000000000.0,7115000000.0,lo+if,spur,2,2,-1,2*LO - 2*IF,27770000000.0,27770000000.0,27770000000.0,0.0,0.0,-80.45916306907665,-56.42120903597117,0,-1,1,-1,1,-1,1,single,0.0,0,1000.0,10.0,,10,auto,peak,
0,41,42,21000000000.0,7115000000.0,21000000000.0,7115000000.0,lo+if,IF_harmonic,0,4,1,0*LO + 4*IF,28460000000.0,28460000000.0,28459999999.0,-1.0,-1.0,-123.14972171802847,-99.111767684923,1,-1,1,-1,1,-1,1,single,0.0,0,1000.0,10.0,,10,auto,peak,
0,41,42,21000000000.0,7115000000.0,21000000000.0,7115000000.0,lo+if,spur,3,4,-1,3*LO - 4*IF,34540000000.0,34540000000.0,34540000000.0,0.0,0.0,-128.04390051238437,-104.00594647927889,1,-1,1,-1,1,-1,1,single,0.0,0,1000.0,10.0,,10,auto,peak,
0,41,42,21000000000.0,7115000000.0,21000000000.0,7115000000.0,lo+if,spur,2,1,-1,2*LO - 1*IF,34885000000.0,34885000000.0,34885000000.0,0.0,0.0,-56.096206303611126,-32.05825227050564,0,-1,1,-1,1,-1,1,single,0.0,0,1000.0,10.0,,10,auto,peak,
