lo_index,if_index,point_index,lo_set_Hz,if_set_Hz,lo_model_Hz,if_model_Hz,mode,kind,m,n,sign,expression,expected_freq_Hz,expected_corr_freq_Hz,measured_freq_Hz,freq_error_Hz,freq_error_corr_Hz,power_dBm,rel_dBc_vs_desired,noise_limited,cluster_id,cluster_size,analytic_coincidence_id,analytic_coincidence_size,measured_coincidence_id,measured_coincidence_size,measurement_scope,cluster_window_half_width_Hz,cluster_window_fallback,span_Hz,rbw_Hz,vbw_Hz,avg_sweeps,marker_mode_global,marker_mode_effective,error
0,55,56,21000000000.0,7325000000.0,21000000000.0,7325000000.0,lo+if,desired,1,1,1,1*LO + 1*IF,28325000000.0,28325000000.0,28325000000.0,0.0,0.0,-25.074129154045856,0.0,0,-1,1,-1,1,-1,1,single,0.0,0,1000.0,10.0,,10,auto,peak,
0,55,56,21000000000.0,7325000000.0,21000000000.0,7325000000.0,lo+if,spur,3,5,-1,3*LO - 5*IF,26375000000.0,26375000000.0,26374999939.1,-60.900001525878906,-60.900001525878906,-129.45924111810749,-104.38511196406162,1,-1,1,-1,1,-1,1,single,0.0,0,1000.0,10.0,,10,auto,peak,
0,55,56,21000000000.0,7325000000.0,21000000000.0,7325000000.0,lo+if,spur,2,2,-1,2*LO - 2*IF,27350000000.0,27350000000.0,27350000000.0,0.0,0.0,-81.25970287715046,-56.1855737231046,0,-1,1,-1,1,-1,1,single,0.0,0,1000.0,10.0,,10,auto,peak,
0,55,56,21000000000.0,7325000000.0,21000000000.0,7325000000.0,lo+if,IF_harmonic,0,4,1,0*LO + 4*IF,29300000000.0,29300000000.0,29300000000.0,0.0,0.0,-124.94807132032996,-99.87394216628411,1,-1,1,-1,1,-1,1,single,0.0,0,1000.0,10.0,,10,auto,peak,
0,55,56,21000000000.0,7325000000.0,21000000000.0,7325000000.0,lo+if,spur,3,4,-1,3*LO - 4*IF,33700000000.0,33700000000.0,33699999993.0,-7.0,-7.0,-130.90754797238066,-105.83341881833479,1,-1,1,-1,1,-1,1,single,0.0,0,1000.0,10.0,,10,auto,peak,
0,55,56,21000000000.0,7325000000.0,21000000000.0,7325000000.0,lo+if,spur,2,1,-1,2*LO - 1*IF,34675000000.0,34675000000.0,34675000000.0,0.0,0.0,-54.745918774232365,-29.67178962018651,0,-1,1,-1,1,-1,1,single,0.0,0,1000.0,10.0,,10,auto,peak,
