lo_index,if_index,point_index,lo_set_Hz,if_set_Hz,lo_model_Hz,if_model_Hz,mode,kind,m,n,sign,expression,expected_freq_Hz,expected_corr_freq_Hz,measured_freq_Hz,freq_error_Hz,freq_error_corr_Hz,power_dBm,rel_dBc_vs_desired,noise_limited,cluster_id,cluster_size,analytic_coincidence_id,analytic_coincidence_size,measured_coincidence_id,measured_coincidence_size,measurement_scope,cluster_window_half_width_Hz,cluster_window_fallback,span_Hz,rbw_Hz,vbw_Hz,avg_sweeps,marker_mode_global,marker_mode_effective,error
0,26,27,21000000000.0,6890000000.0,21000000000.0,6890000000.0,lo+if,desired,1,1,1,1*LO + 1*IF,27890000000.0,27890000000.0,27890000000.0,0.0,0.0,-23.842561049965383,0.0,0,-1,1,-1,1,-1,1,single,0.0,0,1000.0,10.0,,10,auto,peak,
0,26,27,21000000000.0,6890000000.0,21000000000.0,6890000000.0,lo+if,IF_harmonic,0,4,1,0*LO + 4*IF,27560000000.0,27560000000.0,27560000000.0,0.0,0.0,-107.7405081722879,-83.89794712232252,0,-1,1,-1,1,-1,1,single,0.0,0,1000.0,10.0,,10,auto,peak,
0,26,27,21000000000.0,6890000000.0,21000000000.0,6890000000.0,lo+if,spur,2,2,-1,2*LO - 2*IF,28220000000.0,28220000000.0,28220000000.0,0.0,0.0,-79.84645154274813,-56.003890492782745,0,-1,1,-1,1,-1,1,single,0.0,0,1000.0,10.0,,10,auto,peak,
0,26,27,21000000000.0,6890000000.0,21000000000.0,6890000000.0,lo+if,spur,3,5,-1,3*LO - 5*IF,28550000000.0,28550000000.0,28550000390.6,390.5999984741211,390.5999984741211,-131.38243165425166,-107.53987060428628,1,-1,1,-1,1,-1,1,single,0.0,0,1000.0,10.0,,10,auto,peak,
0,26,27,21000000000.0,6890000000.0,21000000000.0,6890000000.0,lo+if,IF_harmonic,0,5,1,0*LO + 5*IF,34450000000.0,34450000000.0,34449999550.4,-449.5999984741211,-449.5999984741211,-130.17850896612518,-106.3359479161598,1,-1,1,-1,1,-1,1,single,0.0,0,1000.0,10.0,,10,auto,peak,
0,26,27,21000000000.0,6890000000.0,21000000000.0,6890000000.0,lo+if,spur,1,2,1,1*LO + 2*IF,34780000000.0,34780000000.0,34780000000.0,0.0,0.0,-92.36892873360767,-68.52636768364229,0,-1,1,-1,1,-1,1,single,0.0,0,1000.0,10.0,,10,auto,peak,
