lo_index,if_index,point_index,lo_set_Hz,if_set_Hz,lo_model_Hz,if_model_Hz,mode,kind,m,n,sign,expression,expected_freq_Hz,expected_corr_freq_Hz,measured_freq_Hz,freq_error_Hz,freq_error_corr_Hz,power_dBm,rel_dBc_vs_desired,noise_limited,cluster_id,cluster_size,analytic_coincidence_id,analytic_coincidence_size,measured_coincidence_id,measured_coincidence_size,measurement_scope,cluster_window_half_width_Hz,cluster_window_fallback,span_Hz,rbw_Hz,vbw_Hz,avg_sweeps,marker_mode_global,marker_mode_effective,error
0,85,86,21000000000.0,7775000000.0,21000000000.0,7775000000.0,lo+if,desired,1,1,1,1*LO + 1*IF,28775000000.0,28775000000.0,28775000000.0,0.0,0.0,-24.820845967993638,0.0,0,-1,1,-1,1,-1,1,single,0.0,0,1000.0,10.0,,10,auto,peak,
0,85,86,21000000000.0,7775000000.0,21000000000.0,7775000000.0,lo+if,spur,2,2,-1,2*LO - 2*IF,26450000000.0,26450000000.0,26450000000.0,0.0,0.0,-81.23669311958487,-56.41584715159124,0,-1,1,-1,1,-1,1,single,0.0,0,1000.0,10.0,,10,auto,peak,
0,85,86,21000000000.0,7775000000.0,21000000000.0,7775000000.0,lo+if,IF_harmonic,0,4,1,0*LO + 4*IF,31100000000.0,31100000000.0,31100000001.0,1.0,1.0,-123.22505223587652,-98.40420626788288,1,-1,1,-1,1,-1,1,single,0.0,0,1000.0,10.0,,10,auto,peak,
0,85,86,21000000000.0,7775000000.0,21000000000.0,7775000000.0,lo+if,spur,3,4,-1,3*LO - 4*IF,31900000000.0,31900000000.0,31899999631.4,-368.5999984741211,-368.5999984741211,-131.15842921168695,-106.33758324369332,1,-1,1,-1,1,-1,1,single,0.0,0,1000.0,10.0,,10,auto,peak,
0,85,86,21000000000.0,7775000000.0,21000000000.0,7775000000.0,lo+if,spur,2,1,-1,2*LO - 1*IF,34225000000.0,34225000000.0,34225000000.0,0.0,0.0,-56.23060233148767,-31.40975636349403,0,-1,1,-1,1,-1,1,single,0.0,0,1000.0,10.0,,10,auto,peak,
