lo_index,if_index,point_index,lo_set_Hz,if_set_Hz,lo_model_Hz,if_model_Hz,mode,kind,m,n,sign,expression,expected_freq_Hz,expected_corr_freq_Hz,measured_freq_Hz,freq_error_Hz,freq_error_corr_Hz,power_dBm,rel_dBc_vs_desired,noise_limited,cluster_id,cluster_size,analytic_coincidence_id,analytic_coincidence_size,measured_coincidence_id,measured_coincidence_size,measurement_scope,cluster_window_half_width_Hz,cluster_window_fallback,span_Hz,rbw_Hz,vbw_Hz,avg_sweeps,marker_mode_global,marker_mode_effective,error
0,4,5,21000000000.0,6560000000.0,21000000000.0,6560000000.0,lo+if,desired,1,1,1,1*LO + 1*IF,27560000000.0,27560000000.0,27560000000.0,0.0,0.0,-25.544249681311616,0.0,0,-1,1,-1,1,-1,1,single,0.0,0,1000.0,10.0,,10,auto,peak,
0,4,5,21000000000.0,6560000000.0,21000000000.0,6560000000.0,lo+if,IF_harmonic,0,4,1,0*LO + 4*IF,26240000000.0,26240000000.0,26240000000.0,0.0,0.0,-108.71375644966093,-83.16950676834932,0,-1,1,-1,1,-1,1,single,0.0,0,1000.0,10.0,,10,auto,peak,
0,4,5,21000000000.0,6560000000.0,21000000000.0,6560000000.0,lo+if,spur,2,2,-1,2*LO - 2*IF,28880000000.0,28880000000.0,28880000000.0,0.0,0.0,-83.99492011845598,-58.45067043714437,0,-1,1,-1,1,-1,1,single,0.0,0,1000.0,10.0,,10,auto,peak,
0,4,5,21000000000.0,6560000000.0,21000000000.0,6560000000.0,lo+if,spur,3,5,-1,3*LO - 5*IF,30200000000.0,30200000000.0,30200000047.0,47.0,47.0,-131.24328563069153,-105.69903594937992,1,-1,1,-1,1,-1,1,single,0.0,0,1000.0,10.0,,10,auto,peak,
0,4,5,21000000000.0,6560000000.0,21000000000.0,6560000000.0,lo+if,IF_harmonic,0,5,1,0*LO + 5*IF,32800000000.0,32800000000.0,32800000000.0,0.0,0.0,-123.93872710063825,-98.39447741932663,1,-1,1,-1,1,-1,1,single,0.0,0,1000.0,10.0,,10,auto,peak,
0,4,5,21000000000.0,6560000000.0,21000000000.0,6560000000.0,lo+if,spur,1,2,1,1*LO + 2*IF,34120000000.0,34120000000.0,34120000000.0,0.0,0.0,-88.30889723640048,-62.76464755508887,0,-1,1,-1,1,-1,1,single,0.0,0,1000.0,10.0,,10,auto,peak,
