lo_index,if_index,point_index,lo_set_Hz,if_set_Hz,lo_model_Hz,if_model_Hz,mode,kind,m,n,sign,expression,expected_freq_Hz,expected_corr_freq_Hz,measured_freq_Hz,freq_error_Hz,freq_error_corr_Hz,power_dBm,rel_dBc_vs_desired,noise_limited,cluster_id,cluster_size,analytic_coincidence_id,analytic_coincidence_size,measured_coincidence_id,measured_coincidence_size,measurement_scope,cluster_window_half_width_Hz,cluster_window_fallback,span_Hz,rbw_Hz,vbw_Hz,avg_sweeps,marker_mode_global,marker_mode_effective,error
0,30,31,21000000000.0,6950000000.0,21000000000.0,6950000000.0,lo+if,desired,1,1,1,1*LO + 1*IF,27950000000.0,27950000000.0,27950000000.0,0.0,0.0,-23.587562451594955,0.0,0,-1,1,-1,1,-1,1,single,0.0,0,1000.0,10.0,,10,auto,peak,
0,30,31,21000000000.0,6950000000.0,21000000000.0,6950000000.0,lo+if,IF_harmonic,0,4,1,0*LO + 4*IF,27800000000.0,27800000000.0,27800000000.0,0.0,0.0,-105.22710250425773,-81.63954005266277,0,-1,1,-1,1,-1,1,single,0.0,0,1000.0,10.0,,10,auto,peak,
0,30,31,21000000000.0,6950000000.0,21000000000.0,6950000000.0,lo+if,spur,2,2,-1,2*LO - 2*IF,28100000000.0,28100000000.0,28100000000.0,0.0,0.0,-79.96286748511228,-56.37530503351733,0,-1,1,-1,1,-1,1,single,0.0,0,1000.0,10.0,,10,auto,peak,
0,30,31,21000000000.0,6950000000.0,21000000000.0,6950000000.0,lo+if,spur,3,5,-1,3*LO - 5*IF,28250000000.0,28250000000.0,28250000307.7,307.70000076293945,307.70000076293945,-130.47847148506864,-106.89090903347369,1,-1,1,-1,1,-1,1,single,0.0,0,1000.0,10.0,,10,auto,peak,
0,30,31,21000000000.0,6950000000.0,21000000000.0,6950000000.0,lo+if,IF_harmonic,0,5,1,0*LO + 5*IF,34750000000.0,34750000000.0,34749999549.5,-450.5,-450.5,-129.1734178885852,-105.58585543699024,1,-1,1,-1,1,-1,1,single,0.0,0,1000.0,10.0,,10,auto,peak,
0,30,31,21000000000.0,6950000000.0,21000000000.0,6950000000.0,lo+if,spur,1,2,1,1*LO + 2*IF,34900000000.0,34900000000.0,34900000000.0,0.0,0.0,-95.51463875776889,-71.92707630617394,0,-1,1,-1,1,-1,1,single,0.0,0,1000.0,10.0,,10,auto,peak,
