lo_index,if_index,point_index,lo_set_Hz,if_set_Hz,lo_model_Hz,if_model_Hz,mode,kind,m,n,sign,expression,expected_freq_Hz,expected_corr_freq_Hz,measured_freq_Hz,freq_error_Hz,freq_error_corr_Hz,power_dBm,rel_dBc_vs_desired,noise_limited,cluster_id,cluster_size,analytic_coincidence_id,analytic_coincidence_size,measured_coincidence_id,measured_coincidence_size,measurement_scope,cluster_window_half_width_Hz,cluster_window_fallback,span_Hz,rbw_Hz,vbw_Hz,avg_sweeps,marker_mode_global,marker_mode_effective,error
0,42,43,22000000000.0,7130000000.0,22000000000.0,7130000000.0,lo+if,desired,1,1,1,1*LO + 1*IF,29130000000.0,29130000000.0,29130000000.0,0.0,0.0,-24.335323512423464,0.0,0,-1,1,-1,1,-1,1,single,0.0,0,1000.0,10.0,,10,auto,peak,
0,42,43,22000000000.0,7130000000.0,22000000000.0,7130000000.0,lo+if,IF_harmonic,0,4,1,0*LO + 4*IF,28520000000.0,28520000000.0,28519999878.1,-121.9000015258789,-121.9000015258789,-130.80168539791757,-106.46636188549411,1,-1,1,-1,1,-1,1,single,0.0,0,1000.0,10.0,,10,auto,peak,
0,42,43,22000000000.0,7130000000.0,22000000000.0,7130000000.0,lo+if,spur,2,2,-1,2*LO - 2*IF,29740000000.0,29740000000.0,29740000000.0,0.0,0.0,-89.78825007491446,-65.452926562491,0,-1,1,-1,1,-1,1,single,0.0,0,1000.0,10.0,,10,auto,peak,
0,42,43,22000000000.0,7130000000.0,22000000000.0,7130000000.0,lo+if,spur,3,5,-1,3*LO - 5*IF,30350000000.0,30350000000.0,30349999552.4,-447.5999984741211,-447.5999984741211,-132.17835845786257,-107.84303494543911,1,-1,1,-1,1,-1,1,single,0.0,0,1000.0,10.0,,10,auto,peak,
