lo_index,if_index,point_index,lo_set_Hz,if_set_Hz,lo_model_Hz,if_model_Hz,mode,kind,m,n,sign,expression,expected_freq_Hz,expected_corr_freq_Hz,measured_freq_Hz,freq_error_Hz,freq_error_corr_Hz,power_dBm,rel_dBc_vs_desired,noise_limited,cluster_id,cluster_size,analytic_coincidence_id,analytic_coincidence_size,measured_coincidence_id,measured_coincidence_size,measurement_scope,cluster_window_half_width_Hz,cluster_window_fallback,span_Hz,rbw_Hz,vbw_Hz,avg_sweeps,marker_mode_global,marker_mode_effective,error
0,95,96,22000000000.0,7925000000.0,22000000000.0,7925000000.0,lo+if,desired,1,1,1,1*LO + 1*IF,29925000000.0,29925000000.0,29925000000.0,0.0,0.0,-25.168902935911145,0.0,0,-1,1,-1,1,-1,1,single,0.0,0,1000.0,10.0,,10,auto,peak,
0,95,96,22000000000.0,7925000000.0,22000000000.0,7925000000.0,lo+if,spur,3,5,-1,3*LO - 5*IF,26375000000.0,26375000000.0,26375000387.6,387.5999984741211,387.5999984741211,-129.21925533012103,-104.05035239420988,1,-1,1,-1,1,-1,1,single,0.0,0,1000.0,10.0,,10,auto,peak,
0,95,96,22000000000.0,7925000000.0,22000000000.0,7925000000.0,lo+if,spur,2,2,-1,2*LO - 2*IF,28150000000.0,28150000000.0,28150000000.0,0.0,0.0,-89.66921006141193,-64.50030712550078,0,-1,1,-1,1,-1,1,single,0.0,0,1000.0,10.0,,10,auto,peak,
0,95,96,22000000000.0,7925000000.0,22000000000.0,7925000000.0,lo+if,IF_harmonic,0,4,1,0*LO + 4*IF,31700000000.0,31700000000.0,31700000000.0,0.0,0.0,-120.35188149882111,-95.18297856290997,1,-1,1,-1,1,-1,1,single,0.0,0,1000.0,10.0,,10,auto,peak,
0,95,96,22000000000.0,7925000000.0,22000000000.0,7925000000.0,lo+if,spur,3,4,-1,3*LO - 4*IF,34300000000.0,34300000000.0,34300000001.0,1.0,1.0,-123.84232452945169,-98.67342159354054,1,-1,1,-1,1,-1,1,single,0.0,0,1000.0,10.0,,10,auto,peak,
