lo_index,if_index,point_index,lo_set_Hz,if_set_Hz,lo_model_Hz,if_model_Hz,mode,kind,m,n,sign,expression,expected_freq_Hz,expected_corr_freq_Hz,measured_freq_Hz,freq_error_Hz,freq_error_corr_Hz,power_dBm,rel_dBc_vs_desired,noise_limited,cluster_id,cluster_size,analytic_coincidence_id,analytic_coincidence_size,measured_coincidence_id,measured_coincidence_size,measurement_scope,cluster_window_half_width_Hz,cluster_window_fallback,span_Hz,rbw_Hz,vbw_Hz,avg_sweeps,marker_mode_global,marker_mode_effective,error
0,23,24,22000000000.0,6845000000.0,22000000000.0,6845000000.0,lo+if,desired,1,1,1,1*LO + 1*IF,28845000000.0,28845000000.0,28845000000.0,0.0,0.0,-25.27781123963588,0.0,0,-1,1,-1,1,-1,1,single,0.0,0,1000.0,10.0,,10,auto,peak,
0,23,24,22000000000.0,6845000000.0,22000000000.0,6845000000.0,lo+if,IF_harmonic,0,4,1,0*LO + 4*IF,27380000000.0,27380000000.0,27380000000.0,0.0,0.0,-104.67178880015109,-79.39397756051521,0,-1,1,-1,1,-1,1,single,0.0,0,1000.0,10.0,,10,auto,peak,
0,23,24,22000000000.0,6845000000.0,22000000000.0,6845000000.0,lo+if,spur,2,2,-1,2*LO - 2*IF,30310000000.0,30310000000.0,30310000000.0,0.0,0.0,-93.68957556748121,-68.41176432784533,0,-1,1,-1,1,-1,1,single,0.0,0,1000.0,10.0,,10,auto,peak,
0,23,24,22000000000.0,6845000000.0,22000000000.0,6845000000.0,lo+if,spur,3,5,-1,3*LO - 5*IF,31775000000.0,31775000000.0,31775000152.8,152.79999923706055,152.79999923706055,-131.3406600107861,-106.06284877115023,1,-1,1,-1,1,-1,1,single,0.0,0,1000.0,10.0,,10,auto,peak,
0,23,24,22000000000.0,6845000000.0,22000000000.0,6845000000.0,lo+if,IF_harmonic,0,5,1,0*LO + 5*IF,34225000000.0,34225000000.0,34224999550.4,-449.5999984741211,-449.5999984741211,-129.89361322410102,-104.61580198446514,1,-1,1,-1,1,-1,1,single,0.0,0,1000.0,10.0,,10,auto,peak,
