lo_index,if_index,point_index,lo_set_Hz,if_set_Hz,lo_model_Hz,if_model_Hz,mode,kind,m,n,sign,expression,expected_freq_Hz,expected_corr_freq_Hz,measured_freq_Hz,freq_error_Hz,freq_error_corr_Hz,power_dBm,rel_dBc_vs_desired,noise_limited,cluster_id,cluster_size,analytic_coincidence_id,analytic_coincidence_size,measured_coincidence_id,measured_coincidence_size,measurement_scope,cluster_window_half_width_Hz,cluster_window_fallback,span_Hz,rbw_Hz,vbw_Hz,avg_sweeps,marker_mode_global,marker_mode_effective,error
0,28,29,22000000000.0,6920000000.0,22000000000.0,6920000000.0,lo+if,desired,1,1,1,1*LO + 1*IF,28920000000.0,28920000000.0,28920000000.0,0.0,0.0,-24.77600224318512,0.0,0,-1,1,-1,1,-1,1,single,0.0,0,1000.0,10.0,,10,auto,peak,
0,28,29,22000000000.0,6920000000.0,22000000000.0,6920000000.0,lo+if,IF_harmonic,0,4,1,0*LO + 4*IF,27680000000.0,27680000000.0,27680000000.0,0.0,0.0,-104.94010759861283,-80.16410535542771,0,-1,1,-1,1,-1,1,single,0.0,0,1000.0,10.0,,10,auto,peak,
0,28,29,22000000000.0,6920000000.0,22000000000.0,6920000000.0,lo+if,spur,2,2,-1,2*LO - 2*IF,30160000000.0,30160000000.0,30160000000.0,0.0,0.0,-91.89151527918297,-67.11551303599785,0,-1,1,-1,1,-1,1,single,0.0,0,1000.0,10.0,,10,auto,peak,
0,28,29,22000000000.0,6920000000.0,22000000000.0,6920000000.0,lo+if,spur,3,5,-1,3*LO - 5*IF,31400000000.0,31400000000.0,31400000445.6,445.5999984741211,445.5999984741211,-131.32517407474558,-106.54917183156046,1,-1,1,-1,1,-1,1,single,0.0,0,1000.0,10.0,,10,auto,peak,
0,28,29,22000000000.0,6920000000.0,22000000000.0,6920000000.0,lo+if,IF_harmonic,0,5,1,0*LO + 5*IF,34600000000.0,34600000000.0,34599999835.2,-164.8000030517578,-164.8000030517578,-128.85169320170777,-104.07569095852266,1,-1,1,-1,1,-1,1,single,0.0,0,1000.0,10.0,,10,auto,peak,
