lo_index,if_index,point_index,lo_set_Hz,if_set_Hz,lo_model_Hz,if_model_Hz,mode,kind,m,n,sign,expression,expected_freq_Hz,expected_corr_freq_Hz,measured_freq_Hz,freq_error_Hz,freq_error_corr_Hz,power_dBm,rel_dBc_vs_desired,noise_limited,cluster_id,cluster_size,analytic_coincidence_id,analytic_coincidence_size,measured_coincidence_id,measured_coincidence_size,measurement_scope,cluster_window_half_width_Hz,cluster_window_fallback,span_Hz,rbw_Hz,vbw_Hz,avg_sweeps,marker_mode_global,marker_mode_effective,error
0,94,95,22000000000.0,7910000000.0,22000000000.0,7910000000.0,lo+if,desired,1,1,1,1*LO + 1*IF,29910000000.0,29910000000.0,29910000000.0,0.0,0.0,-25.00845083270566,0.0,0,-1,1,-1,1,-1,1,single,0.0,0,1000.0,10.0,,10,auto,peak,
0,94,95,22000000000.0,7910000000.0,22000000000.0,7910000000.0,lo+if,spur,3,5,-1,3*LO - 5*IF,26450000000.0,26450000000.0,26450000181.8,181.79999923706055,181.79999923706055,-130.2005114371863,-105.19206060448063,1,-1,1,-1,1,-1,1,single,0.0,0,1000.0,10.0,,10,auto,peak,
0,94,95,22000000000.0,7910000000.0,22000000000.0,7910000000.0,lo+if,spur,2,2,-1,2*LO - 2*IF,28180000000.0,28180000000.0,28180000000.0,0.0,0.0,-90.31180079964122,-65.30334996693556,0,-1,1,-1,1,-1,1,single,0.0,0,1000.0,10.0,,10,auto,peak,
0,94,95,22000000000.0,7910000000.0,22000000000.0,7910000000.0,lo+if,IF_harmonic,0,4,1,0*LO + 4*IF,31640000000.0,31640000000.0,31640000000.0,0.0,0.0,-116.82995042907186,-91.8214995963662,0,-1,1,-1,1,-1,1,single,0.0,0,1000.0,10.0,,10,auto,peak,
0,94,95,22000000000.0,7910000000.0,22000000000.0,7910000000.0,lo+if,spur,3,4,-1,3*LO - 4*IF,34360000000.0,34360000000.0,34360000000.0,0.0,0.0,-123.54238896877922,-98.53393813607356,1,-1,1,-1,1,-1,1,single,0.0,0,1000.0,10.0,,10,auto,peak,
