lo_index,if_index,point_index,lo_set_Hz,if_set_Hz,lo_model_Hz,if_model_Hz,mode,kind,m,n,sign,expression,expected_freq_Hz,expected_corr_freq_Hz,measured_freq_Hz,freq_error_Hz,freq_error_corr_Hz,power_dBm,rel_dBc_vs_desired,noise_limited,cluster_id,cluster_size,analytic_coincidence_id,analytic_coincidence_size,measured_coincidence_id,measured_coincidence_size,measurement_scope,cluster_window_half_width_Hz,cluster_window_fallback,span_Hz,rbw_Hz,vbw_Hz,avg_sweeps,marker_mode_global,marker_mode_effective,error
0,75,76,22000000000.0,7625000000.0,22000000000.0,7625000000.0,lo+if,desired,1,1,1,1*LO + 1*IF,29625000000.0,29625000000.0,29625000000.0,0.0,0.0,-25.573958715118124,0.0,0,-1,1,-1,1,-1,1,single,0.0,0,1000.0,10.0,,10,auto,peak,
0,75,76,22000000000.0,7625000000.0,22000000000.0,7625000000.0,lo+if,spur,3,5,-1,3*LO - 5*IF,27875000000.0,27875000000.0,27875000288.7,288.70000076293945,288.70000076293945,-131.5650921426897,-105.99113342757158,1,-1,1,-1,1,-1,1,single,0.0,0,1000.0,10.0,,10,auto,peak,
0,75,76,22000000000.0,7625000000.0,22000000000.0,7625000000.0,lo+if,spur,2,2,-1,2*LO - 2*IF,28750000000.0,28750000000.0,28750000000.0,0.0,0.0,-90.72213136473253,-65.14817264961441,0,-1,1,-1,1,-1,1,single,0.0,0,1000.0,10.0,,10,auto,peak,
0,75,76,22000000000.0,7625000000.0,22000000000.0,7625000000.0,lo+if,IF_harmonic,0,4,1,0*LO + 4*IF,30500000000.0,30500000000.0,30500000000.0,0.0,0.0,-125.0275679578945,-99.45360924277638,1,-1,1,-1,1,-1,1,single,0.0,0,1000.0,10.0,,10,auto,peak,
