lo_index,if_index,point_index,lo_set_Hz,if_set_Hz,lo_model_Hz,if_model_Hz,mode,kind,m,n,sign,expression,expected_freq_Hz,expected_corr_freq_Hz,measured_freq_Hz,freq_error_Hz,freq_error_corr_Hz,power_dBm,rel_dBc_vs_desired,noise_limited,cluster_id,cluster_size,analytic_coincidence_id,analytic_coincidence_size,measured_coincidence_id,measured_coincidence_size,measurement_scope,cluster_window_half_width_Hz,cluster_window_fallback,span_Hz,rbw_Hz,vbw_Hz,avg_sweeps,marker_mode_global,marker_mode_effective,error
0,56,57,22000000000.0,7340000000.0,22000000000.0,7340000000.0,lo+if,desired,1,1,1,1*LO + 1*IF,29340000000.0,29340000000.0,29340000000.0,0.0,0.0,-25.477764801036642,0.0,0,-1,1,-1,1,-1,1,single,0.0,0,1000.0,10.0,,10,auto,peak,
0,56,57,22000000000.0,7340000000.0,22000000000.0,7340000000.0,lo+if,spur,3,5,-1,3*LO - 5*IF,29300000000.0,29300000000.0,29300000233.8,233.79999923706055,233.79999923706055,-131.2066569537666,-105.72889215272997,1,-1,1,-1,1,-1,1,single,0.0,0,1000.0,10.0,,10,auto,peak,
0,56,57,22000000000.0,7340000000.0,22000000000.0,7340000000.0,lo+if,spur,2,2,-1,2*LO - 2*IF,29320000000.0,29320000000.0,29320000000.0,0.0,0.0,-91.48577859846684,-66.0080137974302,0,-1,1,-1,1,-1,1,single,0.0,0,1000.0,10.0,,10,auto,peak,
0,56,57,22000000000.0,7340000000.0,22000000000.0,7340000000.0,lo+if,IF_harmonic,0,4,1,0*LO + 4*IF,29360000000.0,29360000000.0,29359999999.0,-1.0,-1.0,-125.2180999745,-99.74033517346336,1,-1,1,-1,1,-1,1,single,0.0,0,1000.0,10.0,,10,auto,peak,
