lo_index,if_index,point_index,lo_set_Hz,if_set_Hz,lo_model_Hz,if_model_Hz,mode,kind,m,n,sign,expression,expected_freq_Hz,expected_corr_freq_Hz,measured_freq_Hz,freq_error_Hz,freq_error_corr_Hz,power_dBm,rel_dBc_vs_desired,noise_limited,cluster_id,cluster_size,analytic_coincidence_id,analytic_coincidence_size,measured_coincidence_id,measured_coincidence_size,measurement_scope,cluster_window_half_width_Hz,cluster_window_fallback,span_Hz,rbw_Hz,vbw_Hz,avg_sweeps,marker_mode_global,marker_mode_effective,error
0,47,48,22000000000.0,7205000000.0,22000000000.0,7205000000.0,lo+if,desired,1,1,1,1*LO + 1*IF,29205000000.0,29205000000.0,29205000000.0,0.0,0.0,-24.492253222957277,0.0,0,-1,1,-1,1,-1,1,single,0.0,0,1000.0,10.0,,10,auto,peak,
0,47,48,22000000000.0,7205000000.0,22000000000.0,7205000000.0,lo+if,IF_harmonic,0,4,1,0*LO + 4*IF,28820000000.0,28820000000.0,28820000001.0,1.0,1.0,-126.175076938368,-101.68282371541072,1,-1,1,-1,1,-1,1,single,0.0,0,1000.0,10.0,,10,auto,peak,
0,47,48,22000000000.0,7205000000.0,22000000000.0,7205000000.0,lo+if,spur,2,2,-1,2*LO - 2*IF,29590000000.0,29590000000.0,29590000000.0,0.0,0.0,-90.00719187553588,-65.5149386525786,0,-1,1,-1,1,-1,1,single,0.0,0,1000.0,10.0,,10,auto,peak,
0,47,48,22000000000.0,7205000000.0,22000000000.0,7205000000.0,lo+if,spur,3,5,-1,3*LO - 5*IF,29975000000.0,29975000000.0,29974999801.2,-198.79999923706055,-198.79999923706055,-132.8246922219505,-108.33243899899323,1,-1,1,-1,1,-1,1,single,0.0,0,1000.0,10.0,,10,auto,peak,
