lo_index,if_index,point_index,lo_set_Hz,if_set_Hz,lo_model_Hz,if_model_Hz,mode,kind,m,n,sign,expression,expected_freq_Hz,expected_corr_freq_Hz,measured_freq_Hz,freq_error_Hz,freq_error_corr_Hz,power_dBm,rel_dBc_vs_desired,noise_limited,cluster_id,cluster_size,analytic_coincidence_id,analytic_coincidence_size,measured_coincidence_id,measured_coincidence_size,measurement_scope,cluster_window_half_width_Hz,cluster_window_fallback,span_Hz,rbw_Hz,vbw_Hz,avg_sweeps,marker_mode_global,marker_mode_effective,error
0,3,4,22000000000.0,6545000000.0,22000000000.0,6545000000.0,lo+if,desired,1,1,1,1*LO + 1*IF,28545000000.0,28545000000.0,28545000000.0,0.0,0.0,-25.347253196735796,0.0,0,-1,1,-1,1,-1,1,single,0.0,0,1000.0,10.0,,10,auto,peak,
0,3,4,22000000000.0,6545000000.0,22000000000.0,6545000000.0,lo+if,IF_harmonic,0,4,1,0*LO + 4*IF,26180000000.0,26180000000.0,26180000000.0,0.0,0.0,-108.11744910728373,-82.77019591054794,0,-1,1,-1,1,-1,1,single,0.0,0,1000.0,10.0,,10,auto,peak,
0,3,4,22000000000.0,6545000000.0,22000000000.0,6545000000.0,lo+if,spur,2,2,-1,2*LO - 2*IF,30910000000.0,30910000000.0,30910000000.0,0.0,0.0,-96.27430593014651,-70.92705273341072,0,-1,1,-1,1,-1,1,single,0.0,0,1000.0,10.0,,10,auto,peak,
0,3,4,22000000000.0,6545000000.0,22000000000.0,6545000000.0,lo+if,IF_harmonic,0,5,1,0*LO + 5*IF,32725000000.0,32725000000.0,32725000000.0,0.0,0.0,-122.07269584742681,-96.72544265069102,1,-1,1,-1,1,-1,1,single,0.0,0,1000.0,10.0,,10,auto,peak,
0,3,4,22000000000.0,6545000000.0,22000000000.0,6545000000.0,lo+if,spur,3,5,-1,3*LO - 5*IF,33275000000.0,33275000000.0,33275000238.8,238.79999923706055,238.79999923706055,-130.5918771794403,-105.24462398270451,1,-1,1,-1,1,-1,1,single,0.0,0,1000.0,10.0,,10,auto,peak,
