lo_index,if_index,point_index,lo_set_Hz,if_set_Hz,lo_model_Hz,if_model_Hz,mode,kind,m,n,sign,expression,expected_freq_Hz,expected_corr_freq_Hz,measured_freq_Hz,freq_error_Hz,freq_error_corr_Hz,power_dBm,rel_dBc_vs_desired,noise_limited,cluster_id,cluster_size,analytic_coincidence_id,analytic_coincidence_size,measured_coincidence_id,measured_coincidence_size,measurement_scope,cluster_window_half_width_Hz,cluster_window_fallback,span_Hz,rbw_Hz,vbw_Hz,avg_sweeps,marker_mode_global,marker_mode_effective,error
0,35,36,22000000000.0,7025000000.0,22000000000.0,7025000000.0,lo+if,desired,1,1,1,1*LO + 1*IF,29025000000.0,29025000000.0,29025000000.0,0.0,0.0,-25.23918025549188,0.0,0,-1,1,-1,1,-1,1,single,0.0,0,1000.0,10.0,,10,auto,peak,
0,35,36,22000000000.0,7025000000.0,22000000000.0,7025000000.0,lo+if,IF_harmonic,0,4,1,0*LO + 4*IF,28100000000.0,28100000000.0,28100000000.0,0.0,0.0,-98.05162828477475,-72.81244802928288,0,-1,1,-1,1,-1,1,single,0.0,0,1000.0,10.0,,10,auto,peak,
0,35,36,22000000000.0,7025000000.0,22000000000.0,7025000000.0,lo+if,spur,2,2,-1,2*LO - 2*IF,29950000000.0,29950000000.0,29950000000.0,0.0,0.0,-93.0389051348767,-67.79972487938483,0,-1,1,-1,1,-1,1,single,0.0,0,1000.0,10.0,,10,auto,peak,
0,35,36,22000000000.0,7025000000.0,22000000000.0,7025000000.0,lo+if,spur,3,5,-1,3*LO - 5*IF,30875000000.0,30875000000.0,30874999645.4,-354.5999984741211,-354.5999984741211,-131.01826518460186,-105.77908492910998,1,-1,1,-1,1,-1,1,single,0.0,0,1000.0,10.0,,10,auto,peak,
