lo_index,if_index,point_index,lo_set_Hz,if_set_Hz,lo_model_Hz,if_model_Hz,mode,kind,m,n,sign,expression,expected_freq_Hz,expected_corr_freq_Hz,measured_freq_Hz,freq_error_Hz,freq_error_corr_Hz,power_dBm,rel_dBc_vs_desired,noise_limited,cluster_id,cluster_size,analytic_coincidence_id,analytic_coincidence_size,measured_coincidence_id,measured_coincidence_size,measurement_scope,cluster_window_half_width_Hz,cluster_window_fallback,span_Hz,rbw_Hz,vbw_Hz,avg_sweeps,marker_mode_global,marker_mode_effective,error
0,33,34,22000000000.0,6995000000.0,22000000000.0,6995000000.0,lo+if,desired,1,1,1,1*LO + 1*IF,28995000000.0,28995000000.0,28995000000.0,0.0,0.0,-25.11968371051192,0.0,0,-1,1,-1,1,-1,1,single,0.0,0,1000.0,10.0,,10,auto,peak,
0,33,34,22000000000.0,6995000000.0,22000000000.0,6995000000.0,lo+if,IF_harmonic,0,4,1,0*LO + 4*IF,27980000000.0,27980000000.0,27980000000.0,0.0,0.0,-102.71798887607751,-77.59830516556559,0,-1,1,-1,1,-1,1,single,0.0,0,1000.0,10.0,,10,auto,peak,
0,33,34,22000000000.0,6995000000.0,22000000000.0,6995000000.0,lo+if,spur,2,2,-1,2*LO - 2*IF,30010000000.0,30010000000.0,30010000000.0,0.0,0.0,-91.67191683910113,-66.55223312858921,0,-1,1,-1,1,-1,1,single,0.0,0,1000.0,10.0,,10,auto,peak,
0,33,34,22000000000.0,6995000000.0,22000000000.0,6995000000.0,lo+if,spur,3,5,-1,3*LO - 5*IF,31025000000.0,31025000000.0,31024999717.3,-282.70000076293945,-282.70000076293945,-130.7890464637248,-105.66936275321287,1,-1,1,-1,1,-1,1,single,0.0,0,1000.0,10.0,,10,auto,peak,
0,33,34,22000000000.0,6995000000.0,22000000000.0,6995000000.0,lo+if,IF_harmonic,0,5,1,0*LO + 5*IF,34975000000.0,34975000000.0,34975000477.5,477.5,477.5,-129.22150478059643,-104.10182107008451,1,-1,1,-1,1,-1,1,single,0.0,0,1000.0,10.0,,10,auto,peak,
