lo_index,if_index,point_index,lo_set_Hz,if_set_Hz,lo_model_Hz,if_model_Hz,mode,kind,m,n,sign,expression,expected_freq_Hz,expected_corr_freq_Hz,measured_freq_Hz,freq_error_Hz,freq_error_corr_Hz,power_dBm,rel_dBc_vs_desired,noise_limited,cluster_id,cluster_size,analytic_coincidence_id,analytic_coincidence_size,measured_coincidence_id,measured_coincidence_size,measurement_scope,cluster_window_half_width_Hz,cluster_window_fallback,span_Hz,rbw_Hz,vbw_Hz,avg_sweeps,marker_mode_global,marker_mode_effective,error
0,87,88,22000000000.0,7805000000.0,22000000000.0,7805000000.0,lo+if,desired,1,1,1,1*LO + 1*IF,29805000000.0,29805000000.0,29805000000.0,0.0,0.0,-25.114208209112157,0.0,0,-1,1,-1,1,-1,1,single,0.0,0,1000.0,10.0,,10,auto,peak,
0,87,88,22000000000.0,7805000000.0,22000000000.0,7805000000.0,lo+if,spur,3,5,-1,3*LO - 5*IF,26975000000.0,26975000000.0,26974999522.5,-477.5,-477.5,-131.2526470420655,-106.13843883295334,1,-1,1,-1,1,-1,1,single,0.0,0,1000.0,10.0,,10,auto,peak,
0,87,88,22000000000.0,7805000000.0,22000000000.0,7805000000.0,lo+if,spur,2,2,-1,2*LO - 2*IF,28390000000.0,28390000000.0,28390000000.0,0.0,0.0,-89.96974437503394,-64.85553616592179,0,-1,1,-1,1,-1,1,single,0.0,0,1000.0,10.0,,10,auto,peak,
0,87,88,22000000000.0,7805000000.0,22000000000.0,7805000000.0,lo+if,IF_harmonic,0,4,1,0*LO + 4*IF,31220000000.0,31220000000.0,31220000001.0,1.0,1.0,-125.09982080549523,-99.98561259638308,1,-1,1,-1,1,-1,1,single,0.0,0,1000.0,10.0,,10,auto,peak,
0,87,88,22000000000.0,7805000000.0,22000000000.0,7805000000.0,lo+if,spur,3,4,-1,3*LO - 4*IF,34780000000.0,34780000000.0,34780000135.9,135.9000015258789,135.9000015258789,-129.5775059954479,-104.46329778633574,1,-1,1,-1,1,-1,1,single,0.0,0,1000.0,10.0,,10,auto,peak,
