lo_index,if_index,point_index,lo_set_Hz,if_set_Hz,lo_model_Hz,if_model_Hz,mode,kind,m,n,sign,expression,expected_freq_Hz,expected_corr_freq_Hz,measured_freq_Hz,freq_error_Hz,freq_error_corr_Hz,power_dBm,rel_dBc_vs_desired,noise_limited,cluster_id,cluster_size,analytic_coincidence_id,analytic_coincidence_size,measured_coincidence_id,measured_coincidence_size,measurement_scope,cluster_window_half_width_Hz,cluster_window_fallback,span_Hz,rbw_Hz,vbw_Hz,avg_sweeps,marker_mode_global,marker_mode_effective,error
0,100,101,22000000000.0,8000000000.0,22000000000.0,8000000000.0,lo+if,desired,1,1,1,1*LO + 1*IF,30000000000.0,30000000000.0,30000000000.0,0.0,0.0,-25.51792235244745,0.0,0,-1,1,-1,1,-1,1,single,0.0,0,1000.0,10.0,,10,auto,peak,
0,100,101,22000000000.0,8000000000.0,22000000000.0,8000000000.0,lo+if,spur,3,5,-1,3*LO - 5*IF,26000000000.0,26000000000.0,25999999822.2,-177.79999923706055,-177.79999923706055,-128.55381462774602,-103.03589227529858,1,-1,1,-1,1,-1,1,single,0.0,0,1000.0,10.0,,10,auto,peak,
0,100,101,22000000000.0,8000000000.0,22000000000.0,8000000000.0,lo+if,spur,2,2,-1,2*LO - 2*IF,28000000000.0,28000000000.0,28000000000.0,0.0,0.0,-92.14214310614311,-66.62422075369565,0,-1,1,-1,1,-1,1,single,0.0,0,1000.0,10.0,,10,auto,peak,
0,100,101,22000000000.0,8000000000.0,22000000000.0,8000000000.0,lo+if,IF_harmonic,0,4,1,0*LO + 4*IF,32000000000.0,32000000000.0,32000000000.0,0.0,0.0,-124.27533933124705,-98.7574169787996,1,-1,1,-1,1,-1,1,single,0.0,0,1000.0,10.0,,10,auto,peak,
0,100,101,22000000000.0,8000000000.0,22000000000.0,8000000000.0,lo+if,spur,3,4,-1,3*LO - 4*IF,34000000000.0,34000000000.0,33999999999.0,-1.0,-1.0,-129.49219844423118,-103.97427609178374,1,-1,1,-1,1,-1,1,single,0.0,0,1000.0,10.0,,10,auto,peak,
