lo_index,if_index,point_index,lo_set_Hz,if_set_Hz,lo_model_Hz,if_model_Hz,mode,kind,m,n,sign,expression,expected_freq_Hz,expected_corr_freq_Hz,measured_freq_Hz,freq_error_Hz,freq_error_corr_Hz,power_dBm,rel_dBc_vs_desired,noise_limited,cluster_id,cluster_size,analytic_coincidence_id,analytic_coincidence_size,measured_coincidence_id,measured_coincidence_size,measurement_scope,cluster_window_half_width_Hz,cluster_window_fallback,span_Hz,rbw_Hz,vbw_Hz,avg_sweeps,marker_mode_global,marker_mode_effective,error
0,29,30,22000000000.0,6935000000.0,22000000000.0,6935000000.0,lo+if,desired,1,1,1,1*LO + 1*IF,28935000000.0,28935000000.0,28935000000.0,0.0,0.0,-24.778418488796493,0.0,0,-1,1,-1,1,-1,1,single,0.0,0,1000.0,10.0,,10,auto,peak,
0,29,30,22000000000.0,6935000000.0,22000000000.0,6935000000.0,lo+if,IF_harmonic,0,4,1,0*LO + 4*IF,27740000000.0,27740000000.0,27740000000.0,0.0,0.0,-104.74724752554951,-79.96882903675302,0,-1,1,-1,1,-1,1,single,0.0,0,1000.0,10.0,,10,auto,peak,
0,29,30,22000000000.0,6935000000.0,22000000000.0,6935000000.0,lo+if,spur,2,2,-1,2*LO - 2*IF,30130000000.0,30130000000.0,30130000000.0,0.0,0.0,-91.68598601741671,-66.90756752862022,0,-1,1,-1,1,-1,1,single,0.0,0,1000.0,10.0,,10,auto,peak,
0,29,30,22000000000.0,6935000000.0,22000000000.0,6935000000.0,lo+if,spur,3,5,-1,3*LO - 5*IF,31325000000.0,31325000000.0,31325000061.9,61.900001525878906,61.900001525878906,-131.89411073073293,-107.11569224193644,1,-1,1,-1,1,-1,1,single,0.0,0,1000.0,10.0,,10,auto,peak,
0,29,30,22000000000.0,6935000000.0,22000000000.0,6935000000.0,lo+if,IF_harmonic,0,5,1,0*LO + 5*IF,34675000000.0,34675000000.0,34675000309.7,309.6999969482422,309.6999969482422,-129.12064892791287,-104.34223043911638,1,-1,1,-1,1,-1,1,single,0.0,0,1000.0,10.0,,10,auto,peak,
