lo_index,if_index,point_index,lo_set_Hz,if_set_Hz,lo_model_Hz,if_model_Hz,mode,kind,m,n,sign,expression,expected_freq_Hz,expected_corr_freq_Hz,measured_freq_Hz,freq_error_Hz,freq_error_corr_Hz,power_dBm,rel_dBc_vs_desired,noise_limited,cluster_id,cluster_size,analytic_coincidence_id,analytic_coincidence_size,measured_coincidence_id,measured_coincidence_size,measurement_scope,cluster_window_half_width_Hz,cluster_window_fallback,span_Hz,rbw_Hz,vbw_Hz,avg_sweeps,marker_mode_global,marker_mode_effective,error
0,58,59,22000000000.0,7370000000.0,22000000000.0,7370000000.0,lo+if,desired,1,1,1,1*LO + 1*IF,29370000000.0,29370000000.0,29370000000.0,0.0,0.0,-25.336596249277626,0.0,0,-1,1,-1,1,-1,1,single,0.0,0,1000.0,10.0,,10,auto,peak,
0,58,59,22000000000.0,7370000000.0,22000000000.0,7370000000.0,lo+if,spur,3,5,-1,3*LO - 5*IF,29150000000.0,29150000000.0,29149999599.4,-400.5999984741211,-400.5999984741211,-131.8682900037801,-106.53169375450247,1,-1,1,-1,1,-1,1,single,0.0,0,1000.0,10.0,,10,auto,peak,
0,58,59,22000000000.0,7370000000.0,22000000000.0,7370000000.0,lo+if,spur,2,2,-1,2*LO - 2*IF,29260000000.0,29260000000.0,29260000000.0,0.0,0.0,-91.91119256100541,-66.57459631172779,0,-1,1,-1,1,-1,1,single,0.0,0,1000.0,10.0,,10,auto,peak,
0,58,59,22000000000.0,7370000000.0,22000000000.0,7370000000.0,lo+if,IF_harmonic,0,4,1,0*LO + 4*IF,29480000000.0,29480000000.0,29480000000.0,0.0,0.0,-123.37153874516149,-98.03494249588385,1,-1,1,-1,1,-1,1,single,0.0,0,1000.0,10.0,,10,auto,peak,
