lo_index,if_index,point_index,lo_set_Hz,if_set_Hz,lo_model_Hz,if_model_Hz,mode,kind,m,n,sign,expression,expected_freq_Hz,expected_corr_freq_Hz,measured_freq_Hz,freq_error_Hz,freq_error_corr_Hz,power_dBm,rel_dBc_vs_desired,noise_limited,cluster_id,cluster_size,analytic_coincidence_id,analytic_coincidence_size,measured_coincidence_id,measured_coincidence_size,measurement_scope,cluster_window_half_width_Hz,cluster_window_fallback,span_Hz,rbw_Hz,vbw_Hz,avg_sweeps,marker_mode_global,marker_mode_effective,error
0,14,15,22000000000.0,6710000000.0,22000000000.0,6710000000.0,lo+if,desired,1,1,1,1*LO + 1*IF,28710000000.0,28710000000.0,28710000000.0,0.0,0.0,-24.097207328588915,0.0,0,-1,1,-1,1,-1,1,single,0.0,0,1000.0,10.0,,10,auto,peak,
0,14,15,22000000000.0,6710000000.0,22000000000.0,6710000000.0,lo+if,IF_harmonic,0,4,1,0*LO + 4*IF,26840000000.0,26840000000.0,26840000000.0,0.0,0.0,-112.02762784375047,-87.93042051516156,0,-1,1,-1,1,-1,1,single,0.0,0,1000.0,10.0,,10,auto,peak,
0,14,15,22000000000.0,6710000000.0,22000000000.0,6710000000.0,lo+if,spur,2,2,-1,2*LO - 2*IF,30580000000.0,30580000000.0,30580000000.0,0.0,0.0,-92.53895479184854,-68.44174746325962,0,-1,1,-1,1,-1,1,single,0.0,0,1000.0,10.0,,10,auto,peak,
0,14,15,22000000000.0,6710000000.0,22000000000.0,6710000000.0,lo+if,spur,3,5,-1,3*LO - 5*IF,32450000000.0,32450000000.0,32449999632.4,-367.5999984741211,-367.5999984741211,-132.02315112896397,-107.92594380037505,1,-1,1,-1,1,-1,1,single,0.0,0,1000.0,10.0,,10,auto,peak,
0,14,15,22000000000.0,6710000000.0,22000000000.0,6710000000.0,lo+if,IF_harmonic,0,5,1,0*LO + 5*IF,33550000000.0,33550000000.0,33549999703.3,-296.70000076293945,-296.70000076293945,-130.44658980270964,-106.34938247412072,1,-1,1,-1,1,-1,1,single,0.0,0,1000.0,10.0,,10,auto,peak,
