lo_index,if_index,point_index,lo_set_Hz,if_set_Hz,lo_model_Hz,if_model_Hz,mode,kind,m,n,sign,expression,expected_freq_Hz,expected_corr_freq_Hz,measured_freq_Hz,freq_error_Hz,freq_error_corr_Hz,power_dBm,rel_dBc_vs_desired,noise_limited,cluster_id,cluster_size,analytic_coincidence_id,analytic_coincidence_size,measured_coincidence_id,measured_coincidence_size,measurement_scope,cluster_window_half_width_Hz,cluster_window_fallback,span_Hz,rbw_Hz,vbw_Hz,avg_sweeps,marker_mode_global,marker_mode_effective,error
0,44,45,22000000000.0,7160000000.0,22000000000.0,7160000000.0,lo+if,desired,1,1,1,1*LO + 1*IF,29160000000.0,29160000000.0,29160000000.0,0.0,0.0,-24.114073335192163,0.0,0,-1,1,-1,1,-1,1,single,0.0,0,1000.0,10.0,,10,auto,peak,
0,44,45,22000000000.0,7160000000.0,22000000000.0,7160000000.0,lo+if,IF_harmonic,0,4,1,0*LO + 4*IF,28640000000.0,28640000000.0,28639999641.4,-358.5999984741211,-358.5999984741211,-130.35682331669562,-106.24274998150347,1,-1,1,-1,1,-1,1,single,0.0,0,1000.0,10.0,,10,auto,peak,
0,44,45,22000000000.0,7160000000.0,22000000000.0,7160000000.0,lo+if,spur,2,2,-1,2*LO - 2*IF,29680000000.0,29680000000.0,29680000000.0,0.0,0.0,-89.35307125569003,-65.23899792049787,0,-1,1,-1,1,-1,1,single,0.0,0,1000.0,10.0,,10,auto,peak,
0,44,45,22000000000.0,7160000000.0,22000000000.0,7160000000.0,lo+if,spur,3,5,-1,3*LO - 5*IF,30200000000.0,30200000000.0,30200000002.0,2.0,2.0,-131.3084107164668,-107.19433738127464,1,-1,1,-1,1,-1,1,single,0.0,0,1000.0,10.0,,10,auto,peak,
