lo_index,if_index,point_index,lo_set_Hz,if_set_Hz,lo_model_Hz,if_model_Hz,mode,kind,m,n,sign,expression,expected_freq_Hz,expected_corr_freq_Hz,measured_freq_Hz,freq_error_Hz,freq_error_corr_Hz,power_dBm,rel_dBc_vs_desired,noise_limited,cluster_id,cluster_size,analytic_coincidence_id,analytic_coincidence_size,measured_coincidence_id,measured_coincidence_size,measurement_scope,cluster_window_half_width_Hz,cluster_window_fallback,span_Hz,rbw_Hz,vbw_Hz,avg_sweeps,marker_mode_global,marker_mode_effective,error
0,57,58,22000000000.0,7355000000.0,22000000000.0,7355000000.0,lo+if,desired,1,1,1,1*LO + 1*IF,29355000000.0,29355000000.0,29355000000.0,0.0,0.0,-25.383873274851464,0.0,0,-1,1,-1,1,-1,1,single,0.0,0,1000.0,10.0,,10,auto,peak,
0,57,58,22000000000.0,7355000000.0,22000000000.0,7355000000.0,lo+if,spur,3,5,-1,3*LO - 5*IF,29225000000.0,29225000000.0,29224999568.4,-431.5999984741211,-431.5999984741211,-131.78331540985525,-106.39944213500378,1,-1,1,-1,1,-1,1,single,0.0,0,1000.0,10.0,,10,auto,peak,
0,57,58,22000000000.0,7355000000.0,22000000000.0,7355000000.0,lo+if,spur,2,2,-1,2*LO - 2*IF,29290000000.0,29290000000.0,29290000000.0,0.0,0.0,-91.78333308009664,-66.39945980524517,0,-1,1,-1,1,-1,1,single,0.0,0,1000.0,10.0,,10,auto,peak,
0,57,58,22000000000.0,7355000000.0,22000000000.0,7355000000.0,lo+if,IF_harmonic,0,4,1,0*LO + 4*IF,29420000000.0,29420000000.0,29420000000.0,0.0,0.0,-124.60847052582392,-99.22459725097245,1,-1,1,-1,1,-1,1,single,0.0,0,1000.0,10.0,,10,auto,peak,
