lo_index,if_index,point_index,lo_set_Hz,if_set_Hz,lo_model_Hz,if_model_Hz,mode,kind,m,n,sign,expression,expected_freq_Hz,expected_corr_freq_Hz,measured_freq_Hz,freq_error_Hz,freq_error_corr_Hz,power_dBm,rel_dBc_vs_desired,noise_limited,cluster_id,cluster_size,analytic_coincidence_id,analytic_coincidence_size,measured_coincidence_id,measured_coincidence_size,measurement_scope,cluster_window_half_width_Hz,cluster_window_fallback,span_Hz,rbw_Hz,vbw_Hz,avg_sweeps,marker_mode_global,marker_mode_effective,error
0,32,33,22000000000.0,6980000000.0,22000000000.0,6980000000.0,lo+if,desired,1,1,1,1*LO + 1*IF,28980000000.0,28980000000.0,28980000000.0,0.0,0.0,-24.932976734451493,0.0,0,-1,1,-1,1,-1,1,single,0.0,0,1000.0,10.0,,10,auto,peak,
0,32,33,22000000000.0,6980000000.0,22000000000.0,6980000000.0,lo+if,IF_harmonic,0,4,1,0*LO + 4*IF,27920000000.0,27920000000.0,27920000000.0,0.0,0.0,-103.40285811690295,-78.46988138245146,0,-1,1,-1,1,-1,1,single,0.0,0,1000.0,10.0,,10,auto,peak,
0,32,33,22000000000.0,6980000000.0,22000000000.0,6980000000.0,lo+if,spur,2,2,-1,2*LO - 2*IF,30040000000.0,30040000000.0,30040000000.0,0.0,0.0,-91.36185753499967,-66.42888080054817,0,-1,1,-1,1,-1,1,single,0.0,0,1000.0,10.0,,10,auto,peak,
0,32,33,22000000000.0,6980000000.0,22000000000.0,6980000000.0,lo+if,spur,3,5,-1,3*LO - 5*IF,31100000000.0,31100000000.0,31100000482.5,482.5,482.5,-130.8974539410444,-105.9644772065929,1,-1,1,-1,1,-1,1,single,0.0,0,1000.0,10.0,,10,auto,peak,
0,32,33,22000000000.0,6980000000.0,22000000000.0,6980000000.0,lo+if,IF_harmonic,0,5,1,0*LO + 5*IF,34900000000.0,34900000000.0,34899999560.4,-439.5999984741211,-439.5999984741211,-129.19519746245766,-104.26222072800616,1,-1,1,-1,1,-1,1,single,0.0,0,1000.0,10.0,,10,auto,peak,
