lo_index,if_index,point_index,lo_set_Hz,if_set_Hz,lo_model_Hz,if_model_Hz,mode,kind,m,n,sign,expression,expected_freq_Hz,expected_corr_freq_Hz,measured_freq_Hz,freq_error_Hz,freq_error_corr_Hz,power_dBm,rel_dBc_vs_desired,noise_limited,cluster_id,cluster_size,analytic_coincidence_id,analytic_coincidence_size,measured_coincidence_id,measured_coincidence_size,measurement_scope,cluster_window_half_width_Hz,cluster_window_fallback,span_Hz,rbw_Hz,vbw_Hz,avg_sweeps,marker_mode_global,marker_mode_effective,error
0,40,41,22000000000.0,7100000000.0,22000000000.0,7100000000.0,lo+if,desired,1,1,1,1*LO + 1*IF,29100000000.0,29100000000.0,29100000000.0,0.0,0.0,-24.75440231239075,0.0,0,-1,1,-1,1,-1,1,single,0.0,0,1000.0,10.0,,10,auto,peak,
0,40,41,22000000000.0,7100000000.0,22000000000.0,7100000000.0,lo+if,IF_harmonic,0,4,1,0*LO + 4*IF,28400000000.0,28400000000.0,28400000001.0,1.0,1.0,-117.51030516423727,-92.75590285184651,0,-1,1,-1,1,-1,1,single,0.0,0,1000.0,10.0,,10,auto,peak,
0,40,41,22000000000.0,7100000000.0,22000000000.0,7100000000.0,lo+if,spur,2,2,-1,2*LO - 2*IF,29800000000.0,29800000000.0,29800000000.0,0.0,0.0,-90.54432618650702,-65.78992387411627,0,-1,1,-1,1,-1,1,single,0.0,0,1000.0,10.0,,10,auto,peak,
0,40,41,22000000000.0,7100000000.0,22000000000.0,7100000000.0,lo+if,spur,3,5,-1,3*LO - 5*IF,30500000000.0,30500000000.0,30500000001.0,1.0,1.0,-132.1488264434018,-107.39442413101104,1,-1,1,-1,1,-1,1,single,0.0,0,1000.0,10.0,,10,auto,peak,
