lo_index,if_index,point_index,lo_set_Hz,if_set_Hz,lo_model_Hz,if_model_Hz,mode,kind,m,n,sign,expression,expected_freq_Hz,expected_corr_freq_Hz,measured_freq_Hz,freq_error_Hz,freq_error_corr_Hz,power_dBm,rel_dBc_vs_desired,noise_limited,cluster_id,cluster_size,analytic_coincidence_id,analytic_coincidence_size,measured_coincidence_id,measured_coincidence_size,measurement_scope,cluster_window_half_width_Hz,cluster_window_fallback,span_Hz,rbw_Hz,vbw_Hz,avg_sweeps,marker_mode_global,marker_mode_effective,error
0,1,2,22000000000.0,6515000000.0,22000000000.0,6515000000.0,lo+if,desired,1,1,1,1*LO + 1*IF,28515000000.0,28515000000.0,28515000000.0,0.0,0.0,-24.916543924146342,0.0,0,-1,1,-1,1,-1,1,single,0.0,0,1000.0,10.0,,10,auto,peak,
0,1,2,22000000000.0,6515000000.0,22000000000.0,6515000000.0,lo+if,IF_harmonic,0,4,1,0*LO + 4*IF,26060000000.0,26060000000.0,26060000000.0,0.0,0.0,-109.34423988871478,-84.42769596456844,0,-1,1,-1,1,-1,1,single,0.0,0,1000.0,10.0,,10,auto,peak,
0,1,2,22000000000.0,6515000000.0,22000000000.0,6515000000.0,lo+if,spur,2,2,-1,2*LO - 2*IF,30970000000.0,30970000000.0,30970000000.0,0.0,0.0,-96.77446801546041,-71.85792409131408,0,-1,1,-1,1,-1,1,single,0.0,0,1000.0,10.0,,10,auto,peak,
0,1,2,22000000000.0,6515000000.0,22000000000.0,6515000000.0,lo+if,IF_harmonic,0,5,1,0*LO + 5*IF,32575000000.0,32575000000.0,32575000000.0,0.0,0.0,-124.7704082443825,-99.85386432023616,1,-1,1,-1,1,-1,1,single,0.0,0,1000.0,10.0,,10,auto,peak,
0,1,2,22000000000.0,6515000000.0,22000000000.0,6515000000.0,lo+if,spur,3,5,-1,3*LO - 5*IF,33425000000.0,33425000000.0,33424999935.1,-64.9000015258789,-64.9000015258789,-130.86484914136963,-105.9483052172233,1,-1,1,-1,1,-1,1,single,0.0,0,1000.0,10.0,,10,auto,peak,
