lo_index,if_index,point_index,lo_set_Hz,if_set_Hz,lo_model_Hz,if_model_Hz,mode,kind,m,n,sign,expression,expected_freq_Hz,expected_corr_freq_Hz,measured_freq_Hz,freq_error_Hz,freq_error_corr_Hz,power_dBm,rel_dBc_vs_desired,noise_limited,cluster_id,cluster_size,analytic_coincidence_id,analytic_coincidence_size,measured_coincidence_id,measured_coincidence_size,measurement_scope,cluster_window_half_width_Hz,cluster_window_fallback,span_Hz,rbw_Hz,vbw_Hz,avg_sweeps,marker_mode_global,marker_mode_effective,error
0,68,69,22000000000.0,7520000000.0,22000000000.0,7520000000.0,lo+if,desired,1,1,1,1*LO + 1*IF,29520000000.0,29520000000.0,29520000000.0,0.0,0.0,-25.416565785653965,0.0,0,-1,1,-1,1,-1,1,single,0.0,0,1000.0,10.0,,10,auto,peak,
0,68,69,22000000000.0,7520000000.0,22000000000.0,7520000000.0,lo+if,spur,3,5,-1,3*LO - 5*IF,28400000000.0,28400000000.0,28399999727.3,-272.70000076293945,-272.70000076293945,-130.84948367047295,-105.43291788481898,1,-1,1,-1,1,-1,1,single,0.0,0,1000.0,10.0,,10,auto,peak,
0,68,69,22000000000.0,7520000000.0,22000000000.0,7520000000.0,lo+if,spur,2,2,-1,2*LO - 2*IF,28960000000.0,28960000000.0,28960000000.0,0.0,0.0,-92.53224214987131,-67.11567636421734,0,-1,1,-1,1,-1,1,single,0.0,0,1000.0,10.0,,10,auto,peak,
0,68,69,22000000000.0,7520000000.0,22000000000.0,7520000000.0,lo+if,IF_harmonic,0,4,1,0*LO + 4*IF,30080000000.0,30080000000.0,30080000001.0,1.0,1.0,-128.6237913638147,-103.20722557816072,1,-1,1,-1,1,-1,1,single,0.0,0,1000.0,10.0,,10,auto,peak,
