lo_index,if_index,point_index,lo_set_Hz,if_set_Hz,lo_model_Hz,if_model_Hz,mode,kind,m,n,sign,expression,expected_freq_Hz,expected_corr_freq_Hz,measured_freq_Hz,freq_error_Hz,freq_error_corr_Hz,power_dBm,rel_dBc_vs_desired,noise_limited,cluster_id,cluster_size,analytic_coincidence_id,analytic_coincidence_size,measured_coincidence_id,measured_coincidence_size,measurement_scope,cluster_window_half_width_Hz,cluster_window_fallback,span_Hz,rbw_Hz,vbw_Hz,avg_sweeps,marker_mode_global,marker_mode_effective,error
0,79,80,22000000000.0,7685000000.0,22000000000.0,7685000000.0,lo+if,desired,1,1,1,1*LO + 1*IF,29685000000.0,29685000000.0,29685000000.0,0.0,0.0,-25.016928401646815,0.0,0,-1,1,-1,1,-1,1,single,0.0,0,1000.0,10.0,,10,auto,peak,
0,79,80,22000000000.0,7685000000.0,22000000000.0,7685000000.0,lo+if,spur,3,5,-1,3*LO - 5*IF,27575000000.0,27575000000.0,27575000050.0,50.0,50.0,-131.28642794595586,-106.26949954430904,1,-1,1,-1,1,-1,1,single,0.0,0,1000.0,10.0,,10,auto,peak,
0,79,80,22000000000.0,7685000000.0,22000000000.0,7685000000.0,lo+if,spur,2,2,-1,2*LO - 2*IF,28630000000.0,28630000000.0,28630000000.0,0.0,0.0,-87.6320564078503,-62.615128006203484,0,-1,1,-1,1,-1,1,single,0.0,0,1000.0,10.0,,10,auto,peak,
0,79,80,22000000000.0,7685000000.0,22000000000.0,7685000000.0,lo+if,IF_harmonic,0,4,1,0*LO + 4*IF,30740000000.0,30740000000.0,30740000000.0,0.0,0.0,-127.1852263825531,-102.16829798090629,1,-1,1,-1,1,-1,1,single,0.0,0,1000.0,10.0,,10,auto,peak,
