lo_index,if_index,point_index,lo_set_Hz,if_set_Hz,lo_model_Hz,if_model_Hz,mode,kind,m,n,sign,expression,expected_freq_Hz,expected_corr_freq_Hz,measured_freq_Hz,freq_error_Hz,freq_error_corr_Hz,power_dBm,rel_dBc_vs_desired,noise_limited,cluster_id,cluster_size,analytic_coincidence_id,analytic_coincidence_size,measured_coincidence_id,measured_coincidence_size,measurement_scope,cluster_window_half_width_Hz,cluster_window_fallback,span_Hz,rbw_Hz,vbw_Hz,avg_sweeps,marker_mode_global,marker_mode_effective,error
0,55,56,22000000000.0,7325000000.0,22000000000.0,7325000000.0,lo+if,desired,1,1,1,1*LO + 1*IF,29325000000.0,29325000000.0,29325000000.0,0.0,0.0,-25.656953542945764,0.0,0,-1,1,-1,1,-1,1,single,0.0,0,1000.0,10.0,,10,auto,peak,
0,55,56,22000000000.0,7325000000.0,22000000000.0,7325000000.0,lo+if,IF_harmonic,0,4,1,0*LO + 4*IF,29300000000.0,29300000000.0,29300000000.0,0.0,0.0,-126.84733686367062,-101.19038332072486,1,-1,1,-1,1,-1,1,single,0.0,0,1000.0,10.0,,10,auto,peak,
0,55,56,22000000000.0,7325000000.0,22000000000.0,7325000000.0,lo+if,spur,2,2,-1,2*LO - 2*IF,29350000000.0,29350000000.0,29350000000.0,0.0,0.0,-91.27992810392186,-65.6229745609761,0,-1,1,-1,1,-1,1,single,0.0,0,1000.0,10.0,,10,auto,peak,
0,55,56,22000000000.0,7325000000.0,22000000000.0,7325000000.0,lo+if,spur,3,5,-1,3*LO - 5*IF,29375000000.0,29375000000.0,29375000389.6,389.5999984741211,389.5999984741211,-131.88706121142565,-106.23010766847989,1,-1,1,-1,1,-1,1,single,0.0,0,1000.0,10.0,,10,auto,peak,
