lo_index,if_index,point_index,lo_set_Hz,if_set_Hz,lo_model_Hz,if_model_Hz,mode,kind,m,n,sign,expression,expected_freq_Hz,expected_corr_freq_Hz,measured_freq_Hz,freq_error_Hz,freq_error_corr_Hz,power_dBm,rel_dBc_vs_desired,noise_limited,cluster_id,cluster_size,analytic_coincidence_id,analytic_coincidence_size,measured_coincidence_id,measured_coincidence_size,measurement_scope,cluster_window_half_width_Hz,cluster_window_fallback,span_Hz,rbw_Hz,vbw_Hz,avg_sweeps,marker_mode_global,marker_mode_effective,error
0,0,1,22000000000.0,6500000000.0,22000000000.0,6500000000.0,lo+if,desired,1,1,1,1*LO + 1*IF,28500000000.0,28500000000.0,28500000000.0,0.0,0.0,-24.62895478056189,0.0,0,-1,1,-1,1,-1,1,single,0.0,0,1000.0,10.0,,10,auto,peak,
0,0,1,22000000000.0,6500000000.0,22000000000.0,6500000000.0,lo+if,IF_harmonic,0,4,1,0*LO + 4*IF,26000000000.0,26000000000.0,26000000000.0,0.0,0.0,-107.94361158784474,-83.31465680728286,0,-1,1,-1,1,-1,1,single,0.0,0,1000.0,10.0,,10,auto,peak,
0,0,1,22000000000.0,6500000000.0,22000000000.0,6500000000.0,lo+if,spur,2,2,-1,2*LO - 2*IF,31000000000.0,31000000000.0,31000000000.0,0.0,0.0,-96.75827282193369,-72.12931804137179,0,-1,1,-1,1,-1,1,single,0.0,0,1000.0,10.0,,10,auto,peak,
0,0,1,22000000000.0,6500000000.0,22000000000.0,6500000000.0,lo+if,IF_harmonic,0,5,1,0*LO + 5*IF,32500000000.0,32500000000.0,32500000000.0,0.0,0.0,-127.31025870287488,-102.68130392231299,1,-1,1,-1,1,-1,1,single,0.0,0,1000.0,10.0,,10,auto,peak,
0,0,1,22000000000.0,6500000000.0,22000000000.0,6500000000.0,lo+if,spur,3,5,-1,3*LO - 5*IF,33500000000.0,33500000000.0,33499999827.2,-172.79999923706055,-172.79999923706055,-131.17577830359025,-106.54682352302837,1,-1,1,-1,1,-1,1,single,0.0,0,1000.0,10.0,,10,auto,peak,
0,0,1,22000000000.0,6500000000.0,22000000000.0,6500000000.0,lo+if,spur,1,2,1,1*LO + 2*IF,35000000000.0,35000000000.0,35000000000.0,0.0,0.0,-90.99212796042836,-66.36317317986646,0,-1,1,-1,1,-1,1,single,0.0,0,1000.0,10.0,,10,auto,peak,
