lo_index,if_index,point_index,lo_set_Hz,if_set_Hz,lo_model_Hz,if_model_Hz,mode,kind,m,n,sign,expression,expected_freq_Hz,expected_corr_freq_Hz,measured_freq_Hz,freq_error_Hz,freq_error_corr_Hz,power_dBm,rel_dBc_vs_desired,noise_limited,cluster_id,cluster_size,analytic_coincidence_id,analytic_coincidence_size,measured_coincidence_id,measured_coincidence_size,measurement_scope,cluster_window_half_width_Hz,cluster_window_fallback,span_Hz,rbw_Hz,vbw_Hz,avg_sweeps,marker_mode_global,marker_mode_effective,error
0,83,84,22000000000.0,7745000000.0,22000000000.0,7745000000.0,lo+if,desired,1,1,1,1*LO + 1*IF,29745000000.0,29745000000.0,29745000000.0,0.0,0.0,-24.65091497441042,0.0,0,-1,1,-1,1,-1,1,single,0.0,0,1000.0,10.0,,10,auto,peak,
0,83,84,22000000000.0,7745000000.0,22000000000.0,7745000000.0,lo+if,spur,3,5,-1,3*LO - 5*IF,27275000000.0,27275000000.0,27275000044.0,44.0,44.0,-131.16280852941176,-106.51189355500134,1,-1,1,-1,1,-1,1,single,0.0,0,1000.0,10.0,,10,auto,peak,
0,83,84,22000000000.0,7745000000.0,22000000000.0,7745000000.0,lo+if,spur,2,2,-1,2*LO - 2*IF,28510000000.0,28510000000.0,28510000000.0,0.0,0.0,-89.39354270003204,-64.74262772562162,0,-1,1,-1,1,-1,1,single,0.0,0,1000.0,10.0,,10,auto,peak,
0,83,84,22000000000.0,7745000000.0,22000000000.0,7745000000.0,lo+if,IF_harmonic,0,4,1,0*LO + 4*IF,30980000000.0,30980000000.0,30980000000.0,0.0,0.0,-127.26984277967907,-102.61892780526864,1,-1,1,-1,1,-1,1,single,0.0,0,1000.0,10.0,,10,auto,peak,
