lo_index,if_index,point_index,lo_set_Hz,if_set_Hz,lo_model_Hz,if_model_Hz,mode,kind,m,n,sign,expression,expected_freq_Hz,expected_corr_freq_Hz,measured_freq_Hz,freq_error_Hz,freq_error_corr_Hz,power_dBm,rel_dBc_vs_desired,noise_limited,cluster_id,cluster_size,analytic_coincidence_id,analytic_coincidence_size,measured_coincidence_id,measured_coincidence_size,measurement_scope,cluster_window_half_width_Hz,cluster_window_fallback,span_Hz,rbw_Hz,vbw_Hz,avg_sweeps,marker_mode_global,marker_mode_effective,error
0,16,17,22000000000.0,6740000000.0,22000000000.0,6740000000.0,lo+if,desired,1,1,1,1*LO + 1*IF,28740000000.0,28740000000.0,28740000000.0,0.0,0.0,-24.75540302271057,0.0,0,-1,1,-1,1,-1,1,single,0.0,0,1000.0,10.0,,10,auto,peak,
0,16,17,22000000000.0,6740000000.0,22000000000.0,6740000000.0,lo+if,IF_harmonic,0,4,1,0*LO + 4*IF,26960000000.0,26960000000.0,26960000000.0,0.0,0.0,-104.33321189936201,-79.57780887665145,0,-1,1,-1,1,-1,1,single,0.0,0,1000.0,10.0,,10,auto,peak,
0,16,17,22000000000.0,6740000000.0,22000000000.0,6740000000.0,lo+if,spur,2,2,-1,2*LO - 2*IF,30520000000.0,30520000000.0,30520000000.0,0.0,0.0,-93.47854187372073,-68.72313885101016,0,-1,1,-1,1,-1,1,single,0.0,0,1000.0,10.0,,10,auto,peak,
0,16,17,22000000000.0,6740000000.0,22000000000.0,6740000000.0,lo+if,spur,3,5,-1,3*LO - 5*IF,32300000000.0,32300000000.0,32299999617.4,-382.5999984741211,-382.5999984741211,-131.85161588679173,-107.09621286408117,1,-1,1,-1,1,-1,1,single,0.0,0,1000.0,10.0,,10,auto,peak,
0,16,17,22000000000.0,6740000000.0,22000000000.0,6740000000.0,lo+if,IF_harmonic,0,5,1,0*LO + 5*IF,33700000000.0,33700000000.0,33700000000.0,0.0,0.0,-127.29985028418756,-102.54444726147699,1,-1,1,-1,1,-1,1,single,0.0,0,1000.0,10.0,,10,auto,peak,
