lo_index,if_index,point_index,lo_set_Hz,if_set_Hz,lo_model_Hz,if_model_Hz,mode,kind,m,n,sign,expression,expected_freq_Hz,expected_corr_freq_Hz,measured_freq_Hz,freq_error_Hz,freq_error_corr_Hz,power_dBm,rel_dBc_vs_desired,noise_limited,cluster_id,cluster_size,analytic_coincidence_id,analytic_coincidence_size,measured_coincidence_id,measured_coincidence_size,measurement_scope,cluster_window_half_width_Hz,cluster_window_fallback,span_Hz,rbw_Hz,vbw_Hz,avg_sweeps,marker_mode_global,marker_mode_effective,error
0,37,38,22000000000.0,7055000000.0,22000000000.0,7055000000.0,lo+if,desired,1,1,1,1*LO + 1*IF,29055000000.0,29055000000.0,29055000000.0,0.0,0.0,-25.337114436240178,0.0,0,-1,1,-1,1,-1,1,single,0.0,0,1000.0,10.0,,10,auto,peak,
0,37,38,22000000000.0,7055000000.0,22000000000.0,7055000000.0,lo+if,IF_harmonic,0,4,1,0*LO + 4*IF,28220000000.0,28220000000.0,28220000000.0,0.0,0.0,-103.55139457775381,-78.21428014151363,0,-1,1,-1,1,-1,1,single,0.0,0,1000.0,10.0,,10,auto,peak,
0,37,38,22000000000.0,7055000000.0,22000000000.0,7055000000.0,lo+if,spur,2,2,-1,2*LO - 2*IF,29890000000.0,29890000000.0,29890000000.0,0.0,0.0,-92.39666071766743,-67.05954628142726,0,-1,1,-1,1,-1,1,single,0.0,0,1000.0,10.0,,10,auto,peak,
0,37,38,22000000000.0,7055000000.0,22000000000.0,7055000000.0,lo+if,spur,3,5,-1,3*LO - 5*IF,30725000000.0,30725000000.0,30725000259.7,259.70000076293945,259.70000076293945,-131.76608064107347,-106.4289662048333,1,-1,1,-1,1,-1,1,single,0.0,0,1000.0,10.0,,10,auto,peak,
