lo_index,if_index,point_index,lo_set_Hz,if_set_Hz,lo_model_Hz,if_model_Hz,mode,kind,m,n,sign,expression,expected_freq_Hz,expected_corr_freq_Hz,measured_freq_Hz,freq_error_Hz,freq_error_corr_Hz,power_dBm,rel_dBc_vs_desired,noise_limited,cluster_id,cluster_size,analytic_coincidence_id,analytic_coincidence_size,measured_coincidence_id,measured_coincidence_size,measurement_scope,cluster_window_half_width_Hz,cluster_window_fallback,span_Hz,rbw_Hz,vbw_Hz,avg_sweeps,marker_mode_global,marker_mode_effective,error
0,97,98,22000000000.0,7955000000.0,22000000000.0,7955000000.0,lo+if,desired,1,1,1,1*LO + 1*IF,29955000000.0,29955000000.0,29955000000.0,0.0,0.0,-25.387508784182366,0.0,0,-1,1,-1,1,-1,1,single,0.0,0,1000.0,10.0,,10,auto,peak,
0,97,98,22000000000.0,7955000000.0,22000000000.0,7955000000.0,lo+if,spur,3,5,-1,3*LO - 5*IF,26225000000.0,26225000000.0,26224999607.4,-392.5999984741211,-392.5999984741211,-129.3758808033418,-103.98837201915944,1,-1,1,-1,1,-1,1,single,0.0,0,1000.0,10.0,,10,auto,peak,
0,97,98,22000000000.0,7955000000.0,22000000000.0,7955000000.0,lo+if,spur,2,2,-1,2*LO - 2*IF,28090000000.0,28090000000.0,28090000000.0,0.0,0.0,-90.55253836205611,-65.16502957787375,0,-1,1,-1,1,-1,1,single,0.0,0,1000.0,10.0,,10,auto,peak,
0,97,98,22000000000.0,7955000000.0,22000000000.0,7955000000.0,lo+if,IF_harmonic,0,4,1,0*LO + 4*IF,31820000000.0,31820000000.0,31820000000.0,0.0,0.0,-129.0410860790077,-103.65357729482534,1,-1,1,-1,1,-1,1,single,0.0,0,1000.0,10.0,,10,auto,peak,
0,97,98,22000000000.0,7955000000.0,22000000000.0,7955000000.0,lo+if,spur,3,4,-1,3*LO - 4*IF,34180000000.0,34180000000.0,34180000000.0,0.0,0.0,-125.25870621786417,-99.8711974336818,1,-1,1,-1,1,-1,1,single,0.0,0,1000.0,10.0,,10,auto,peak,
