lo_index,if_index,point_index,lo_set_Hz,if_set_Hz,lo_model_Hz,if_model_Hz,mode,kind,m,n,sign,expression,expected_freq_Hz,expected_corr_freq_Hz,measured_freq_Hz,freq_error_Hz,freq_error_corr_Hz,power_dBm,rel_dBc_vs_desired,noise_limited,cluster_id,cluster_size,analytic_coincidence_id,analytic_coincidence_size,measured_coincidence_id,measured_coincidence_size,measurement_scope,cluster_window_half_width_Hz,cluster_window_fallback,span_Hz,rbw_Hz,vbw_Hz,avg_sweeps,marker_mode_global,marker_mode_effective,error
0,26,27,22000000000.0,6890000000.0,22000000000.0,6890000000.0,lo+if,desired,1,1,1,1*LO + 1*IF,28890000000.0,28890000000.0,28890000000.0,0.0,0.0,-25.030736344393937,0.0,0,-1,1,-1,1,-1,1,single,0.0,0,1000.0,10.0,,10,auto,peak,
0,26,27,22000000000.0,6890000000.0,22000000000.0,6890000000.0,lo+if,IF_harmonic,0,4,1,0*LO + 4*IF,27560000000.0,27560000000.0,27560000000.0,0.0,0.0,-107.54085400864793,-82.51011766425398,0,-1,1,-1,1,-1,1,single,0.0,0,1000.0,10.0,,10,auto,peak,
0,26,27,22000000000.0,6890000000.0,22000000000.0,6890000000.0,lo+if,spur,2,2,-1,2*LO - 2*IF,30220000000.0,30220000000.0,30220000000.0,0.0,0.0,-93.54488107399516,-68.51414472960121,0,-1,1,-1,1,-1,1,single,0.0,0,1000.0,10.0,,10,auto,peak,
0,26,27,22000000000.0,6890000000.0,22000000000.0,6890000000.0,lo+if,spur,3,5,-1,3*LO - 5*IF,31550000000.0,31550000000.0,31549999842.2,-157.79999923706055,-157.79999923706055,-131.08480294345324,-106.0540665990593,1,-1,1,-1,1,-1,1,single,0.0,0,1000.0,10.0,,10,auto,peak,
0,26,27,22000000000.0,6890000000.0,22000000000.0,6890000000.0,lo+if,IF_harmonic,0,5,1,0*LO + 5*IF,34450000000.0,34450000000.0,34449999795.2,-204.8000030517578,-204.8000030517578,-129.8848367197249,-104.85410037533094,1,-1,1,-1,1,-1,1,single,0.0,0,1000.0,10.0,,10,auto,peak,
