lo_index,if_index,point_index,lo_set_Hz,if_set_Hz,lo_model_Hz,if_model_Hz,mode,kind,m,n,sign,expression,expected_freq_Hz,expected_corr_freq_Hz,measured_freq_Hz,freq_error_Hz,freq_error_corr_Hz,power_dBm,rel_dBc_vs_desired,noise_limited,cluster_id,cluster_size,analytic_coincidence_id,analytic_coincidence_size,measured_coincidence_id,measured_coincidence_size,measurement_scope,cluster_window_half_width_Hz,cluster_window_fallback,span_Hz,rbw_Hz,vbw_Hz,avg_sweeps,marker_mode_global,marker_mode_effective,error
0,6,7,22000000000.0,6590000000.0,22000000000.0,6590000000.0,lo+if,desired,1,1,1,1*LO + 1*IF,28590000000.0,28590000000.0,28590000000.0,0.0,0.0,-24.802031981349067,0.0,0,-1,1,-1,1,-1,1,single,0.0,0,1000.0,10.0,,10,auto,peak,
0,6,7,22000000000.0,6590000000.0,22000000000.0,6590000000.0,lo+if,IF_harmonic,0,4,1,0*LO + 4*IF,26360000000.0,26360000000.0,26360000000.0,0.0,0.0,-110.81514059243455,-86.01310861108547,0,-1,1,-1,1,-1,1,single,0.0,0,1000.0,10.0,,10,auto,peak,
0,6,7,22000000000.0,6590000000.0,22000000000.0,6590000000.0,lo+if,spur,2,2,-1,2*LO - 2*IF,30820000000.0,30820000000.0,30820000000.0,0.0,0.0,-94.4579053634894,-69.65587338214033,0,-1,1,-1,1,-1,1,single,0.0,0,1000.0,10.0,,10,auto,peak,
0,6,7,22000000000.0,6590000000.0,22000000000.0,6590000000.0,lo+if,IF_harmonic,0,5,1,0*LO + 5*IF,32950000000.0,32950000000.0,32950000000.0,0.0,0.0,-129.44159235777317,-104.6395603764241,1,-1,1,-1,1,-1,1,single,0.0,0,1000.0,10.0,,10,auto,peak,
0,6,7,22000000000.0,6590000000.0,22000000000.0,6590000000.0,lo+if,spur,3,5,-1,3*LO - 5*IF,33050000000.0,33050000000.0,33050000326.7,326.70000076293945,326.70000076293945,-132.2120670794865,-107.41003509813743,1,-1,1,-1,1,-1,1,single,0.0,0,1000.0,10.0,,10,auto,peak,
