lo_index,if_index,point_index,lo_set_Hz,if_set_Hz,lo_model_Hz,if_model_Hz,mode,kind,m,n,sign,expression,expected_freq_Hz,expected_corr_freq_Hz,measured_freq_Hz,freq_error_Hz,freq_error_corr_Hz,power_dBm,rel_dBc_vs_desired,noise_limited,cluster_id,cluster_size,analytic_coincidence_id,analytic_coincidence_size,measured_coincidence_id,measured_coincidence_size,measurement_scope,cluster_window_half_width_Hz,cluster_window_fallback,span_Hz,rbw_Hz,vbw_Hz,avg_sweeps,marker_mode_global,marker_mode_effective,error
0,78,79,22000000000.0,7670000000.0,22000000000.0,7670000000.0,lo+if,desired,1,1,1,1*LO + 1*IF,29670000000.0,29670000000.0,29670000000.0,0.0,0.0,-25.1062834718177,0.0,0,-1,1,-1,1,-1,1,single,0.0,0,1000.0,10.0,,10,auto,peak,
0,78,79,22000000000.0,7670000000.0,22000000000.0,7670000000.0,lo+if,spur,3,5,-1,3*LO - 5*IF,27650000000.0,27650000000.0,27649999869.1,-130.9000015258789,-130.9000015258789,-131.84854604494063,-106.74226257312293,1,-1,1,-1,1,-1,1,single,0.0,0,1000.0,10.0,,10,auto,peak,
0,78,79,22000000000.0,7670000000.0,22000000000.0,7670000000.0,lo+if,spur,2,2,-1,2*LO - 2*IF,28660000000.0,28660000000.0,28660000000.0,0.0,0.0,-87.99937207155756,-62.893088599739855,0,-1,1,-1,1,-1,1,single,0.0,0,1000.0,10.0,,10,auto,peak,
0,78,79,22000000000.0,7670000000.0,22000000000.0,7670000000.0,lo+if,IF_harmonic,0,4,1,0*LO + 4*IF,30680000000.0,30680000000.0,30680000001.0,1.0,1.0,-125.81266587002955,-100.70638239821184,1,-1,1,-1,1,-1,1,single,0.0,0,1000.0,10.0,,10,auto,peak,
