lo_index,if_index,point_index,lo_set_Hz,if_set_Hz,lo_model_Hz,if_model_Hz,mode,kind,m,n,sign,expression,expected_freq_Hz,expected_corr_freq_Hz,measured_freq_Hz,freq_error_Hz,freq_error_corr_Hz,power_dBm,rel_dBc_vs_desired,noise_limited,cluster_id,cluster_size,analytic_coincidence_id,analytic_coincidence_size,measured_coincidence_id,measured_coincidence_size,measurement_scope,cluster_window_half_width_Hz,cluster_window_fallback,span_Hz,rbw_Hz,vbw_Hz,avg_sweeps,marker_mode_global,marker_mode_effective,error
0,17,18,22000000000.0,6755000000.0,22000000000.0,6755000000.0,lo+if,desired,1,1,1,1*LO + 1*IF,28755000000.0,28755000000.0,28755000000.0,0.0,0.0,-24.969960273916527,0.0,0,-1,1,-1,1,-1,1,single,0.0,0,1000.0,10.0,,10,auto,peak,
0,17,18,22000000000.0,6755000000.0,22000000000.0,6755000000.0,lo+if,IF_harmonic,0,4,1,0*LO + 4*IF,27020000000.0,27020000000.0,27020000000.0,0.0,0.0,-103.50642283673038,-78.53646256281385,0,-1,1,-1,1,-1,1,single,0.0,0,1000.0,10.0,,10,auto,peak,
0,17,18,22000000000.0,6755000000.0,22000000000.0,6755000000.0,lo+if,spur,2,2,-1,2*LO - 2*IF,30490000000.0,30490000000.0,30490000000.0,0.0,0.0,-94.71367106845732,-69.74371079454079,0,-1,1,-1,1,-1,1,single,0.0,0,1000.0,10.0,,10,auto,peak,
0,17,18,22000000000.0,6755000000.0,22000000000.0,6755000000.0,lo+if,spur,3,5,-1,3*LO - 5*IF,32225000000.0,32225000000.0,32225000430.6,430.5999984741211,430.5999984741211,-132.39071677040693,-107.4207564964904,1,-1,1,-1,1,-1,1,single,0.0,0,1000.0,10.0,,10,auto,peak,
0,17,18,22000000000.0,6755000000.0,22000000000.0,6755000000.0,lo+if,IF_harmonic,0,5,1,0*LO + 5*IF,33775000000.0,33775000000.0,33775000000.0,0.0,0.0,-126.22084894071051,-101.25088866679398,1,-1,1,-1,1,-1,1,single,0.0,0,1000.0,10.0,,10,auto,peak,
