lo_index,if_index,point_index,lo_set_Hz,if_set_Hz,lo_model_Hz,if_model_Hz,mode,kind,m,n,sign,expression,expected_freq_Hz,expected_corr_freq_Hz,measured_freq_Hz,freq_error_Hz,freq_error_corr_Hz,power_dBm,rel_dBc_vs_desired,noise_limited,cluster_id,cluster_size,analytic_coincidence_id,analytic_coincidence_size,measured_coincidence_id,measured_coincidence_size,measurement_scope,cluster_window_half_width_Hz,cluster_window_fallback,span_Hz,rbw_Hz,vbw_Hz,avg_sweeps,marker_mode_global,marker_mode_effective,error
0,63,64,22000000000.0,7445000000.0,22000000000.0,7445000000.0,lo+if,desired,1,1,1,1*LO + 1*IF,29445000000.0,29445000000.0,29445000000.0,0.0,0.0,-25.021749181590888,0.0,0,-1,1,-1,1,-1,1,single,0.0,0,1000.0,10.0,,10,auto,peak,
0,63,64,22000000000.0,7445000000.0,22000000000.0,7445000000.0,lo+if,spur,3,5,-1,3*LO - 5*IF,28775000000.0,28775000000.0,28774999540.5,-459.5,-459.5,-131.41429273113937,-106.39254354954848,1,-1,1,-1,1,-1,1,single,0.0,0,1000.0,10.0,,10,auto,peak,
0,63,64,22000000000.0,7445000000.0,22000000000.0,7445000000.0,lo+if,spur,2,2,-1,2*LO - 2*IF,29110000000.0,29110000000.0,29110000000.0,0.0,0.0,-89.97495615566658,-64.95320697407568,0,-1,1,-1,1,-1,1,single,0.0,0,1000.0,10.0,,10,auto,peak,
0,63,64,22000000000.0,7445000000.0,22000000000.0,7445000000.0,lo+if,IF_harmonic,0,4,1,0*LO + 4*IF,29780000000.0,29780000000.0,29780000000.0,0.0,0.0,-124.24402132013044,-99.22227213853955,1,-1,1,-1,1,-1,1,single,0.0,0,1000.0,10.0,,10,auto,peak,
