lo_index,if_index,point_index,lo_set_Hz,if_set_Hz,lo_model_Hz,if_model_Hz,mode,kind,m,n,sign,expression,expected_freq_Hz,expected_corr_freq_Hz,measured_freq_Hz,freq_error_Hz,freq_error_corr_Hz,power_dBm,rel_dBc_vs_desired,noise_limited,cluster_id,cluster_size,analytic_coincidence_id,analytic_coincidence_size,measured_coincidence_id,measured_coincidence_size,measurement_scope,cluster_window_half_width_Hz,cluster_window_fallback,span_Hz,rbw_Hz,vbw_Hz,avg_sweeps,marker_mode_global,marker_mode_effective,error
0,72,73,22000000000.0,7580000000.0,22000000000.0,7580000000.0,lo+if,desired,1,1,1,1*LO + 1*IF,29580000000.0,29580000000.0,29580000000.0,0.0,0.0,-26.325224395556216,0.0,0,-1,1,-1,1,-1,1,single,0.0,0,1000.0,10.0,,10,auto,peak,
0,72,73,22000000000.0,7580000000.0,22000000000.0,7580000000.0,lo+if,spur,3,5,-1,3*LO - 5*IF,28100000000.0,28100000000.0,28099999975.0,-25.0,-25.0,-130.80989672135925,-104.48467232580303,1,-1,1,-1,1,-1,1,single,0.0,0,1000.0,10.0,,10,auto,peak,
0,72,73,22000000000.0,7580000000.0,22000000000.0,7580000000.0,lo+if,spur,2,2,-1,2*LO - 2*IF,28840000000.0,28840000000.0,28840000000.0,0.0,0.0,-91.6391947561325,-65.31397036057628,0,-1,1,-1,1,-1,1,single,0.0,0,1000.0,10.0,,10,auto,peak,
0,72,73,22000000000.0,7580000000.0,22000000000.0,7580000000.0,lo+if,IF_harmonic,0,4,1,0*LO + 4*IF,30320000000.0,30320000000.0,30320000000.0,0.0,0.0,-125.33325029220855,-99.00802589665233,1,-1,1,-1,1,-1,1,single,0.0,0,1000.0,10.0,,10,auto,peak,
