lo_index,if_index,point_index,lo_set_Hz,if_set_Hz,lo_model_Hz,if_model_Hz,mode,kind,m,n,sign,expression,expected_freq_Hz,expected_corr_freq_Hz,measured_freq_Hz,freq_error_Hz,freq_error_corr_Hz,power_dBm,rel_dBc_vs_desired,noise_limited,cluster_id,cluster_size,analytic_coincidence_id,analytic_coincidence_size,measured_coincidence_id,measured_coincidence_size,measurement_scope,cluster_window_half_width_Hz,cluster_window_fallback,span_Hz,rbw_Hz,vbw_Hz,avg_sweeps,marker_mode_global,marker_mode_effective,error
0,46,47,22000000000.0,7190000000.0,22000000000.0,7190000000.0,lo+if,desired,1,1,1,1*LO + 1*IF,29190000000.0,29190000000.0,29190000000.0,0.0,0.0,-24.292322268399985,0.0,0,-1,1,-1,1,-1,1,single,0.0,0,1000.0,10.0,,10,auto,peak,
0,46,47,22000000000.0,7190000000.0,22000000000.0,7190000000.0,lo+if,IF_harmonic,0,4,1,0*LO + 4*IF,28760000000.0,28760000000.0,28760000001.0,1.0,1.0,-127.88421633547367,-103.59189406707368,1,-1,1,-1,1,-1,1,single,0.0,0,1000.0,10.0,,10,auto,peak,
0,46,47,22000000000.0,7190000000.0,22000000000.0,7190000000.0,lo+if,spur,2,2,-1,2*LO - 2*IF,29620000000.0,29620000000.0,29620000000.0,0.0,0.0,-89.29134694664262,-64.99902467824263,0,-1,1,-1,1,-1,1,single,0.0,0,1000.0,10.0,,10,auto,peak,
0,46,47,22000000000.0,7190000000.0,22000000000.0,7190000000.0,lo+if,spur,3,5,-1,3*LO - 5*IF,30050000000.0,30050000000.0,30049999510.5,-489.5,-489.5,-132.4763200411038,-108.18399777270382,1,-1,1,-1,1,-1,1,single,0.0,0,1000.0,10.0,,10,auto,peak,
