lo_index,if_index,point_index,lo_set_Hz,if_set_Hz,lo_model_Hz,if_model_Hz,mode,kind,m,n,sign,expression,expected_freq_Hz,expected_corr_freq_Hz,measured_freq_Hz,freq_error_Hz,freq_error_corr_Hz,power_dBm,rel_dBc_vs_desired,noise_limited,cluster_id,cluster_size,analytic_coincidence_id,analytic_coincidence_size,measured_coincidence_id,measured_coincidence_size,measurement_scope,cluster_window_half_width_Hz,cluster_window_fallback,span_Hz,rbw_Hz,vbw_Hz,avg_sweeps,marker_mode_global,marker_mode_effective,error
0,30,31,22000000000.0,6950000000.0,22000000000.0,6950000000.0,lo+if,desired,1,1,1,1*LO + 1*IF,28950000000.0,28950000000.0,28950000000.0,0.0,0.0,-24.807779773000796,0.0,0,-1,1,-1,1,-1,1,single,0.0,0,1000.0,10.0,,10,auto,peak,
0,30,31,22000000000.0,6950000000.0,22000000000.0,6950000000.0,lo+if,IF_harmonic,0,4,1,0*LO + 4*IF,27800000000.0,27800000000.0,27800000000.0,0.0,0.0,-105.0088514519286,-80.2010716789278,0,-1,1,-1,1,-1,1,single,0.0,0,1000.0,10.0,,10,auto,peak,
0,30,31,22000000000.0,6950000000.0,22000000000.0,6950000000.0,lo+if,spur,2,2,-1,2*LO - 2*IF,30100000000.0,30100000000.0,30100000000.0,0.0,0.0,-91.51685860214027,-66.70907882913949,0,-1,1,-1,1,-1,1,single,0.0,0,1000.0,10.0,,10,auto,peak,
0,30,31,22000000000.0,6950000000.0,22000000000.0,6950000000.0,lo+if,spur,3,5,-1,3*LO - 5*IF,31250000000.0,31250000000.0,31249999763.2,-236.79999923706055,-236.79999923706055,-130.79681495990116,-105.98903518690037,1,-1,1,-1,1,-1,1,single,0.0,0,1000.0,10.0,,10,auto,peak,
0,30,31,22000000000.0,6950000000.0,22000000000.0,6950000000.0,lo+if,IF_harmonic,0,5,1,0*LO + 5*IF,34750000000.0,34750000000.0,34749999953.0,-47.0,-47.0,-129.17106377509293,-104.36328400209214,1,-1,1,-1,1,-1,1,single,0.0,0,1000.0,10.0,,10,auto,peak,
