lo_index,if_index,point_index,lo_set_Hz,if_set_Hz,lo_model_Hz,if_model_Hz,mode,kind,m,n,sign,expression,expected_freq_Hz,expected_corr_freq_Hz,measured_freq_Hz,freq_error_Hz,freq_error_corr_Hz,power_dBm,rel_dBc_vs_desired,noise_limited,cluster_id,cluster_size,analytic_coincidence_id,analytic_coincidence_size,measured_coincidence_id,measured_coincidence_size,measurement_scope,cluster_window_half_width_Hz,cluster_window_fallback,span_Hz,rbw_Hz,vbw_Hz,avg_sweeps,marker_mode_global,marker_mode_effective,error
0,25,26,22000000000.0,6875000000.0,22000000000.0,6875000000.0,lo+if,desired,1,1,1,1*LO + 1*IF,28875000000.0,28875000000.0,28875000000.0,0.0,0.0,-25.208788917386066,0.0,0,-1,1,-1,1,-1,1,single,0.0,0,1000.0,10.0,,10,auto,peak,
0,25,26,22000000000.0,6875000000.0,22000000000.0,6875000000.0,lo+if,IF_harmonic,0,4,1,0*LO + 4*IF,27500000000.0,27500000000.0,27500000000.0,0.0,0.0,-103.04011037850258,-77.83132146111652,0,-1,1,-1,1,-1,1,single,0.0,0,1000.0,10.0,,10,auto,peak,
0,25,26,22000000000.0,6875000000.0,22000000000.0,6875000000.0,lo+if,spur,2,2,-1,2*LO - 2*IF,30250000000.0,30250000000.0,30250000000.0,0.0,0.0,-93.38414225055553,-68.17535333316945,0,-1,1,-1,1,-1,1,single,0.0,0,1000.0,10.0,,10,auto,peak,
0,25,26,22000000000.0,6875000000.0,22000000000.0,6875000000.0,lo+if,spur,3,5,-1,3*LO - 5*IF,31625000000.0,31625000000.0,31624999995.0,-5.0,-5.0,-129.68875908296144,-104.47997016557537,1,-1,1,-1,1,-1,1,single,0.0,0,1000.0,10.0,,10,auto,peak,
0,25,26,22000000000.0,6875000000.0,22000000000.0,6875000000.0,lo+if,IF_harmonic,0,5,1,0*LO + 5*IF,34375000000.0,34375000000.0,34375000000.0,0.0,0.0,-112.52174368315644,-87.31295476577037,0,-1,1,-1,1,-1,1,single,0.0,0,1000.0,10.0,,10,auto,peak,
