lo_index,if_index,point_index,lo_set_Hz,if_set_Hz,lo_model_Hz,if_model_Hz,mode,kind,m,n,sign,expression,expected_freq_Hz,expected_corr_freq_Hz,measured_freq_Hz,freq_error_Hz,freq_error_corr_Hz,power_dBm,rel_dBc_vs_desired,noise_limited,cluster_id,cluster_size,analytic_coincidence_id,analytic_coincidence_size,measured_coincidence_id,measured_coincidence_size,measurement_scope,cluster_window_half_width_Hz,cluster_window_fallback,span_Hz,rbw_Hz,vbw_Hz,avg_sweeps,marker_mode_global,marker_mode_effective,error
0,41,42,22000000000.0,7115000000.0,22000000000.0,7115000000.0,lo+if,desired,1,1,1,1*LO + 1*IF,29115000000.0,29115000000.0,29115000000.0,0.0,0.0,-24.580621673804963,0.0,0,-1,1,-1,1,-1,1,single,0.0,0,1000.0,10.0,,10,auto,peak,
0,41,42,22000000000.0,7115000000.0,22000000000.0,7115000000.0,lo+if,IF_harmonic,0,4,1,0*LO + 4*IF,28460000000.0,28460000000.0,28459999999.0,-1.0,-1.0,-125.56353037913888,-100.98290870533393,1,-1,1,-1,1,-1,1,single,0.0,0,1000.0,10.0,,10,auto,peak,
0,41,42,22000000000.0,7115000000.0,22000000000.0,7115000000.0,lo+if,spur,2,2,-1,2*LO - 2*IF,29770000000.0,29770000000.0,29770000000.0,0.0,0.0,-89.98572417448034,-65.40510250067538,0,-1,1,-1,1,-1,1,single,0.0,0,1000.0,10.0,,10,auto,peak,
0,41,42,22000000000.0,7115000000.0,22000000000.0,7115000000.0,lo+if,spur,3,5,-1,3*LO - 5*IF,30425000000.0,30425000000.0,30424999626.4,-373.5999984741211,-373.5999984741211,-132.36581922956094,-107.78519755575599,1,-1,1,-1,1,-1,1,single,0.0,0,1000.0,10.0,,10,auto,peak,
