lo_index,if_index,point_index,lo_set_Hz,if_set_Hz,lo_model_Hz,if_model_Hz,mode,kind,m,n,sign,expression,expected_freq_Hz,expected_corr_freq_Hz,measured_freq_Hz,freq_error_Hz,freq_error_corr_Hz,power_dBm,rel_dBc_vs_desired,noise_limited,cluster_id,cluster_size,analytic_coincidence_id,analytic_coincidence_size,measured_coincidence_id,measured_coincidence_size,measurement_scope,cluster_window_half_width_Hz,cluster_window_fallback,span_Hz,rbw_Hz,vbw_Hz,avg_sweeps,marker_mode_global,marker_mode_effective,error
0,60,61,22000000000.0,7400000000.0,22000000000.0,7400000000.0,lo+if,desired,1,1,1,1*LO + 1*IF,29400000000.0,29400000000.0,29400000000.0,0.0,0.0,-25.167692402390593,0.0,0,-1,1,-1,1,-1,1,single,0.0,0,1000.0,10.0,,10,auto,peak,
0,60,61,22000000000.0,7400000000.0,22000000000.0,7400000000.0,lo+if,spur,3,5,-1,3*LO - 5*IF,29000000000.0,29000000000.0,29000000002.0,2.0,2.0,-131.4520756915547,-106.28438328916411,1,-1,1,-1,1,-1,1,single,0.0,0,1000.0,10.0,,10,auto,peak,
0,60,61,22000000000.0,7400000000.0,22000000000.0,7400000000.0,lo+if,spur,2,2,-1,2*LO - 2*IF,29200000000.0,29200000000.0,29200000000.0,0.0,0.0,-90.95588981112066,-65.78819740873007,0,-1,1,-1,1,-1,1,single,0.0,0,1000.0,10.0,,10,auto,peak,
0,60,61,22000000000.0,7400000000.0,22000000000.0,7400000000.0,lo+if,IF_harmonic,0,4,1,0*LO + 4*IF,29600000000.0,29600000000.0,29600000000.0,0.0,0.0,-123.45842318398272,-98.29073078159212,1,-1,1,-1,1,-1,1,single,0.0,0,1000.0,10.0,,10,auto,peak,
