lo_index,if_index,point_index,lo_set_Hz,if_set_Hz,lo_model_Hz,if_model_Hz,mode,kind,m,n,sign,expression,expected_freq_Hz,expected_corr_freq_Hz,measured_freq_Hz,freq_error_Hz,freq_error_corr_Hz,power_dBm,rel_dBc_vs_desired,noise_limited,cluster_id,cluster_size,analytic_coincidence_id,analytic_coincidence_size,measured_coincidence_id,measured_coincidence_size,measurement_scope,cluster_window_half_width_Hz,cluster_window_fallback,span_Hz,rbw_Hz,vbw_Hz,avg_sweeps,marker_mode_global,marker_mode_effective,error
0,7,8,22000000000.0,6605000000.0,22000000000.0,6605000000.0,lo+if,desired,1,1,1,1*LO + 1*IF,28605000000.0,28605000000.0,28605000000.0,0.0,0.0,-24.45857891437553,0.0,0,-1,1,-1,1,-1,1,single,0.0,0,1000.0,10.0,,10,auto,peak,
0,7,8,22000000000.0,6605000000.0,22000000000.0,6605000000.0,lo+if,IF_harmonic,0,4,1,0*LO + 4*IF,26420000000.0,26420000000.0,26420000000.0,0.0,0.0,-112.8477637050794,-88.38918479070387,0,-1,1,-1,1,-1,1,single,0.0,0,1000.0,10.0,,10,auto,peak,
0,7,8,22000000000.0,6605000000.0,22000000000.0,6605000000.0,lo+if,spur,2,2,-1,2*LO - 2*IF,30790000000.0,30790000000.0,30790000000.0,0.0,0.0,-93.74781832967722,-69.2892394153017,0,-1,1,-1,1,-1,1,single,0.0,0,1000.0,10.0,,10,auto,peak,
0,7,8,22000000000.0,6605000000.0,22000000000.0,6605000000.0,lo+if,spur,3,5,-1,3*LO - 5*IF,32975000000.0,32975000000.0,32975000213.8,213.79999923706055,213.79999923706055,-131.9438696943004,-107.48529077992487,1,-1,1,-1,1,-1,1,single,0.0,0,1000.0,10.0,,10,auto,peak,
0,7,8,22000000000.0,6605000000.0,22000000000.0,6605000000.0,lo+if,IF_harmonic,0,5,1,0*LO + 5*IF,33025000000.0,33025000000.0,33025000000.0,0.0,0.0,-129.395375529278,-104.93679661490248,1,-1,1,-1,1,-1,1,single,0.0,0,1000.0,10.0,,10,auto,peak,
