lo_index,if_index,point_index,lo_set_Hz,if_set_Hz,lo_model_Hz,if_model_Hz,mode,kind,m,n,sign,expression,expected_freq_Hz,expected_corr_freq_Hz,measured_freq_Hz,freq_error_Hz,freq_error_corr_Hz,power_dBm,rel_dBc_vs_desired,noise_limited,cluster_id,cluster_size,analytic_coincidence_id,analytic_coincidence_size,measured_coincidence_id,measured_coincidence_size,measurement_scope,cluster_window_half_width_Hz,cluster_window_fallback,span_Hz,rbw_Hz,vbw_Hz,avg_sweeps,marker_mode_global,marker_mode_effective,error
0,85,86,22000000000.0,7775000000.0,22000000000.0,7775000000.0,lo+if,desired,1,1,1,1*LO + 1*IF,29775000000.0,29775000000.0,29775000000.0,0.0,0.0,-24.99822469384636,0.0,0,-1,1,-1,1,-1,1,single,0.0,0,1000.0,10.0,,10,auto,peak,
0,85,86,22000000000.0,7775000000.0,22000000000.0,7775000000.0,lo+if,spur,3,5,-1,3*LO - 5*IF,27125000000.0,27125000000.0,27124999859.1,-140.9000015258789,-140.9000015258789,-131.52846168843158,-106.53023699458521,1,-1,1,-1,1,-1,1,single,0.0,0,1000.0,10.0,,10,auto,peak,
0,85,86,22000000000.0,7775000000.0,22000000000.0,7775000000.0,lo+if,spur,2,2,-1,2*LO - 2*IF,28450000000.0,28450000000.0,28450000000.0,0.0,0.0,-90.28665652543984,-65.28843183159347,0,-1,1,-1,1,-1,1,single,0.0,0,1000.0,10.0,,10,auto,peak,
0,85,86,22000000000.0,7775000000.0,22000000000.0,7775000000.0,lo+if,IF_harmonic,0,4,1,0*LO + 4*IF,31100000000.0,31100000000.0,31100000000.0,0.0,0.0,-124.41732344932112,-99.41909875547475,1,-1,1,-1,1,-1,1,single,0.0,0,1000.0,10.0,,10,auto,peak,
0,85,86,22000000000.0,7775000000.0,22000000000.0,7775000000.0,lo+if,spur,3,4,-1,3*LO - 4*IF,34900000000.0,34900000000.0,34900000000.0,0.0,0.0,-129.6713090216993,-104.67308432785293,1,-1,1,-1,1,-1,1,single,0.0,0,1000.0,10.0,,10,auto,peak,
