lo_index,if_index,point_index,lo_set_Hz,if_set_Hz,lo_model_Hz,if_model_Hz,mode,kind,m,n,sign,expression,expected_freq_Hz,expected_corr_freq_Hz,measured_freq_Hz,freq_error_Hz,freq_error_corr_Hz,power_dBm,rel_dBc_vs_desired,noise_limited,cluster_id,cluster_size,analytic_coincidence_id,analytic_coincidence_size,measured_coincidence_id,measured_coincidence_size,measurement_scope,cluster_window_half_width_Hz,cluster_window_fallback,span_Hz,rbw_Hz,vbw_Hz,avg_sweeps,marker_mode_global,marker_mode_effective,error
0,15,16,22000000000.0,6725000000.0,22000000000.0,6725000000.0,lo+if,desired,1,1,1,1*LO + 1*IF,28725000000.0,28725000000.0,28725000000.0,0.0,0.0,-24.441446895224693,0.0,0,-1,1,-1,1,-1,1,single,0.0,0,1000.0,10.0,,10,auto,peak,
0,15,16,22000000000.0,6725000000.0,22000000000.0,6725000000.0,lo+if,IF_harmonic,0,4,1,0*LO + 4*IF,26900000000.0,26900000000.0,26900000000.0,0.0,0.0,-107.22271519040163,-82.78126829517694,0,-1,1,-1,1,-1,1,single,0.0,0,1000.0,10.0,,10,auto,peak,
0,15,16,22000000000.0,6725000000.0,22000000000.0,6725000000.0,lo+if,spur,2,2,-1,2*LO - 2*IF,30550000000.0,30550000000.0,30550000000.0,0.0,0.0,-92.65103084993349,-68.20958395470879,0,-1,1,-1,1,-1,1,single,0.0,0,1000.0,10.0,,10,auto,peak,
0,15,16,22000000000.0,6725000000.0,22000000000.0,6725000000.0,lo+if,spur,3,5,-1,3*LO - 5*IF,32375000000.0,32375000000.0,32375000286.7,286.70000076293945,286.70000076293945,-132.19832695178397,-107.75688005655928,1,-1,1,-1,1,-1,1,single,0.0,0,1000.0,10.0,,10,auto,peak,
0,15,16,22000000000.0,6725000000.0,22000000000.0,6725000000.0,lo+if,IF_harmonic,0,5,1,0*LO + 5*IF,33625000000.0,33625000000.0,33625000002.0,2.0,2.0,-129.50805574211574,-105.06660884689106,1,-1,1,-1,1,-1,1,single,0.0,0,1000.0,10.0,,10,auto,peak,
