lo_index,if_index,point_index,lo_set_Hz,if_set_Hz,lo_model_Hz,if_model_Hz,mode,kind,m,n,sign,expression,expected_freq_Hz,expected_corr_freq_Hz,measured_freq_Hz,freq_error_Hz,freq_error_corr_Hz,power_dBm,rel_dBc_vs_desired,noise_limited,cluster_id,cluster_size,analytic_coincidence_id,analytic_coincidence_size,measured_coincidence_id,measured_coincidence_size,measurement_scope,cluster_window_half_width_Hz,cluster_window_fallback,span_Hz,rbw_Hz,vbw_Hz,avg_sweeps,marker_mode_global,marker_mode_effective,error
0,19,20,22000000000.0,6785000000.0,22000000000.0,6785000000.0,lo+if,desired,1,1,1,1*LO + 1*IF,28785000000.0,28785000000.0,28785000000.0,0.0,0.0,-25.384128733731075,0.0,0,-1,1,-1,1,-1,1,single,0.0,0,1000.0,10.0,,10,auto,peak,
0,19,20,22000000000.0,6785000000.0,22000000000.0,6785000000.0,lo+if,IF_harmonic,0,4,1,0*LO + 4*IF,27140000000.0,27140000000.0,27140000000.0,0.0,0.0,-100.33147193999964,-74.94734320626857,0,-1,1,-1,1,-1,1,single,0.0,0,1000.0,10.0,,10,auto,peak,
0,19,20,22000000000.0,6785000000.0,22000000000.0,6785000000.0,lo+if,spur,2,2,-1,2*LO - 2*IF,30430000000.0,30430000000.0,30430000000.0,0.0,0.0,-93.84306468836989,-68.45893595463882,0,-1,1,-1,1,-1,1,single,0.0,0,1000.0,10.0,,10,auto,peak,
0,19,20,22000000000.0,6785000000.0,22000000000.0,6785000000.0,lo+if,spur,3,5,-1,3*LO - 5*IF,32075000000.0,32075000000.0,32075000362.6,362.5999984741211,362.5999984741211,-132.1309407041262,-106.74681197039513,1,-1,1,-1,1,-1,1,single,0.0,0,1000.0,10.0,,10,auto,peak,
0,19,20,22000000000.0,6785000000.0,22000000000.0,6785000000.0,lo+if,IF_harmonic,0,5,1,0*LO + 5*IF,33925000000.0,33925000000.0,33925000000.0,0.0,0.0,-125.77554408965362,-100.39141535592255,1,-1,1,-1,1,-1,1,single,0.0,0,1000.0,10.0,,10,auto,peak,
