lo_index,if_index,point_index,lo_set_Hz,if_set_Hz,lo_model_Hz,if_model_Hz,mode,kind,m,n,sign,expression,expected_freq_Hz,expected_corr_freq_Hz,measured_freq_Hz,freq_error_Hz,freq_error_corr_Hz,power_dBm,rel_dBc_vs_desired,noise_limited,cluster_id,cluster_size,analytic_coincidence_id,analytic_coincidence_size,measured_coincidence_id,measured_coincidence_size,measurement_scope,cluster_window_half_width_Hz,cluster_window_fallback,span_Hz,rbw_Hz,vbw_Hz,avg_sweeps,marker_mode_global,marker_mode_effective,error
0,49,50,22000000000.0,7235000000.0,22000000000.0,7235000000.0,lo+if,desired,1,1,1,1*LO + 1*IF,29235000000.0,29235000000.0,29235000000.0,0.0,0.0,-25.326688820669506,0.0,0,-1,1,-1,1,-1,1,single,0.0,0,1000.0,10.0,,10,auto,peak,
0,49,50,22000000000.0,7235000000.0,22000000000.0,7235000000.0,lo+if,IF_harmonic,0,4,1,0*LO + 4*IF,28940000000.0,28940000000.0,28940000000.0,0.0,0.0,-124.74481980114568,-99.41813098047618,1,-1,1,-1,1,-1,1,single,0.0,0,1000.0,10.0,,10,auto,peak,
0,49,50,22000000000.0,7235000000.0,22000000000.0,7235000000.0,lo+if,spur,2,2,-1,2*LO - 2*IF,29530000000.0,29530000000.0,29530000000.0,0.0,0.0,-90.52973058132758,-65.20304176065808,0,-1,1,-1,1,-1,1,single,0.0,0,1000.0,10.0,,10,auto,peak,
0,49,50,22000000000.0,7235000000.0,22000000000.0,7235000000.0,lo+if,spur,3,5,-1,3*LO - 5*IF,29825000000.0,29825000000.0,29824999596.4,-403.5999984741211,-403.5999984741211,-132.43999784008113,-107.11330901941163,1,-1,1,-1,1,-1,1,single,0.0,0,1000.0,10.0,,10,auto,peak,
