lo_index,if_index,point_index,lo_set_Hz,if_set_Hz,lo_model_Hz,if_model_Hz,mode,kind,m,n,sign,expression,expected_freq_Hz,expected_corr_freq_Hz,measured_freq_Hz,freq_error_Hz,freq_error_corr_Hz,power_dBm,rel_dBc_vs_desired,noise_limited,cluster_id,cluster_size,analytic_coincidence_id,analytic_coincidence_size,measured_coincidence_id,measured_coincidence_size,measurement_scope,cluster_window_half_width_Hz,cluster_window_fallback,span_Hz,rbw_Hz,vbw_Hz,avg_sweeps,marker_mode_global,marker_mode_effective,error
0,42,43,5550000000.0,1580000000.0,5550000000.0,1580000000.0,lo+if,desired,1,1,1,1*LO + 1*IF,7130000000.0,7130000000.0,7130000000.0,0.0,0.0,-19.796782854267715,0.0,0,-1,1,-1,1,-1,1,single,0.0,0,1000.0,10.0,,10,auto,peak,
0,42,43,5550000000.0,1580000000.0,5550000000.0,1580000000.0,lo+if,LO_leak,1,0,1,1*LO + 0*IF,5550000000.0,5550000000.0,5550000000.0,0.0,0.0,-47.671510287096396,-27.87472743282868,0,-1,1,-1,1,-1,1,single,0.0,0,1000.0,10.0,,10,auto,at-freq,
0,42,43,5550000000.0,1580000000.0,5550000000.0,1580000000.0,lo+if,IF_harmonic,0,4,1,0*LO + 4*IF,6320000000.0,6320000000.0,6320000000.0,0.0,0.0,-132.77040421828633,-112.97362136401861,1,-1,1,-1,1,-1,1,single,0.0,0,1000.0,10.0,,10,auto,peak,
0,42,43,5550000000.0,1580000000.0,5550000000.0,1580000000.0,lo+if,spur,2,3,-1,2*LO - 3*IF,6360000000.0,6360000000.0,6360000000.0,0.0,0.0,-102.86744737420788,-83.07066451994017,0,-1,1,-1,1,-1,1,single,0.0,0,1000.0,10.0,,10,auto,peak,
0,42,43,5550000000.0,1580000000.0,5550000000.0,1580000000.0,lo+if,IF_harmonic,0,5,1,0*LO + 5*IF,7900000000.0,7900000000.0,7900000174.8,174.80000019073486,174.80000019073486,-137.35521867988626,-117.55843582561855,1,-1,1,-1,1,-1,1,single,0.0,0,1000.0,10.0,,10,auto,peak,
0,42,43,5550000000.0,1580000000.0,5550000000.0,1580000000.0,lo+if,spur,2,2,-1,2*LO - 2*IF,7940000000.0,7940000000.0,7940000000.0,0.0,0.0,-85.38599781297494,-65.58921495870722,0,-1,1,-1,1,-1,1,single,0.0,0,1000.0,10.0,,10,auto,peak,
0,42,43,5550000000.0,1580000000.0,5550000000.0,1580000000.0,lo+if,spur,1,2,1,1*LO + 2*IF,8710000000.0,8710000000.0,8710000000.0,0.0,0.0,-84.56496594321055,-64.76818308894283,0,-1,1,-1,1,-1,1,single,0.0,0,1000.0,10.0,,10,auto,peak,
0,42,43,5550000000.0,1580000000.0,5550000000.0,1580000000.0,lo+if,spur,3,5,-1,3*LO - 5*IF,8750000000.0,8750000000.0,8749999997.0,-3.0,-3.0,-134.48870461211618,-114.69192175784846,1,-1,1,-1,1,-1,1,single,0.0,0,1000.0,10.0,,10,auto,peak,
