lo_index,if_index,point_index,lo_set_Hz,if_set_Hz,lo_model_Hz,if_model_Hz,mode,kind,m,n,sign,expression,expected_freq_Hz,expected_corr_freq_Hz,measured_freq_Hz,freq_error_Hz,freq_error_corr_Hz,power_dBm,rel_dBc_vs_desired,noise_limited,cluster_id,cluster_size,analytic_coincidence_id,analytic_coincidence_size,measured_coincidence_id,measured_coincidence_size,measurement_scope,cluster_window_half_width_Hz,cluster_window_fallback,span_Hz,rbw_Hz,vbw_Hz,avg_sweeps,marker_mode_global,marker_mode_effective,error
0,2,3,5550000000.0,980000000.0,5550000000.0,980000000.0,lo+if,desired,1,1,1,1*LO + 1*IF,6530000000.0,6530000000.0,6530000000.0,0.0,0.0,-20.01826565574578,0.0,0,-1,1,-1,1,-1,1,single,0.0,0,1000.0,10.0,,10,auto,peak,
0,2,3,5550000000.0,980000000.0,5550000000.0,980000000.0,lo+if,LO_leak,1,0,1,1*LO + 0*IF,5550000000.0,5550000000.0,5550000000.0,0.0,0.0,-48.19566604653548,-28.1774003907897,0,-1,1,-1,1,-1,1,single,0.0,0,1000.0,10.0,,10,auto,at-freq,
0,2,3,5550000000.0,980000000.0,5550000000.0,980000000.0,lo+if,spur,2,5,-1,2*LO - 5*IF,6200000000.0,6200000000.0,6199999998.0,-2.0,-2.0,-139.5184056686424,-119.50014001289662,1,-1,1,-1,1,-1,1,single,0.0,0,1000.0,10.0,,10,auto,peak,
0,2,3,5550000000.0,980000000.0,5550000000.0,980000000.0,lo+if,spur,2,4,-1,2*LO - 4*IF,7180000000.0,7180000000.0,7180000475.5,475.5,475.5,-139.86218928117228,-119.8439236254265,1,-1,1,-1,1,-1,1,single,0.0,0,1000.0,10.0,,10,auto,peak,
0,2,3,5550000000.0,980000000.0,5550000000.0,980000000.0,lo+if,spur,1,2,1,1*LO + 2*IF,7510000000.0,7510000000.0,7510000000.0,0.0,0.0,-92.94389823618982,-72.92563258044405,0,-1,1,-1,1,-1,1,single,0.0,0,1000.0,10.0,,10,auto,peak,
0,2,3,5550000000.0,980000000.0,5550000000.0,980000000.0,lo+if,spur,2,3,-1,2*LO - 3*IF,8160000000.0,8160000000.0,8160000000.0,0.0,0.0,-102.6661797507552,-82.64791409500943,0,-1,1,-1,1,-1,1,single,0.0,0,1000.0,10.0,,10,auto,peak,
0,2,3,5550000000.0,980000000.0,5550000000.0,980000000.0,lo+if,spur,1,3,1,1*LO + 3*IF,8490000000.0,8490000000.0,8490000000.0,0.0,0.0,-95.47441016932196,-75.45614451357618,0,-1,1,-1,1,-1,1,single,0.0,0,1000.0,10.0,,10,auto,peak,
