lo_index,if_index,point_index,lo_set_Hz,if_set_Hz,lo_model_Hz,if_model_Hz,mode,kind,m,n,sign,expression,expected_freq_Hz,expected_corr_freq_Hz,measured_freq_Hz,freq_error_Hz,freq_error_corr_Hz,power_dBm,rel_dBc_vs_desired,noise_limited,cluster_id,cluster_size,analytic_coincidence_id,analytic_coincidence_size,measured_coincidence_id,measured_coincidence_size,measurement_scope,cluster_window_half_width_Hz,cluster_window_fallback,span_Hz,rbw_Hz,vbw_Hz,avg_sweeps,marker_mode_global,marker_mode_effective,error
0,95,96,5550000000.0,2375000000.0,5550000000.0,2375000000.0,lo+if,desired,1,1,1,1*LO + 1*IF,7925000000.0,7925000000.0,7925000000.0,0.0,0.0,-21.120882339211022,0.0,0,-1,1,-1,1,-1,1,single,0.0,0,1000.0,10.0,,10,auto,peak,
0,95,96,5550000000.0,2375000000.0,5550000000.0,2375000000.0,lo+if,LO_leak,1,0,1,1*LO + 0*IF,5550000000.0,5550000000.0,5550000000.0,0.0,0.0,-48.52451301913851,-27.40363067992749,0,-1,1,-1,1,-1,1,single,0.0,0,1000.0,10.0,,10,auto,at-freq,
0,95,96,5550000000.0,2375000000.0,5550000000.0,2375000000.0,lo+if,spur,1,5,-1,1*LO - 5*IF,6325000000.0,6325000000.0,6325000001.0,1.0,1.0,-138.01922200948232,-116.8983396702713,1,-1,1,-1,1,-1,1,single,0.0,0,1000.0,10.0,,10,auto,peak,
0,95,96,5550000000.0,2375000000.0,5550000000.0,2375000000.0,lo+if,spur,2,2,-1,2*LO - 2*IF,6350000000.0,6350000000.0,6350000000.0,0.0,0.0,-77.11679798471431,-55.99591564550329,0,-1,1,-1,1,-1,1,single,0.0,0,1000.0,10.0,,10,auto,peak,
0,95,96,5550000000.0,2375000000.0,5550000000.0,2375000000.0,lo+if,IF_harmonic,0,3,1,0*LO + 3*IF,7125000000.0,7125000000.0,7125000000.0,0.0,0.0,-103.96985347821568,-82.84897113900466,0,-1,1,-1,1,-1,1,single,0.0,0,1000.0,10.0,,10,auto,peak,
0,95,96,5550000000.0,2375000000.0,5550000000.0,2375000000.0,lo+if,spur,3,4,-1,3*LO - 4*IF,7150000000.0,7150000000.0,7150000285.7,285.69999980926514,285.69999980926514,-139.38877818219328,-118.26789584298226,1,-1,1,-1,1,-1,1,single,0.0,0,1000.0,10.0,,10,auto,peak,
0,95,96,5550000000.0,2375000000.0,5550000000.0,2375000000.0,lo+if,spur,2,1,-1,2*LO - 1*IF,8725000000.0,8725000000.0,8725000000.0,0.0,0.0,-56.23102193732895,-35.110139598117925,0,-1,1,-1,1,-1,1,single,0.0,0,1000.0,10.0,,10,auto,peak,
