lo_index,if_index,point_index,lo_set_Hz,if_set_Hz,lo_model_Hz,if_model_Hz,mode,kind,m,n,sign,expression,expected_freq_Hz,expected_corr_freq_Hz,measured_freq_Hz,freq_error_Hz,freq_error_corr_Hz,power_dBm,rel_dBc_vs_desired,noise_limited,cluster_id,cluster_size,analytic_coincidence_id,analytic_coincidence_size,measured_coincidence_id,measured_coincidence_size,measurement_scope,cluster_window_half_width_Hz,cluster_window_fallback,span_Hz,rbw_Hz,vbw_Hz,avg_sweeps,marker_mode_global,marker_mode_effective,error
0,28,29,5550000000.0,1370000000.0,5550000000.0,1370000000.0,lo+if,desired,1,1,1,1*LO + 1*IF,6920000000.0,6920000000.0,6920000000.0,0.0,0.0,-19.773095273003566,0.0,0,-1,1,-1,1,-1,1,single,0.0,0,1000.0,10.0,,10,auto,peak,
0,28,29,5550000000.0,1370000000.0,5550000000.0,1370000000.0,lo+if,IF_harmonic,0,4,1,0*LO + 4*IF,5480000000.0,5480000000.0,5479999999.0,-1.0,-1.0,-133.99141157035447,-114.21831629735091,1,-1,1,-1,1,-1,1,single,0.0,0,1000.0,10.0,,10,auto,peak,
0,28,29,5550000000.0,1370000000.0,5550000000.0,1370000000.0,lo+if,LO_leak,1,0,1,1*LO + 0*IF,5550000000.0,5550000000.0,5550000000.0,0.0,0.0,-47.61093070012411,-27.83783542712054,0,-1,1,-1,1,-1,1,single,0.0,0,1000.0,10.0,,10,auto,at-freq,
0,28,29,5550000000.0,1370000000.0,5550000000.0,1370000000.0,lo+if,spur,2,4,-1,2*LO - 4*IF,5620000000.0,5620000000.0,5620000000.0,0.0,0.0,-132.0039593852611,-112.23086411225755,1,-1,1,-1,1,-1,1,single,0.0,0,1000.0,10.0,,10,auto,peak,
0,28,29,5550000000.0,1370000000.0,5550000000.0,1370000000.0,lo+if,IF_harmonic,0,5,1,0*LO + 5*IF,6850000000.0,6850000000.0,6849999920.1,-79.89999961853027,-79.89999961853027,-138.0678349786171,-118.29473970561354,1,-1,1,-1,1,-1,1,single,0.0,0,1000.0,10.0,,10,auto,peak,
0,28,29,5550000000.0,1370000000.0,5550000000.0,1370000000.0,lo+if,spur,2,3,-1,2*LO - 3*IF,6990000000.0,6990000000.0,6990000000.0,0.0,0.0,-100.5426280387359,-80.76953276573234,0,-1,1,-1,1,-1,1,single,0.0,0,1000.0,10.0,,10,auto,peak,
0,28,29,5550000000.0,1370000000.0,5550000000.0,1370000000.0,lo+if,spur,1,2,1,1*LO + 2*IF,8290000000.0,8290000000.0,8290000000.0,0.0,0.0,-85.78557463389404,-66.01247936089048,0,-1,1,-1,1,-1,1,single,0.0,0,1000.0,10.0,,10,auto,peak,
0,28,29,5550000000.0,1370000000.0,5550000000.0,1370000000.0,lo+if,spur,2,2,-1,2*LO - 2*IF,8360000000.0,8360000000.0,8360000000.0,0.0,0.0,-83.53892048523014,-63.765825212226574,0,-1,1,-1,1,-1,1,single,0.0,0,1000.0,10.0,,10,auto,peak,
