lo_index,if_index,point_index,lo_set_Hz,if_set_Hz,lo_model_Hz,if_model_Hz,mode,kind,m,n,sign,expression,expected_freq_Hz,expected_corr_freq_Hz,measured_freq_Hz,freq_error_Hz,freq_error_corr_Hz,power_dBm,rel_dBc_vs_desired,noise_limited,cluster_id,cluster_size,analytic_coincidence_id,analytic_coincidence_size,measured_coincidence_id,measured_coincidence_size,measurement_scope,cluster_window_half_width_Hz,cluster_window_fallback,span_Hz,rbw_Hz,vbw_Hz,avg_sweeps,marker_mode_global,marker_mode_effective,error
0,22,23,5550000000.0,1280000000.0,5550000000.0,1280000000.0,lo+if,desired,1,1,1,1*LO + 1*IF,6830000000.0,6830000000.0,6830000000.0,0.0,0.0,-19.934063189998184,0.0,0,-1,1,-1,1,-1,1,single,0.0,0,1000.0,10.0,,10,auto,peak,
0,22,23,5550000000.0,1280000000.0,5550000000.0,1280000000.0,lo+if,IF_harmonic,0,4,1,0*LO + 4*IF,5120000000.0,5120000000.0,5119999998.0,-2.0,-2.0,-131.68684879591254,-111.75278560591435,1,-1,1,-1,1,-1,1,single,0.0,0,1000.0,10.0,,10,auto,peak,
0,22,23,5550000000.0,1280000000.0,5550000000.0,1280000000.0,lo+if,LO_leak,1,0,1,1*LO + 0*IF,5550000000.0,5550000000.0,5550000000.0,0.0,0.0,-47.58539632994704,-27.651333139948854,0,-1,1,-1,1,-1,1,single,0.0,0,1000.0,10.0,,10,auto,at-freq,
0,22,23,5550000000.0,1280000000.0,5550000000.0,1280000000.0,lo+if,spur,2,4,-1,2*LO - 4*IF,5980000000.0,5980000000.0,5980000000.0,0.0,0.0,-129.74281705735166,-109.80875386735347,1,-1,1,-1,1,-1,1,single,0.0,0,1000.0,10.0,,10,auto,peak,
0,22,23,5550000000.0,1280000000.0,5550000000.0,1280000000.0,lo+if,IF_harmonic,0,5,1,0*LO + 5*IF,6400000000.0,6400000000.0,6399999693.3,-306.69999980926514,-306.69999980926514,-138.2633835506902,-118.32932036069202,1,-1,1,-1,1,-1,1,single,0.0,0,1000.0,10.0,,10,auto,peak,
0,22,23,5550000000.0,1280000000.0,5550000000.0,1280000000.0,lo+if,spur,2,3,-1,2*LO - 3*IF,7260000000.0,7260000000.0,7260000000.0,0.0,0.0,-101.7935722117631,-81.85950902176492,0,-1,1,-1,1,-1,1,single,0.0,0,1000.0,10.0,,10,auto,peak,
0,22,23,5550000000.0,1280000000.0,5550000000.0,1280000000.0,lo+if,spur,1,2,1,1*LO + 2*IF,8110000000.0,8110000000.0,8110000000.0,0.0,0.0,-88.60153326269867,-68.66747007270048,0,-1,1,-1,1,-1,1,single,0.0,0,1000.0,10.0,,10,auto,peak,
0,22,23,5550000000.0,1280000000.0,5550000000.0,1280000000.0,lo+if,spur,2,2,-1,2*LO - 2*IF,8540000000.0,8540000000.0,8540000000.0,0.0,0.0,-84.95637916896705,-65.02231597896886,0,-1,1,-1,1,-1,1,single,0.0,0,1000.0,10.0,,10,auto,peak,
