lo_index,if_index,point_index,lo_set_Hz,if_set_Hz,lo_model_Hz,if_model_Hz,mode,kind,m,n,sign,expression,expected_freq_Hz,expected_corr_freq_Hz,measured_freq_Hz,freq_error_Hz,freq_error_corr_Hz,power_dBm,rel_dBc_vs_desired,noise_limited,cluster_id,cluster_size,analytic_coincidence_id,analytic_coincidence_size,measured_coincidence_id,measured_coincidence_size,measurement_scope,cluster_window_half_width_Hz,cluster_window_fallback,span_Hz,rbw_Hz,vbw_Hz,avg_sweeps,marker_mode_global,marker_mode_effective,error
0,38,39,5550000000.0,1520000000.0,5550000000.0,1520000000.0,lo+if,desired,1,1,1,1*LO + 1*IF,7070000000.0,7070000000.0,7070000000.0,0.0,0.0,-19.929188120227966,0.0,0,-1,1,-1,1,-1,1,single,0.0,0,1000.0,10.0,,10,auto,peak,
0,38,39,5550000000.0,1520000000.0,5550000000.0,1520000000.0,lo+if,spur,2,4,-1,2*LO - 4*IF,5020000000.0,5020000000.0,5020000001.0,1.0,1.0,-132.59193226852742,-112.66274414829945,1,-1,1,-1,1,-1,1,single,0.0,0,1000.0,10.0,,10,auto,peak,
0,38,39,5550000000.0,1520000000.0,5550000000.0,1520000000.0,lo+if,LO_leak,1,0,1,1*LO + 0*IF,5550000000.0,5550000000.0,5550000000.0,0.0,0.0,-47.65721727796517,-27.7280291577372,0,-1,1,-1,1,-1,1,single,0.0,0,1000.0,10.0,,10,auto,at-freq,
0,38,39,5550000000.0,1520000000.0,5550000000.0,1520000000.0,lo+if,IF_harmonic,0,4,1,0*LO + 4*IF,6080000000.0,6080000000.0,6080000000.0,0.0,0.0,-132.52027637119193,-112.59108825096396,1,-1,1,-1,1,-1,1,single,0.0,0,1000.0,10.0,,10,auto,peak,
0,38,39,5550000000.0,1520000000.0,5550000000.0,1520000000.0,lo+if,spur,2,3,-1,2*LO - 3*IF,6540000000.0,6540000000.0,6540000000.0,0.0,0.0,-103.07001177894483,-83.14082365871687,0,-1,1,-1,1,-1,1,single,0.0,0,1000.0,10.0,,10,auto,peak,
0,38,39,5550000000.0,1520000000.0,5550000000.0,1520000000.0,lo+if,IF_harmonic,0,5,1,0*LO + 5*IF,7600000000.0,7600000000.0,7600000118.9,118.89999961853027,118.89999961853027,-139.01344285904725,-119.08425473881928,1,-1,1,-1,1,-1,1,single,0.0,0,1000.0,10.0,,10,auto,peak,
0,38,39,5550000000.0,1520000000.0,5550000000.0,1520000000.0,lo+if,spur,2,2,-1,2*LO - 2*IF,8060000000.0,8060000000.0,8060000000.0,0.0,0.0,-80.59492069981792,-60.66573257958996,0,-1,1,-1,1,-1,1,single,0.0,0,1000.0,10.0,,10,auto,peak,
0,38,39,5550000000.0,1520000000.0,5550000000.0,1520000000.0,lo+if,spur,1,2,1,1*LO + 2*IF,8590000000.0,8590000000.0,8590000000.0,0.0,0.0,-86.57123745650757,-66.64204933627961,0,-1,1,-1,1,-1,1,single,0.0,0,1000.0,10.0,,10,auto,peak,
