lo_index,if_index,point_index,lo_set_Hz,if_set_Hz,lo_model_Hz,if_model_Hz,mode,kind,m,n,sign,expression,expected_freq_Hz,expected_corr_freq_Hz,measured_freq_Hz,freq_error_Hz,freq_error_corr_Hz,power_dBm,rel_dBc_vs_desired,noise_limited,cluster_id,cluster_size,analytic_coincidence_id,analytic_coincidence_size,measured_coincidence_id,measured_coincidence_size,measurement_scope,cluster_window_half_width_Hz,cluster_window_fallback,span_Hz,rbw_Hz,vbw_Hz,avg_sweeps,marker_mode_global,marker_mode_effective,error
0,91,92,5550000000.0,2315000000.0,5550000000.0,2315000000.0,lo+if,desired,1,1,1,1*LO + 1*IF,7865000000.0,7865000000.0,7865000000.0,0.0,0.0,-21.127111410395646,0.0,0,-1,1,-1,1,-1,1,single,0.0,0,1000.0,10.0,,10,auto,peak,
0,91,92,5550000000.0,2315000000.0,5550000000.0,2315000000.0,lo+if,spur,3,5,-1,3*LO - 5*IF,5075000000.0,5075000000.0,5075000001.0,1.0,1.0,-128.89983635356577,-107.77272494317013,1,-1,1,-1,1,-1,1,single,0.0,0,1000.0,10.0,,10,auto,peak,
0,91,92,5550000000.0,2315000000.0,5550000000.0,2315000000.0,lo+if,LO_leak,1,0,1,1*LO + 0*IF,5550000000.0,5550000000.0,5550000000.0,0.0,0.0,-48.443565717107006,-27.31645430671136,0,-1,1,-1,1,-1,1,single,0.0,0,1000.0,10.0,,10,auto,at-freq,
0,91,92,5550000000.0,2315000000.0,5550000000.0,2315000000.0,lo+if,spur,1,5,-1,1*LO - 5*IF,6025000000.0,6025000000.0,6025000000.0,0.0,0.0,-132.74377275722594,-111.6166613468303,1,-1,1,-1,1,-1,1,single,0.0,0,1000.0,10.0,,10,auto,peak,
0,91,92,5550000000.0,2315000000.0,5550000000.0,2315000000.0,lo+if,spur,2,2,-1,2*LO - 2*IF,6470000000.0,6470000000.0,6470000000.0,0.0,0.0,-78.53150670583726,-57.40439529544162,0,-1,1,-1,1,-1,1,single,0.0,0,1000.0,10.0,,10,auto,peak,
0,91,92,5550000000.0,2315000000.0,5550000000.0,2315000000.0,lo+if,IF_harmonic,0,3,1,0*LO + 3*IF,6945000000.0,6945000000.0,6945000000.0,0.0,0.0,-104.25002830881,-83.12291689841436,0,-1,1,-1,1,-1,1,single,0.0,0,1000.0,10.0,,10,auto,peak,
0,91,92,5550000000.0,2315000000.0,5550000000.0,2315000000.0,lo+if,spur,3,4,-1,3*LO - 4*IF,7390000000.0,7390000000.0,7390000002.0,2.0,2.0,-139.443989950328,-118.31687853993235,1,-1,1,-1,1,-1,1,single,0.0,0,1000.0,10.0,,10,auto,peak,
0,91,92,5550000000.0,2315000000.0,5550000000.0,2315000000.0,lo+if,spur,2,1,-1,2*LO - 1*IF,8785000000.0,8785000000.0,8785000000.0,0.0,0.0,-57.50075676633064,-36.373645355935,0,-1,1,-1,1,-1,1,single,0.0,0,1000.0,10.0,,10,auto,peak,
