lo_index,if_index,point_index,lo_set_Hz,if_set_Hz,lo_model_Hz,if_model_Hz,mode,kind,m,n,sign,expression,expected_freq_Hz,expected_corr_freq_Hz,measured_freq_Hz,freq_error_Hz,freq_error_corr_Hz,power_dBm,rel_dBc_vs_desired,noise_limited,cluster_id,cluster_size,analytic_coincidence_id,analytic_coincidence_size,measured_coincidence_id,measured_coincidence_size,measurement_scope,cluster_window_half_width_Hz,cluster_window_fallback,span_Hz,rbw_Hz,vbw_Hz,avg_sweeps,marker_mode_global,marker_mode_effective,error
0,40,41,5550000000.0,1550000000.0,5550000000.0,1550000000.0,lo+if,desired,1,1,1,1*LO + 1*IF,7100000000.0,7100000000.0,7100000000.0,0.0,0.0,-19.795375193667645,0.0,0,-1,1,-1,1,-1,1,single,0.0,0,1000.0,10.0,,10,auto,peak,
0,40,41,5550000000.0,1550000000.0,5550000000.0,1550000000.0,lo+if,LO_leak,1,0,1,1*LO + 0*IF,5550000000.0,5550000000.0,5550000000.0,0.0,0.0,-47.72257290183961,-27.927197708171967,0,-1,1,-1,1,-1,1,single,0.0,0,1000.0,10.0,,10,auto,at-freq,
0,40,41,5550000000.0,1550000000.0,5550000000.0,1550000000.0,lo+if,IF_harmonic,0,4,1,0*LO + 4*IF,6200000000.0,6200000000.0,6200000000.0,0.0,0.0,-137.77358288278413,-117.97820768911649,1,-1,1,-1,1,-1,1,single,0.0,0,1000.0,10.0,,10,auto,peak,
0,40,41,5550000000.0,1550000000.0,5550000000.0,1550000000.0,lo+if,spur,2,3,-1,2*LO - 3*IF,6450000000.0,6450000000.0,6450000000.0,0.0,0.0,-102.83180434513342,-83.03642915146577,0,-1,1,-1,1,-1,1,single,0.0,0,1000.0,10.0,,10,auto,peak,
0,40,41,5550000000.0,1550000000.0,5550000000.0,1550000000.0,lo+if,IF_harmonic,0,5,1,0*LO + 5*IF,7750000000.0,7750000000.0,7750000172.8,172.80000019073486,172.80000019073486,-138.3075936880578,-118.51221849439017,1,-1,1,-1,1,-1,1,single,0.0,0,1000.0,10.0,,10,auto,peak,
0,40,41,5550000000.0,1550000000.0,5550000000.0,1550000000.0,lo+if,spur,2,2,-1,2*LO - 2*IF,8000000000.0,8000000000.0,8000000000.0,0.0,0.0,-82.20963066349091,-62.41425546982327,0,-1,1,-1,1,-1,1,single,0.0,0,1000.0,10.0,,10,auto,peak,
0,40,41,5550000000.0,1550000000.0,5550000000.0,1550000000.0,lo+if,spur,1,2,1,1*LO + 2*IF,8650000000.0,8650000000.0,8650000000.0,0.0,0.0,-86.50547748468931,-66.71010229102166,0,-1,1,-1,1,-1,1,single,0.0,0,1000.0,10.0,,10,auto,peak,
0,40,41,5550000000.0,1550000000.0,5550000000.0,1550000000.0,lo+if,spur,3,5,-1,3*LO - 5*IF,8900000000.0,8900000000.0,8899999963.0,-37.0,-37.0,-135.48854319421704,-115.6931680005494,1,-1,1,-1,1,-1,1,single,0.0,0,1000.0,10.0,,10,auto,peak,
