lo_index,if_index,point_index,lo_set_Hz,if_set_Hz,lo_model_Hz,if_model_Hz,mode,kind,m,n,sign,expression,expected_freq_Hz,expected_corr_freq_Hz,measured_freq_Hz,freq_error_Hz,freq_error_corr_Hz,power_dBm,rel_dBc_vs_desired,noise_limited,cluster_id,cluster_size,analytic_coincidence_id,analytic_coincidence_size,measured_coincidence_id,measured_coincidence_size,measurement_scope,cluster_window_half_width_Hz,cluster_window_fallback,span_Hz,rbw_Hz,vbw_Hz,avg_sweeps,marker_mode_global,marker_mode_effective,error
0,72,73,5550000000.0,2030000000.0,5550000000.0,2030000000.0,lo+if,desired,1,1,1,1*LO + 1*IF,7580000000.0,7580000000.0,7580000000.0,0.0,0.0,-20.545428179237334,0.0,0,-1,1,-1,1,-1,1,single,0.0,0,1000.0,10.0,,10,auto,peak,
0,72,73,5550000000.0,2030000000.0,5550000000.0,2030000000.0,lo+if,spur,2,3,-1,2*LO - 3*IF,5010000000.0,5010000000.0,5010000000.0,0.0,0.0,-100.82226823635207,-80.27684005711474,0,-1,1,-1,1,-1,1,single,0.0,0,1000.0,10.0,,10,auto,peak,
0,72,73,5550000000.0,2030000000.0,5550000000.0,2030000000.0,lo+if,LO_leak,1,0,1,1*LO + 0*IF,5550000000.0,5550000000.0,5550000000.0,0.0,0.0,-48.02308261802792,-27.477654438790587,0,-1,1,-1,1,-1,1,single,0.0,0,1000.0,10.0,,10,auto,at-freq,
0,72,73,5550000000.0,2030000000.0,5550000000.0,2030000000.0,lo+if,IF_harmonic,0,3,1,0*LO + 3*IF,6090000000.0,6090000000.0,6090000000.0,0.0,0.0,-103.54519317621128,-82.99976499697395,0,-1,1,-1,1,-1,1,single,0.0,0,1000.0,10.0,,10,auto,peak,
0,72,73,5550000000.0,2030000000.0,5550000000.0,2030000000.0,lo+if,spur,3,5,-1,3*LO - 5*IF,6500000000.0,6500000000.0,6499999815.2,-184.80000019073486,-184.80000019073486,-137.79510168352084,-117.2496735042835,1,-1,1,-1,1,-1,1,single,0.0,0,1000.0,10.0,,10,auto,peak,
0,72,73,5550000000.0,2030000000.0,5550000000.0,2030000000.0,lo+if,spur,2,2,-1,2*LO - 2*IF,7040000000.0,7040000000.0,7040000000.0,0.0,0.0,-81.88273474475862,-61.33730656552129,0,-1,1,-1,1,-1,1,single,0.0,0,1000.0,10.0,,10,auto,peak,
0,72,73,5550000000.0,2030000000.0,5550000000.0,2030000000.0,lo+if,IF_harmonic,0,4,1,0*LO + 4*IF,8120000000.0,8120000000.0,8119999804.2,-195.80000019073486,-195.80000019073486,-133.40973934115905,-112.86431116192172,1,-1,1,-1,1,-1,1,single,0.0,0,1000.0,10.0,,10,auto,peak,
0,72,73,5550000000.0,2030000000.0,5550000000.0,2030000000.0,lo+if,spur,3,4,-1,3*LO - 4*IF,8530000000.0,8530000000.0,8530000339.7,339.69999980926514,339.69999980926514,-136.6865387957153,-116.14111061647797,1,-1,1,-1,1,-1,1,single,0.0,0,1000.0,10.0,,10,auto,peak,
