lo_index,if_index,point_index,lo_set_Hz,if_set_Hz,lo_model_Hz,if_model_Hz,mode,kind,m,n,sign,expression,expected_freq_Hz,expected_corr_freq_Hz,measured_freq_Hz,freq_error_Hz,freq_error_corr_Hz,power_dBm,rel_dBc_vs_desired,noise_limited,cluster_id,cluster_size,analytic_coincidence_id,analytic_coincidence_size,measured_coincidence_id,measured_coincidence_size,measurement_scope,cluster_window_half_width_Hz,cluster_window_fallback,span_Hz,rbw_Hz,vbw_Hz,avg_sweeps,marker_mode_global,marker_mode_effective,error
0,71,72,5550000000.0,2015000000.0,5550000000.0,2015000000.0,lo+if,desired,1,1,1,1*LO + 1*IF,7565000000.0,7565000000.0,7565000000.0,0.0,0.0,-20.590344758649394,0.0,0,-1,1,-1,1,-1,1,single,0.0,0,1000.0,10.0,,10,auto,peak,
0,71,72,5550000000.0,2015000000.0,5550000000.0,2015000000.0,lo+if,spur,2,3,-1,2*LO - 3*IF,5055000000.0,5055000000.0,5055000000.0,0.0,0.0,-102.67801839843757,-82.08767363978818,0,-1,1,-1,1,-1,1,single,0.0,0,1000.0,10.0,,10,auto,peak,
0,71,72,5550000000.0,2015000000.0,5550000000.0,2015000000.0,lo+if,LO_leak,1,0,1,1*LO + 0*IF,5550000000.0,5550000000.0,5550000000.0,0.0,0.0,-48.039432996236506,-27.449088237587112,0,-1,1,-1,1,-1,1,single,0.0,0,1000.0,10.0,,10,auto,at-freq,
0,71,72,5550000000.0,2015000000.0,5550000000.0,2015000000.0,lo+if,IF_harmonic,0,3,1,0*LO + 3*IF,6045000000.0,6045000000.0,6045000000.0,0.0,0.0,-103.11083147415461,-82.52048671550521,0,-1,1,-1,1,-1,1,single,0.0,0,1000.0,10.0,,10,auto,peak,
0,71,72,5550000000.0,2015000000.0,5550000000.0,2015000000.0,lo+if,spur,3,5,-1,3*LO - 5*IF,6575000000.0,6575000000.0,6575000000.0,0.0,0.0,-136.6679848972706,-116.0776401386212,1,-1,1,-1,1,-1,1,single,0.0,0,1000.0,10.0,,10,auto,peak,
0,71,72,5550000000.0,2015000000.0,5550000000.0,2015000000.0,lo+if,spur,2,2,-1,2*LO - 2*IF,7070000000.0,7070000000.0,7070000000.0,0.0,0.0,-79.67784000641822,-59.08749524776883,0,-1,1,-1,1,-1,1,single,0.0,0,1000.0,10.0,,10,auto,peak,
0,71,72,5550000000.0,2015000000.0,5550000000.0,2015000000.0,lo+if,IF_harmonic,0,4,1,0*LO + 4*IF,8060000000.0,8060000000.0,8059999883.1,-116.89999961853027,-116.89999961853027,-134.07368670181432,-113.48334194316493,1,-1,1,-1,1,-1,1,single,0.0,0,1000.0,10.0,,10,auto,peak,
0,71,72,5550000000.0,2015000000.0,5550000000.0,2015000000.0,lo+if,spur,3,4,-1,3*LO - 4*IF,8590000000.0,8590000000.0,8590000146.9,146.89999961853027,146.89999961853027,-136.51835703530355,-115.92801227665416,1,-1,1,-1,1,-1,1,single,0.0,0,1000.0,10.0,,10,auto,peak,
