lo_index,if_index,point_index,lo_set_Hz,if_set_Hz,lo_model_Hz,if_model_Hz,mode,kind,m,n,sign,expression,expected_freq_Hz,expected_corr_freq_Hz,measured_freq_Hz,freq_error_Hz,freq_error_corr_Hz,power_dBm,rel_dBc_vs_desired,noise_limited,cluster_id,cluster_size,analytic_coincidence_id,analytic_coincidence_size,measured_coincidence_id,measured_coincidence_size,measurement_scope,cluster_window_half_width_Hz,cluster_window_fallback,span_Hz,rbw_Hz,vbw_Hz,avg_sweeps,marker_mode_global,marker_mode_effective,error
0,100,101,5550000000.0,2450000000.0,5550000000.0,2450000000.0,lo+if,desired,1,1,1,1*LO + 1*IF,8000000000.0,8000000000.0,8000000000.0,0.0,0.0,-20.492348150046844,0.0,0,-1,1,-1,1,-1,1,single,0.0,0,1000.0,10.0,,10,auto,peak,
0,100,101,5550000000.0,2450000000.0,5550000000.0,2450000000.0,lo+if,LO_leak,1,0,1,1*LO + 0*IF,5550000000.0,5550000000.0,5550000000.0,0.0,0.0,-48.56080759036841,-28.06845944032157,0,-1,1,-1,1,-1,1,single,0.0,0,1000.0,10.0,,10,auto,at-freq,
0,100,101,5550000000.0,2450000000.0,5550000000.0,2450000000.0,lo+if,spur,2,2,-1,2*LO - 2*IF,6200000000.0,6200000000.0,6200000000.0,0.0,0.0,-77.06721081977288,-56.57486266972604,0,-1,1,-1,1,-1,1,single,0.0,0,1000.0,10.0,,10,auto,peak,
0,100,101,5550000000.0,2450000000.0,5550000000.0,2450000000.0,lo+if,spur,1,5,-1,1*LO - 5*IF,6700000000.0,6700000000.0,6699999500.5,-499.5,-499.5,-138.28394567509366,-117.79159752504683,1,-1,1,-1,1,-1,1,single,0.0,0,1000.0,10.0,,10,auto,peak,
0,100,101,5550000000.0,2450000000.0,5550000000.0,2450000000.0,lo+if,spur,3,4,-1,3*LO - 4*IF,6850000000.0,6850000000.0,6849999709.3,-290.69999980926514,-290.69999980926514,-138.66001642886476,-118.16766827881793,1,-1,1,-1,1,-1,1,single,0.0,0,1000.0,10.0,,10,auto,peak,
0,100,101,5550000000.0,2450000000.0,5550000000.0,2450000000.0,lo+if,IF_harmonic,0,3,1,0*LO + 3*IF,7350000000.0,7350000000.0,7350000000.0,0.0,0.0,-103.13672247574358,-82.64437432569673,0,-1,1,-1,1,-1,1,single,0.0,0,1000.0,10.0,,10,auto,peak,
0,100,101,5550000000.0,2450000000.0,5550000000.0,2450000000.0,lo+if,spur,2,1,-1,2*LO - 1*IF,8650000000.0,8650000000.0,8650000000.0,0.0,0.0,-56.971963926134606,-36.47961577608776,0,-1,1,-1,1,-1,1,single,0.0,0,1000.0,10.0,,10,auto,peak,
