lo_index,if_index,point_index,lo_set_Hz,if_set_Hz,lo_model_Hz,if_model_Hz,mode,kind,m,n,sign,expression,expected_freq_Hz,expected_corr_freq_Hz,measured_freq_Hz,freq_error_Hz,freq_error_corr_Hz,power_dBm,rel_dBc_vs_desired,noise_limited,cluster_id,cluster_size,analytic_coincidence_id,analytic_coincidence_size,measured_coincidence_id,measured_coincidence_size,measurement_scope,cluster_window_half_width_Hz,cluster_window_fallback,span_Hz,rbw_Hz,vbw_Hz,avg_sweeps,marker_mode_global,marker_mode_effective,error
0,65,66,5550000000.0,1925000000.0,5550000000.0,1925000000.0,lo+if,desired,1,1,1,1*LO + 1*IF,7475000000.0,7475000000.0,7475000000.0,0.0,0.0,-20.49021832849825,0.0,0,-1,1,-1,1,-1,1,single,0.0,0,1000.0,10.0,,10,auto,peak,
0,65,66,5550000000.0,1925000000.0,5550000000.0,1925000000.0,lo+if,spur,2,3,-1,2*LO - 3*IF,5325000000.0,5325000000.0,5325000000.0,0.0,0.0,-101.09030346768536,-80.60008513918712,0,-1,1,-1,1,-1,1,single,0.0,0,1000.0,10.0,,10,auto,peak,
0,65,66,5550000000.0,1925000000.0,5550000000.0,1925000000.0,lo+if,LO_leak,1,0,1,1*LO + 0*IF,5550000000.0,5550000000.0,5550000000.0,0.0,0.0,-48.105820089581655,-27.615601761083404,0,-1,1,-1,1,-1,1,single,0.0,0,1000.0,10.0,,10,auto,at-freq,
0,65,66,5550000000.0,1925000000.0,5550000000.0,1925000000.0,lo+if,IF_harmonic,0,3,1,0*LO + 3*IF,5775000000.0,5775000000.0,5775000000.0,0.0,0.0,-101.43678244518641,-80.94656411668817,0,-1,1,-1,1,-1,1,single,0.0,0,1000.0,10.0,,10,auto,peak,
0,65,66,5550000000.0,1925000000.0,5550000000.0,1925000000.0,lo+if,spur,3,5,-1,3*LO - 5*IF,7025000000.0,7025000000.0,7025000442.6,442.6000003814697,442.6000003814697,-139.06173254773566,-118.5715142192374,1,-1,1,-1,1,-1,1,single,0.0,0,1000.0,10.0,,10,auto,peak,
0,65,66,5550000000.0,1925000000.0,5550000000.0,1925000000.0,lo+if,spur,2,2,-1,2*LO - 2*IF,7250000000.0,7250000000.0,7250000000.0,0.0,0.0,-80.73197679182161,-60.24175846332336,0,-1,1,-1,1,-1,1,single,0.0,0,1000.0,10.0,,10,auto,peak,
0,65,66,5550000000.0,1925000000.0,5550000000.0,1925000000.0,lo+if,IF_harmonic,0,4,1,0*LO + 4*IF,7700000000.0,7700000000.0,7699999984.0,-16.0,-16.0,-138.153397572544,-117.66317924404575,1,-1,1,-1,1,-1,1,single,0.0,0,1000.0,10.0,,10,auto,peak,
0,65,66,5550000000.0,1925000000.0,5550000000.0,1925000000.0,lo+if,spur,3,4,-1,3*LO - 4*IF,8950000000.0,8950000000.0,8950000164.8,164.79999923706055,164.79999923706055,-133.79210208465238,-113.30188375615413,1,-1,1,-1,1,-1,1,single,0.0,0,1000.0,10.0,,10,auto,peak,
