lo_index,if_index,point_index,lo_set_Hz,if_set_Hz,lo_model_Hz,if_model_Hz,mode,kind,m,n,sign,expression,expected_freq_Hz,expected_corr_freq_Hz,measured_freq_Hz,freq_error_Hz,freq_error_corr_Hz,power_dBm,rel_dBc_vs_desired,noise_limited,cluster_id,cluster_size,analytic_coincidence_id,analytic_coincidence_size,measured_coincidence_id,measured_coincidence_size,measurement_scope,cluster_window_half_width_Hz,cluster_window_fallback,span_Hz,rbw_Hz,vbw_Hz,avg_sweeps,marker_mode_global,marker_mode_effective,error
0,35,36,5550000000.0,1475000000.0,5550000000.0,1475000000.0,lo+if,desired,1,1,1,1*LO + 1*IF,7025000000.0,7025000000.0,7025000000.0,0.0,0.0,-19.805875816340585,0.0,0,-1,1,-1,1,-1,1,single,0.0,0,1000.0,10.0,,10,auto,peak,
0,35,36,5550000000.0,1475000000.0,5550000000.0,1475000000.0,lo+if,spur,2,4,-1,2*LO - 4*IF,5200000000.0,5200000000.0,5200000000.0,0.0,0.0,-125.11295489802662,-105.30707908168603,1,-1,1,-1,1,-1,1,single,0.0,0,1000.0,10.0,,10,auto,peak,
0,35,36,5550000000.0,1475000000.0,5550000000.0,1475000000.0,lo+if,LO_leak,1,0,1,1*LO + 0*IF,5550000000.0,5550000000.0,5550000000.0,0.0,0.0,-47.676740513232836,-27.87086469689225,0,-1,1,-1,1,-1,1,single,0.0,0,1000.0,10.0,,10,auto,at-freq,
0,35,36,5550000000.0,1475000000.0,5550000000.0,1475000000.0,lo+if,IF_harmonic,0,4,1,0*LO + 4*IF,5900000000.0,5900000000.0,5900000001.0,1.0,1.0,-132.11063958931157,-112.30476377297099,1,-1,1,-1,1,-1,1,single,0.0,0,1000.0,10.0,,10,auto,peak,
0,35,36,5550000000.0,1475000000.0,5550000000.0,1475000000.0,lo+if,spur,2,3,-1,2*LO - 3*IF,6675000000.0,6675000000.0,6675000000.0,0.0,0.0,-102.47133628615929,-82.6654604698187,0,-1,1,-1,1,-1,1,single,0.0,0,1000.0,10.0,,10,auto,peak,
0,35,36,5550000000.0,1475000000.0,5550000000.0,1475000000.0,lo+if,IF_harmonic,0,5,1,0*LO + 5*IF,7375000000.0,7375000000.0,7374999651.3,-348.69999980926514,-348.69999980926514,-139.469955151657,-119.6640793353164,1,-1,1,-1,1,-1,1,single,0.0,0,1000.0,10.0,,10,auto,peak,
0,35,36,5550000000.0,1475000000.0,5550000000.0,1475000000.0,lo+if,spur,2,2,-1,2*LO - 2*IF,8150000000.0,8150000000.0,8150000000.0,0.0,0.0,-81.46254877770275,-61.65667296136216,0,-1,1,-1,1,-1,1,single,0.0,0,1000.0,10.0,,10,auto,peak,
0,35,36,5550000000.0,1475000000.0,5550000000.0,1475000000.0,lo+if,spur,1,2,1,1*LO + 2*IF,8500000000.0,8500000000.0,8500000000.0,0.0,0.0,-85.4797109092432,-65.6738350929026,0,-1,1,-1,1,-1,1,single,0.0,0,1000.0,10.0,,10,auto,peak,
