lo_index,if_index,point_index,lo_set_Hz,if_set_Hz,lo_model_Hz,if_model_Hz,mode,kind,m,n,sign,expression,expected_freq_Hz,expected_corr_freq_Hz,measured_freq_Hz,freq_error_Hz,freq_error_corr_Hz,power_dBm,rel_dBc_vs_desired,noise_limited,cluster_id,cluster_size,analytic_coincidence_id,analytic_coincidence_size,measured_coincidence_id,measured_coincidence_size,measurement_scope,cluster_window_half_width_Hz,cluster_window_fallback,span_Hz,rbw_Hz,vbw_Hz,avg_sweeps,marker_mode_global,marker_mode_effective,error
0,19,20,5550000000.0,1235000000.0,5550000000.0,1235000000.0,lo+if,desired,1,1,1,1*LO + 1*IF,6785000000.0,6785000000.0,6785000000.0,0.0,0.0,-19.535418464086472,0.0,0,-1,1,-1,1,-1,1,single,0.0,0,1000.0,10.0,,10,auto,peak,
0,19,20,5550000000.0,1235000000.0,5550000000.0,1235000000.0,lo+if,LO_leak,1,0,1,1*LO + 0*IF,5550000000.0,5550000000.0,5550000000.0,0.0,0.0,-48.042768050676386,-28.507349586589914,0,-1,1,-1,1,-1,1,single,0.0,0,1000.0,10.0,,10,auto,at-freq,
0,19,20,5550000000.0,1235000000.0,5550000000.0,1235000000.0,lo+if,spur,2,4,-1,2*LO - 4*IF,6160000000.0,6160000000.0,6160000448.6,448.6000003814697,448.6000003814697,-138.813634588727,-119.27821612464054,1,-1,1,-1,1,-1,1,single,0.0,0,1000.0,10.0,,10,auto,peak,
0,19,20,5550000000.0,1235000000.0,5550000000.0,1235000000.0,lo+if,IF_harmonic,0,5,1,0*LO + 5*IF,6175000000.0,6175000000.0,6175000001.0,1.0,1.0,-138.24137134457797,-118.7059528804915,1,-1,1,-1,1,-1,1,single,0.0,0,1000.0,10.0,,10,auto,peak,
0,19,20,5550000000.0,1235000000.0,5550000000.0,1235000000.0,lo+if,spur,2,3,-1,2*LO - 3*IF,7395000000.0,7395000000.0,7395000000.0,0.0,0.0,-101.03222394654733,-81.49680548246086,0,-1,1,-1,1,-1,1,single,0.0,0,1000.0,10.0,,10,auto,peak,
0,19,20,5550000000.0,1235000000.0,5550000000.0,1235000000.0,lo+if,spur,1,2,1,1*LO + 2*IF,8020000000.0,8020000000.0,8020000000.0,0.0,0.0,-85.77141670696042,-66.23599824287395,0,-1,1,-1,1,-1,1,single,0.0,0,1000.0,10.0,,10,auto,peak,
0,19,20,5550000000.0,1235000000.0,5550000000.0,1235000000.0,lo+if,spur,2,2,-1,2*LO - 2*IF,8630000000.0,8630000000.0,8630000000.0,0.0,0.0,-76.79794729002742,-57.26252882594095,0,-1,1,-1,1,-1,1,single,0.0,0,1000.0,10.0,,10,auto,peak,
