lo_index,if_index,point_index,lo_set_Hz,if_set_Hz,lo_model_Hz,if_model_Hz,mode,kind,m,n,sign,expression,expected_freq_Hz,expected_corr_freq_Hz,measured_freq_Hz,freq_error_Hz,freq_error_corr_Hz,power_dBm,rel_dBc_vs_desired,noise_limited,cluster_id,cluster_size,analytic_coincidence_id,analytic_coincidence_size,measured_coincidence_id,measured_coincidence_size,measurement_scope,cluster_window_half_width_Hz,cluster_window_fallback,span_Hz,rbw_Hz,vbw_Hz,avg_sweeps,marker_mode_global,marker_mode_effective,error
0,25,26,5550000000.0,1325000000.0,5550000000.0,1325000000.0,lo+if,desired,1,1,1,1*LO + 1*IF,6875000000.0,6875000000.0,6875000000.0,0.0,0.0,-19.713230270813934,0.0,0,-1,1,-1,1,-1,1,single,0.0,0,1000.0,10.0,,10,auto,peak,
0,25,26,5550000000.0,1325000000.0,5550000000.0,1325000000.0,lo+if,IF_harmonic,0,4,1,0*LO + 4*IF,5300000000.0,5300000000.0,5300000001.0,1.0,1.0,-130.21872377924382,-110.50549350842988,1,-1,1,-1,1,-1,1,single,0.0,0,1000.0,10.0,,10,auto,peak,
0,25,26,5550000000.0,1325000000.0,5550000000.0,1325000000.0,lo+if,LO_leak,1,0,1,1*LO + 0*IF,5550000000.0,5550000000.0,5550000000.0,0.0,0.0,-47.62414065747581,-27.91091038666188,0,-1,1,-1,1,-1,1,single,0.0,0,1000.0,10.0,,10,auto,at-freq,
0,25,26,5550000000.0,1325000000.0,5550000000.0,1325000000.0,lo+if,spur,2,4,-1,2*LO - 4*IF,5800000000.0,5800000000.0,5800000000.0,0.0,0.0,-123.12718196488066,-103.41395169406672,1,-1,1,-1,1,-1,1,single,0.0,0,1000.0,10.0,,10,auto,peak,
0,25,26,5550000000.0,1325000000.0,5550000000.0,1325000000.0,lo+if,IF_harmonic,0,5,1,0*LO + 5*IF,6625000000.0,6625000000.0,6624999665.3,-334.69999980926514,-334.69999980926514,-138.18247837252227,-118.46924810170833,1,-1,1,-1,1,-1,1,single,0.0,0,1000.0,10.0,,10,auto,peak,
0,25,26,5550000000.0,1325000000.0,5550000000.0,1325000000.0,lo+if,spur,2,3,-1,2*LO - 3*IF,7125000000.0,7125000000.0,7125000000.0,0.0,0.0,-102.11915215911198,-82.40592188829804,0,-1,1,-1,1,-1,1,single,0.0,0,1000.0,10.0,,10,auto,peak,
0,25,26,5550000000.0,1325000000.0,5550000000.0,1325000000.0,lo+if,spur,1,2,1,1*LO + 2*IF,8200000000.0,8200000000.0,8200000000.0,0.0,0.0,-86.57188848338477,-66.85865821257083,0,-1,1,-1,1,-1,1,single,0.0,0,1000.0,10.0,,10,auto,peak,
0,25,26,5550000000.0,1325000000.0,5550000000.0,1325000000.0,lo+if,spur,2,2,-1,2*LO - 2*IF,8450000000.0,8450000000.0,8450000000.0,0.0,0.0,-78.77351328335408,-59.06028301254014,0,-1,1,-1,1,-1,1,single,0.0,0,1000.0,10.0,,10,auto,peak,
