lo_index,if_index,point_index,lo_set_Hz,if_set_Hz,lo_model_Hz,if_model_Hz,mode,kind,m,n,sign,expression,expected_freq_Hz,expected_corr_freq_Hz,measured_freq_Hz,freq_error_Hz,freq_error_corr_Hz,power_dBm,rel_dBc_vs_desired,noise_limited,cluster_id,cluster_size,analytic_coincidence_id,analytic_coincidence_size,measured_coincidence_id,measured_coincidence_size,measurement_scope,cluster_window_half_width_Hz,cluster_window_fallback,span_Hz,rbw_Hz,vbw_Hz,avg_sweeps,marker_mode_global,marker_mode_effective,error
0,17,18,5550000000.0,1205000000.0,5550000000.0,1205000000.0,lo+if,desired,1,1,1,1*LO + 1*IF,6755000000.0,6755000000.0,6755000000.0,0.0,0.0,-19.748764003783435,0.0,0,-1,1,-1,1,-1,1,single,0.0,0,1000.0,10.0,,10,auto,peak,
0,17,18,5550000000.0,1205000000.0,5550000000.0,1205000000.0,lo+if,spur,2,5,-1,2*LO - 5*IF,5075000000.0,5075000000.0,5075000000.0,0.0,0.0,-129.90023405996664,-110.1514700561832,1,-1,1,-1,1,-1,1,single,0.0,0,1000.0,10.0,,10,auto,peak,
0,17,18,5550000000.0,1205000000.0,5550000000.0,1205000000.0,lo+if,LO_leak,1,0,1,1*LO + 0*IF,5550000000.0,5550000000.0,5550000000.0,0.0,0.0,-48.00444407607846,-28.25568007229502,0,-1,1,-1,1,-1,1,single,0.0,0,1000.0,10.0,,10,auto,at-freq,
0,17,18,5550000000.0,1205000000.0,5550000000.0,1205000000.0,lo+if,IF_harmonic,0,5,1,0*LO + 5*IF,6025000000.0,6025000000.0,6025000000.0,0.0,0.0,-136.40647751076327,-116.65771350697983,1,-1,1,-1,1,-1,1,single,0.0,0,1000.0,10.0,,10,auto,peak,
0,17,18,5550000000.0,1205000000.0,5550000000.0,1205000000.0,lo+if,spur,2,4,-1,2*LO - 4*IF,6280000000.0,6280000000.0,6280000000.0,0.0,0.0,-127.46796292336148,-107.71919891957805,1,-1,1,-1,1,-1,1,single,0.0,0,1000.0,10.0,,10,auto,peak,
0,17,18,5550000000.0,1205000000.0,5550000000.0,1205000000.0,lo+if,spur,2,3,-1,2*LO - 3*IF,7485000000.0,7485000000.0,7485000000.0,0.0,0.0,-102.16386673724615,-82.41510273346272,0,-1,1,-1,1,-1,1,single,0.0,0,1000.0,10.0,,10,auto,peak,
0,17,18,5550000000.0,1205000000.0,5550000000.0,1205000000.0,lo+if,spur,1,2,1,1*LO + 2*IF,7960000000.0,7960000000.0,7960000000.0,0.0,0.0,-89.77350128801105,-70.02473728422761,0,-1,1,-1,1,-1,1,single,0.0,0,1000.0,10.0,,10,auto,peak,
0,17,18,5550000000.0,1205000000.0,5550000000.0,1205000000.0,lo+if,spur,2,2,-1,2*LO - 2*IF,8690000000.0,8690000000.0,8690000000.0,0.0,0.0,-79.29356140867925,-59.54479740489582,0,-1,1,-1,1,-1,1,single,0.0,0,1000.0,10.0,,10,auto,peak,
