lo_index,if_index,point_index,lo_set_Hz,if_set_Hz,lo_model_Hz,if_model_Hz,mode,kind,m,n,sign,expression,expected_freq_Hz,expected_corr_freq_Hz,measured_freq_Hz,freq_error_Hz,freq_error_corr_Hz,power_dBm,rel_dBc_vs_desired,noise_limited,cluster_id,cluster_size,analytic_coincidence_id,analytic_coincidence_size,measured_coincidence_id,measured_coincidence_size,measurement_scope,cluster_window_half_width_Hz,cluster_window_fallback,span_Hz,rbw_Hz,vbw_Hz,avg_sweeps,marker_mode_global,marker_mode_effective,error
0,74,75,5550000000.0,2060000000.0,5550000000.0,2060000000.0,lo+if,desired,1,1,1,1*LO + 1*IF,7610000000.0,7610000000.0,7610000000.0,0.0,0.0,-20.598777490785416,0.0,0,-1,1,-1,1,-1,1,single,0.0,0,1000.0,10.0,,10,auto,peak,
0,74,75,5550000000.0,2060000000.0,5550000000.0,2060000000.0,lo+if,LO_leak,1,0,1,1*LO + 0*IF,5550000000.0,5550000000.0,5550000000.0,0.0,0.0,-48.03026538303665,-27.431487892251234,0,-1,1,-1,1,-1,1,single,0.0,0,1000.0,10.0,,10,auto,at-freq,
0,74,75,5550000000.0,2060000000.0,5550000000.0,2060000000.0,lo+if,IF_harmonic,0,3,1,0*LO + 3*IF,6180000000.0,6180000000.0,6180000000.0,0.0,0.0,-103.17382460341639,-82.57504711263098,0,-1,1,-1,1,-1,1,single,0.0,0,1000.0,10.0,,10,auto,peak,
0,74,75,5550000000.0,2060000000.0,5550000000.0,2060000000.0,lo+if,spur,3,5,-1,3*LO - 5*IF,6350000000.0,6350000000.0,6350000239.8,239.80000019073486,239.80000019073486,-138.00864506702706,-117.40986757624165,1,-1,1,-1,1,-1,1,single,0.0,0,1000.0,10.0,,10,auto,peak,
0,74,75,5550000000.0,2060000000.0,5550000000.0,2060000000.0,lo+if,spur,2,2,-1,2*LO - 2*IF,6980000000.0,6980000000.0,6980000000.0,0.0,0.0,-79.65933653043737,-59.060559039651956,0,-1,1,-1,1,-1,1,single,0.0,0,1000.0,10.0,,10,auto,peak,
0,74,75,5550000000.0,2060000000.0,5550000000.0,2060000000.0,lo+if,IF_harmonic,0,4,1,0*LO + 4*IF,8240000000.0,8240000000.0,8239999591.4,-408.6000003814697,-408.6000003814697,-135.6209821944382,-115.02220470365279,1,-1,1,-1,1,-1,1,single,0.0,0,1000.0,10.0,,10,auto,peak,
0,74,75,5550000000.0,2060000000.0,5550000000.0,2060000000.0,lo+if,spur,3,4,-1,3*LO - 4*IF,8410000000.0,8410000000.0,8409999962.0,-38.0,-38.0,-136.35757202402962,-115.75879453324421,1,-1,1,-1,1,-1,1,single,0.0,0,1000.0,10.0,,10,auto,peak,
