lo_index,if_index,point_index,lo_set_Hz,if_set_Hz,lo_model_Hz,if_model_Hz,mode,kind,m,n,sign,expression,expected_freq_Hz,expected_corr_freq_Hz,measured_freq_Hz,freq_error_Hz,freq_error_corr_Hz,power_dBm,rel_dBc_vs_desired,noise_limited,cluster_id,cluster_size,analytic_coincidence_id,analytic_coincidence_size,measured_coincidence_id,measured_coincidence_size,measurement_scope,cluster_window_half_width_Hz,cluster_window_fallback,span_Hz,rbw_Hz,vbw_Hz,avg_sweeps,marker_mode_global,marker_mode_effective,error
0,55,56,5550000000.0,1775000000.0,5550000000.0,1775000000.0,lo+if,desired,1,1,1,1*LO + 1*IF,7325000000.0,7325000000.0,7325000000.0,0.0,0.0,-20.260047735857114,0.0,0,-1,1,-1,1,-1,1,single,0.0,0,1000.0,10.0,,10,auto,peak,
0,55,56,5550000000.0,1775000000.0,5550000000.0,1775000000.0,lo+if,IF_harmonic,0,3,1,0*LO + 3*IF,5325000000.0,5325000000.0,5325000000.0,0.0,0.0,-99.42765145039405,-79.16760371453694,0,-1,1,-1,1,-1,1,single,0.0,0,1000.0,10.0,,10,auto,peak,
0,55,56,5550000000.0,1775000000.0,5550000000.0,1775000000.0,lo+if,LO_leak,1,0,1,1*LO + 0*IF,5550000000.0,5550000000.0,5550000000.0,0.0,0.0,-47.74011857961942,-27.480070843762306,0,-1,1,-1,1,-1,1,single,0.0,0,1000.0,10.0,,10,auto,at-freq,
0,55,56,5550000000.0,1775000000.0,5550000000.0,1775000000.0,lo+if,spur,2,3,-1,2*LO - 3*IF,5775000000.0,5775000000.0,5775000000.0,0.0,0.0,-102.85332396381801,-82.5932762279609,0,-1,1,-1,1,-1,1,single,0.0,0,1000.0,10.0,,10,auto,peak,
0,55,56,5550000000.0,1775000000.0,5550000000.0,1775000000.0,lo+if,IF_harmonic,0,4,1,0*LO + 4*IF,7100000000.0,7100000000.0,7099999582.4,-417.6000003814697,-417.6000003814697,-137.52956761147388,-117.26951987561677,1,-1,1,-1,1,-1,1,single,0.0,0,1000.0,10.0,,10,auto,peak,
0,55,56,5550000000.0,1775000000.0,5550000000.0,1775000000.0,lo+if,spur,2,2,-1,2*LO - 2*IF,7550000000.0,7550000000.0,7550000000.0,0.0,0.0,-79.66040861786689,-59.40036088200978,0,-1,1,-1,1,-1,1,single,0.0,0,1000.0,10.0,,10,auto,peak,
0,55,56,5550000000.0,1775000000.0,5550000000.0,1775000000.0,lo+if,spur,3,5,-1,3*LO - 5*IF,7775000000.0,7775000000.0,7775000000.0,0.0,0.0,-128.7800049240131,-108.51995718815598,1,-1,1,-1,1,-1,1,single,0.0,0,1000.0,10.0,,10,auto,peak,
0,55,56,5550000000.0,1775000000.0,5550000000.0,1775000000.0,lo+if,IF_harmonic,0,5,1,0*LO + 5*IF,8875000000.0,8875000000.0,8875000452.5,452.5,452.5,-135.38852352514888,-115.12847578929177,1,-1,1,-1,1,-1,1,single,0.0,0,1000.0,10.0,,10,auto,peak,
