lo_index,if_index,point_index,lo_set_Hz,if_set_Hz,lo_model_Hz,if_model_Hz,mode,kind,m,n,sign,expression,expected_freq_Hz,expected_corr_freq_Hz,measured_freq_Hz,freq_error_Hz,freq_error_corr_Hz,power_dBm,rel_dBc_vs_desired,noise_limited,cluster_id,cluster_size,analytic_coincidence_id,analytic_coincidence_size,measured_coincidence_id,measured_coincidence_size,measurement_scope,cluster_window_half_width_Hz,cluster_window_fallback,span_Hz,rbw_Hz,vbw_Hz,avg_sweeps,marker_mode_global,marker_mode_effective,error
0,44,45,5550000000.0,1610000000.0,5550000000.0,1610000000.0,lo+if,desired,1,1,1,1*LO + 1*IF,7160000000.0,7160000000.0,7160000000.0,0.0,0.0,-19.928004015788428,0.0,0,-1,1,-1,1,-1,1,single,0.0,0,1000.0,10.0,,10,auto,peak,
0,44,45,5550000000.0,1610000000.0,5550000000.0,1610000000.0,lo+if,LO_leak,1,0,1,1*LO + 0*IF,5550000000.0,5550000000.0,5550000000.0,0.0,0.0,-47.65652010324219,-27.72851608745376,0,-1,1,-1,1,-1,1,single,0.0,0,1000.0,10.0,,10,auto,at-freq,
0,44,45,5550000000.0,1610000000.0,5550000000.0,1610000000.0,lo+if,spur,2,3,-1,2*LO - 3*IF,6270000000.0,6270000000.0,6270000000.0,0.0,0.0,-103.25327532086519,-83.32527130507675,0,-1,1,-1,1,-1,1,single,0.0,0,1000.0,10.0,,10,auto,peak,
0,44,45,5550000000.0,1610000000.0,5550000000.0,1610000000.0,lo+if,IF_harmonic,0,4,1,0*LO + 4*IF,6440000000.0,6440000000.0,6440000000.0,0.0,0.0,-131.7848363776246,-111.85683236183617,1,-1,1,-1,1,-1,1,single,0.0,0,1000.0,10.0,,10,auto,peak,
0,44,45,5550000000.0,1610000000.0,5550000000.0,1610000000.0,lo+if,spur,2,2,-1,2*LO - 2*IF,7880000000.0,7880000000.0,7880000000.0,0.0,0.0,-79.55438859993676,-59.626384584148326,0,-1,1,-1,1,-1,1,single,0.0,0,1000.0,10.0,,10,auto,peak,
0,44,45,5550000000.0,1610000000.0,5550000000.0,1610000000.0,lo+if,IF_harmonic,0,5,1,0*LO + 5*IF,8050000000.0,8050000000.0,8050000028.0,28.0,28.0,-136.8512937842483,-116.92328976845987,1,-1,1,-1,1,-1,1,single,0.0,0,1000.0,10.0,,10,auto,peak,
0,44,45,5550000000.0,1610000000.0,5550000000.0,1610000000.0,lo+if,spur,3,5,-1,3*LO - 5*IF,8600000000.0,8600000000.0,8599999995.0,-5.0,-5.0,-137.2799217042831,-117.35191768849468,1,-1,1,-1,1,-1,1,single,0.0,0,1000.0,10.0,,10,auto,peak,
0,44,45,5550000000.0,1610000000.0,5550000000.0,1610000000.0,lo+if,spur,1,2,1,1*LO + 2*IF,8770000000.0,8770000000.0,8770000000.0,0.0,0.0,-85.20797895570996,-65.27997493992153,0,-1,1,-1,1,-1,1,single,0.0,0,1000.0,10.0,,10,auto,peak,
