lo_index,if_index,point_index,lo_set_Hz,if_set_Hz,lo_model_Hz,if_model_Hz,mode,kind,m,n,sign,expression,expected_freq_Hz,expected_corr_freq_Hz,measured_freq_Hz,freq_error_Hz,freq_error_corr_Hz,power_dBm,rel_dBc_vs_desired,noise_limited,cluster_id,cluster_size,analytic_coincidence_id,analytic_coincidence_size,measured_coincidence_id,measured_coincidence_size,measurement_scope,cluster_window_half_width_Hz,cluster_window_fallback,span_Hz,rbw_Hz,vbw_Hz,avg_sweeps,marker_mode_global,marker_mode_effective,error
0,41,42,5550000000.0,1565000000.0,5550000000.0,1565000000.0,lo+if,desired,1,1,1,1*LO + 1*IF,7115000000.0,7115000000.0,7115000000.0,0.0,0.0,-19.801363897481558,0.0,0,-1,1,-1,1,-1,1,single,0.0,0,1000.0,10.0,,10,auto,peak,
0,41,42,5550000000.0,1565000000.0,5550000000.0,1565000000.0,lo+if,LO_leak,1,0,1,1*LO + 0*IF,5550000000.0,5550000000.0,5550000000.0,0.0,0.0,-47.70446852698296,-27.9031046295014,0,-1,1,-1,1,-1,1,single,0.0,0,1000.0,10.0,,10,auto,at-freq,
0,41,42,5550000000.0,1565000000.0,5550000000.0,1565000000.0,lo+if,IF_harmonic,0,4,1,0*LO + 4*IF,6260000000.0,6260000000.0,6259999632.4,-367.6000003814697,-367.6000003814697,-137.68950515667376,-117.8881412591922,1,-1,1,-1,1,-1,1,single,0.0,0,1000.0,10.0,,10,auto,peak,
0,41,42,5550000000.0,1565000000.0,5550000000.0,1565000000.0,lo+if,spur,2,3,-1,2*LO - 3*IF,6405000000.0,6405000000.0,6405000000.0,0.0,0.0,-103.87253624255243,-84.07117234507086,0,-1,1,-1,1,-1,1,single,0.0,0,1000.0,10.0,,10,auto,peak,
0,41,42,5550000000.0,1565000000.0,5550000000.0,1565000000.0,lo+if,IF_harmonic,0,5,1,0*LO + 5*IF,7825000000.0,7825000000.0,7825000441.6,441.6000003814697,441.6000003814697,-138.13278010031289,-118.33141620283132,1,-1,1,-1,1,-1,1,single,0.0,0,1000.0,10.0,,10,auto,peak,
0,41,42,5550000000.0,1565000000.0,5550000000.0,1565000000.0,lo+if,spur,2,2,-1,2*LO - 2*IF,7970000000.0,7970000000.0,7970000000.0,0.0,0.0,-81.88626969336573,-62.084905795884175,0,-1,1,-1,1,-1,1,single,0.0,0,1000.0,10.0,,10,auto,peak,
0,41,42,5550000000.0,1565000000.0,5550000000.0,1565000000.0,lo+if,spur,1,2,1,1*LO + 2*IF,8680000000.0,8680000000.0,8680000000.0,0.0,0.0,-85.56375561995836,-65.76239172247679,0,-1,1,-1,1,-1,1,single,0.0,0,1000.0,10.0,,10,auto,peak,
0,41,42,5550000000.0,1565000000.0,5550000000.0,1565000000.0,lo+if,spur,3,5,-1,3*LO - 5*IF,8825000000.0,8825000000.0,8825000353.6,353.6000003814697,353.6000003814697,-134.9668831806698,-115.16551928318825,1,-1,1,-1,1,-1,1,single,0.0,0,1000.0,10.0,,10,auto,peak,
