lo_index,if_index,point_index,lo_set_Hz,if_set_Hz,lo_model_Hz,if_model_Hz,mode,kind,m,n,sign,expression,expected_freq_Hz,expected_corr_freq_Hz,measured_freq_Hz,freq_error_Hz,freq_error_corr_Hz,power_dBm,rel_dBc_vs_desired,noise_limited,cluster_id,cluster_size,analytic_coincidence_id,analytic_coincidence_size,measured_coincidence_id,measured_coincidence_size,measurement_scope,cluster_window_half_width_Hz,cluster_window_fallback,span_Hz,rbw_Hz,vbw_Hz,avg_sweeps,marker_mode_global,marker_mode_effective,error
0,94,95,5550000000.0,2360000000.0,5550000000.0,2360000000.0,lo+if,desired,1,1,1,1*LO + 1*IF,7910000000.0,7910000000.0,7910000000.0,0.0,0.0,-21.024319849258482,0.0,0,-1,1,-1,1,-1,1,single,0.0,0,1000.0,10.0,,10,auto,peak,
0,94,95,5550000000.0,2360000000.0,5550000000.0,2360000000.0,lo+if,LO_leak,1,0,1,1*LO + 0*IF,5550000000.0,5550000000.0,5550000000.0,0.0,0.0,-48.4626024683854,-27.438282619126916,0,-1,1,-1,1,-1,1,single,0.0,0,1000.0,10.0,,10,auto,at-freq,
0,94,95,5550000000.0,2360000000.0,5550000000.0,2360000000.0,lo+if,spur,1,5,-1,1*LO - 5*IF,6250000000.0,6250000000.0,6250000029.0,29.0,29.0,-137.5809500628197,-116.55663021356122,1,-1,1,-1,1,-1,1,single,0.0,0,1000.0,10.0,,10,auto,peak,
0,94,95,5550000000.0,2360000000.0,5550000000.0,2360000000.0,lo+if,spur,2,2,-1,2*LO - 2*IF,6380000000.0,6380000000.0,6380000000.0,0.0,0.0,-76.73715305574261,-55.71283320648413,0,-1,1,-1,1,-1,1,single,0.0,0,1000.0,10.0,,10,auto,peak,
0,94,95,5550000000.0,2360000000.0,5550000000.0,2360000000.0,lo+if,IF_harmonic,0,3,1,0*LO + 3*IF,7080000000.0,7080000000.0,7080000000.0,0.0,0.0,-105.08846213506914,-84.06414228581065,0,-1,1,-1,1,-1,1,single,0.0,0,1000.0,10.0,,10,auto,peak,
0,94,95,5550000000.0,2360000000.0,5550000000.0,2360000000.0,lo+if,spur,3,4,-1,3*LO - 4*IF,7210000000.0,7210000000.0,7209999999.0,-1.0,-1.0,-139.54146754391874,-118.51714769466025,1,-1,1,-1,1,-1,1,single,0.0,0,1000.0,10.0,,10,auto,peak,
0,94,95,5550000000.0,2360000000.0,5550000000.0,2360000000.0,lo+if,spur,2,1,-1,2*LO - 1*IF,8740000000.0,8740000000.0,8740000000.0,0.0,0.0,-58.18268177301185,-37.15836192375337,0,-1,1,-1,1,-1,1,single,0.0,0,1000.0,10.0,,10,auto,peak,
