lo_index,if_index,point_index,lo_set_Hz,if_set_Hz,lo_model_Hz,if_model_Hz,mode,kind,m,n,sign,expression,expected_freq_Hz,expected_corr_freq_Hz,measured_freq_Hz,freq_error_Hz,freq_error_corr_Hz,power_dBm,rel_dBc_vs_desired,noise_limited,cluster_id,cluster_size,analytic_coincidence_id,analytic_coincidence_size,measured_coincidence_id,measured_coincidence_size,measurement_scope,cluster_window_half_width_Hz,cluster_window_fallback,span_Hz,rbw_Hz,vbw_Hz,avg_sweeps,marker_mode_global,marker_mode_effective,error
0,52,53,5550000000.0,1730000000.0,5550000000.0,1730000000.0,lo+if,desired,1,1,1,1*LO + 1*IF,7280000000.0,7280000000.0,7280000000.0,0.0,0.0,-20.11379553671095,0.0,0,-1,1,-1,1,-1,1,single,0.0,0,1000.0,10.0,,10,auto,peak,
0,52,53,5550000000.0,1730000000.0,5550000000.0,1730000000.0,lo+if,IF_harmonic,0,3,1,0*LO + 3*IF,5190000000.0,5190000000.0,5190000000.0,0.0,0.0,-99.8669981321334,-79.75320259542245,0,-1,1,-1,1,-1,1,single,0.0,0,1000.0,10.0,,10,auto,peak,
0,52,53,5550000000.0,1730000000.0,5550000000.0,1730000000.0,lo+if,LO_leak,1,0,1,1*LO + 0*IF,5550000000.0,5550000000.0,5550000000.0,0.0,0.0,-47.696743190600195,-27.582947653889246,0,-1,1,-1,1,-1,1,single,0.0,0,1000.0,10.0,,10,auto,at-freq,
0,52,53,5550000000.0,1730000000.0,5550000000.0,1730000000.0,lo+if,spur,2,3,-1,2*LO - 3*IF,5910000000.0,5910000000.0,5910000000.0,0.0,0.0,-103.20035086253054,-83.08655532581959,0,-1,1,-1,1,-1,1,single,0.0,0,1000.0,10.0,,10,auto,peak,
0,52,53,5550000000.0,1730000000.0,5550000000.0,1730000000.0,lo+if,IF_harmonic,0,4,1,0*LO + 4*IF,6920000000.0,6920000000.0,6920000000.0,0.0,0.0,-136.39494537243806,-116.2811498357271,1,-1,1,-1,1,-1,1,single,0.0,0,1000.0,10.0,,10,auto,peak,
0,52,53,5550000000.0,1730000000.0,5550000000.0,1730000000.0,lo+if,spur,2,2,-1,2*LO - 2*IF,7640000000.0,7640000000.0,7640000000.0,0.0,0.0,-81.14047399839268,-61.026678461681726,0,-1,1,-1,1,-1,1,single,0.0,0,1000.0,10.0,,10,auto,peak,
0,52,53,5550000000.0,1730000000.0,5550000000.0,1730000000.0,lo+if,spur,3,5,-1,3*LO - 5*IF,8000000000.0,8000000000.0,7999999971.0,-29.0,-29.0,-136.55560278154405,-116.4418072448331,1,-1,1,-1,1,-1,1,single,0.0,0,1000.0,10.0,,10,auto,peak,
0,52,53,5550000000.0,1730000000.0,5550000000.0,1730000000.0,lo+if,IF_harmonic,0,5,1,0*LO + 5*IF,8650000000.0,8650000000.0,8650000439.6,439.6000003814697,439.6000003814697,-136.43070924286914,-116.31691370615819,1,-1,1,-1,1,-1,1,single,0.0,0,1000.0,10.0,,10,auto,peak,
