lo_index,if_index,point_index,lo_set_Hz,if_set_Hz,lo_model_Hz,if_model_Hz,mode,kind,m,n,sign,expression,expected_freq_Hz,expected_corr_freq_Hz,measured_freq_Hz,freq_error_Hz,freq_error_corr_Hz,power_dBm,rel_dBc_vs_desired,noise_limited,cluster_id,cluster_size,analytic_coincidence_id,analytic_coincidence_size,measured_coincidence_id,measured_coincidence_size,measurement_scope,cluster_window_half_width_Hz,cluster_window_fallback,span_Hz,rbw_Hz,vbw_Hz,avg_sweeps,marker_mode_global,marker_mode_effective,error
0,53,54,5550000000.0,1745000000.0,5550000000.0,1745000000.0,lo+if,desired,1,1,1,1*LO + 1*IF,7295000000.0,7295000000.0,7295000000.0,0.0,0.0,-20.146913021668524,0.0,0,-1,1,-1,1,-1,1,single,0.0,0,1000.0,10.0,,10,auto,peak,
0,53,54,5550000000.0,1745000000.0,5550000000.0,1745000000.0,lo+if,IF_harmonic,0,3,1,0*LO + 3*IF,5235000000.0,5235000000.0,5235000000.0,0.0,0.0,-99.26706873457053,-79.120155712902,0,-1,1,-1,1,-1,1,single,0.0,0,1000.0,10.0,,10,auto,peak,
0,53,54,5550000000.0,1745000000.0,5550000000.0,1745000000.0,lo+if,LO_leak,1,0,1,1*LO + 0*IF,5550000000.0,5550000000.0,5550000000.0,0.0,0.0,-47.70218585857923,-27.555272836910703,0,-1,1,-1,1,-1,1,single,0.0,0,1000.0,10.0,,10,auto,at-freq,
0,53,54,5550000000.0,1745000000.0,5550000000.0,1745000000.0,lo+if,spur,2,3,-1,2*LO - 3*IF,5865000000.0,5865000000.0,5865000000.0,0.0,0.0,-103.30318179373833,-83.15626877206981,0,-1,1,-1,1,-1,1,single,0.0,0,1000.0,10.0,,10,auto,peak,
0,53,54,5550000000.0,1745000000.0,5550000000.0,1745000000.0,lo+if,IF_harmonic,0,4,1,0*LO + 4*IF,6980000000.0,6980000000.0,6979999597.4,-402.6000003814697,-402.6000003814697,-138.52210456503803,-118.37519154336951,1,-1,1,-1,1,-1,1,single,0.0,0,1000.0,10.0,,10,auto,peak,
0,53,54,5550000000.0,1745000000.0,5550000000.0,1745000000.0,lo+if,spur,2,2,-1,2*LO - 2*IF,7610000000.0,7610000000.0,7610000000.0,0.0,0.0,-82.11195312639978,-61.96504010473126,0,-1,1,-1,1,-1,1,single,0.0,0,1000.0,10.0,,10,auto,peak,
0,53,54,5550000000.0,1745000000.0,5550000000.0,1745000000.0,lo+if,spur,3,5,-1,3*LO - 5*IF,7925000000.0,7925000000.0,7925000000.0,0.0,0.0,-127.27149786371916,-107.12458484205064,1,-1,1,-1,1,-1,1,single,0.0,0,1000.0,10.0,,10,auto,peak,
0,53,54,5550000000.0,1745000000.0,5550000000.0,1745000000.0,lo+if,IF_harmonic,0,5,1,0*LO + 5*IF,8725000000.0,8725000000.0,8724999881.1,-118.89999961853027,-118.89999961853027,-135.92850553581354,-115.78159251414502,1,-1,1,-1,1,-1,1,single,0.0,0,1000.0,10.0,,10,auto,peak,
