lo_index,if_index,point_index,lo_set_Hz,if_set_Hz,lo_model_Hz,if_model_Hz,mode,kind,m,n,sign,expression,expected_freq_Hz,expected_corr_freq_Hz,measured_freq_Hz,freq_error_Hz,freq_error_corr_Hz,power_dBm,rel_dBc_vs_desired,noise_limited,cluster_id,cluster_size,analytic_coincidence_id,analytic_coincidence_size,measured_coincidence_id,measured_coincidence_size,measurement_scope,cluster_window_half_width_Hz,cluster_window_fallback,span_Hz,rbw_Hz,vbw_Hz,avg_sweeps,marker_mode_global,marker_mode_effective,error
0,29,30,5550000000.0,1385000000.0,5550000000.0,1385000000.0,lo+if,desired,1,1,1,1*LO + 1*IF,6935000000.0,6935000000.0,6935000000.0,0.0,0.0,-19.79649003954782,0.0,0,-1,1,-1,1,-1,1,single,0.0,0,1000.0,10.0,,10,auto,peak,
0,29,30,5550000000.0,1385000000.0,5550000000.0,1385000000.0,lo+if,IF_harmonic,0,4,1,0*LO + 4*IF,5540000000.0,5540000000.0,5540000000.0,0.0,0.0,-135.40906583551038,-115.61257579596256,1,-1,1,-1,1,-1,1,single,0.0,0,1000.0,10.0,,10,auto,peak,
0,29,30,5550000000.0,1385000000.0,5550000000.0,1385000000.0,lo+if,LO_leak,1,0,1,1*LO + 0*IF,5550000000.0,5550000000.0,5550000000.0,0.0,0.0,-47.64645413478158,-27.84996409523376,0,-1,1,-1,1,-1,1,single,0.0,0,1000.0,10.0,,10,auto,at-freq,
0,29,30,5550000000.0,1385000000.0,5550000000.0,1385000000.0,lo+if,spur,2,4,-1,2*LO - 4*IF,5560000000.0,5560000000.0,5560000000.0,0.0,0.0,-123.80084278420247,-104.00435274465465,1,-1,1,-1,1,-1,1,single,0.0,0,1000.0,10.0,,10,auto,peak,
0,29,30,5550000000.0,1385000000.0,5550000000.0,1385000000.0,lo+if,IF_harmonic,0,5,1,0*LO + 5*IF,6925000000.0,6925000000.0,6924999627.4,-372.6000003814697,-372.6000003814697,-138.43499517352828,-118.63850513398046,1,-1,1,-1,1,-1,1,single,0.0,0,1000.0,10.0,,10,auto,peak,
0,29,30,5550000000.0,1385000000.0,5550000000.0,1385000000.0,lo+if,spur,2,3,-1,2*LO - 3*IF,6945000000.0,6945000000.0,6945000000.0,0.0,0.0,-102.05502372704555,-82.25853368749773,0,-1,1,-1,1,-1,1,single,0.0,0,1000.0,10.0,,10,auto,peak,
0,29,30,5550000000.0,1385000000.0,5550000000.0,1385000000.0,lo+if,spur,1,2,1,1*LO + 2*IF,8320000000.0,8320000000.0,8320000000.0,0.0,0.0,-86.2648615242872,-66.46837148473938,0,-1,1,-1,1,-1,1,single,0.0,0,1000.0,10.0,,10,auto,peak,
0,29,30,5550000000.0,1385000000.0,5550000000.0,1385000000.0,lo+if,spur,2,2,-1,2*LO - 2*IF,8330000000.0,8330000000.0,8330000000.0,0.0,0.0,-79.71403479433155,-59.917544754783734,0,-1,1,-1,1,-1,1,single,0.0,0,1000.0,10.0,,10,auto,peak,
