lo_index,if_index,point_index,lo_set_Hz,if_set_Hz,lo_model_Hz,if_model_Hz,mode,kind,m,n,sign,expression,expected_freq_Hz,expected_corr_freq_Hz,measured_freq_Hz,freq_error_Hz,freq_error_corr_Hz,power_dBm,rel_dBc_vs_desired,noise_limited,cluster_id,cluster_size,analytic_coincidence_id,analytic_coincidence_size,measured_coincidence_id,measured_coincidence_size,measurement_scope,cluster_window_half_width_Hz,cluster_window_fallback,span_Hz,rbw_Hz,vbw_Hz,avg_sweeps,marker_mode_global,marker_mode_effective,error
0,97,98,5550000000.0,2405000000.0,5550000000.0,2405000000.0,lo+if,desired,1,1,1,1*LO + 1*IF,7955000000.0,7955000000.0,7955000000.0,0.0,0.0,-21.33612378220143,0.0,0,-1,1,-1,1,-1,1,single,0.0,0,1000.0,10.0,,10,auto,peak,
0,97,98,5550000000.0,2405000000.0,5550000000.0,2405000000.0,lo+if,LO_leak,1,0,1,1*LO + 0*IF,5550000000.0,5550000000.0,5550000000.0,0.0,0.0,-48.521736317123356,-27.185612534921926,0,-1,1,-1,1,-1,1,single,0.0,0,1000.0,10.0,,10,auto,at-freq,
0,97,98,5550000000.0,2405000000.0,5550000000.0,2405000000.0,lo+if,spur,2,2,-1,2*LO - 2*IF,6290000000.0,6290000000.0,6290000000.0,0.0,0.0,-79.12135610951796,-57.785232327316535,0,-1,1,-1,1,-1,1,single,0.0,0,1000.0,10.0,,10,auto,peak,
0,97,98,5550000000.0,2405000000.0,5550000000.0,2405000000.0,lo+if,spur,1,5,-1,1*LO - 5*IF,6475000000.0,6475000000.0,6475000489.5,489.5,489.5,-138.15402022354925,-116.81789644134783,1,-1,1,-1,1,-1,1,single,0.0,0,1000.0,10.0,,10,auto,peak,
0,97,98,5550000000.0,2405000000.0,5550000000.0,2405000000.0,lo+if,spur,3,4,-1,3*LO - 4*IF,7030000000.0,7030000000.0,7029999964.0,-36.0,-36.0,-139.04381637041917,-117.70769258821774,1,-1,1,-1,1,-1,1,single,0.0,0,1000.0,10.0,,10,auto,peak,
0,97,98,5550000000.0,2405000000.0,5550000000.0,2405000000.0,lo+if,IF_harmonic,0,3,1,0*LO + 3*IF,7215000000.0,7215000000.0,7215000000.0,0.0,0.0,-106.31924619162228,-84.98312240942086,0,-1,1,-1,1,-1,1,single,0.0,0,1000.0,10.0,,10,auto,peak,
0,97,98,5550000000.0,2405000000.0,5550000000.0,2405000000.0,lo+if,spur,2,1,-1,2*LO - 1*IF,8695000000.0,8695000000.0,8695000000.0,0.0,0.0,-57.18171583417358,-35.84559205197215,0,-1,1,-1,1,-1,1,single,0.0,0,1000.0,10.0,,10,auto,peak,
