lo_index,if_index,point_index,lo_set_Hz,if_set_Hz,lo_model_Hz,if_model_Hz,mode,kind,m,n,sign,expression,expected_freq_Hz,expected_corr_freq_Hz,measured_freq_Hz,freq_error_Hz,freq_error_corr_Hz,power_dBm,rel_dBc_vs_desired,noise_limited,cluster_id,cluster_size,analytic_coincidence_id,analytic_coincidence_size,measured_coincidence_id,measured_coincidence_size,measurement_scope,cluster_window_half_width_Hz,cluster_window_fallback,span_Hz,rbw_Hz,vbw_Hz,avg_sweeps,marker_mode_global,marker_mode_effective,error
0,54,55,5550000000.0,1760000000.0,5550000000.0,1760000000.0,lo+if,desired,1,1,1,1*LO + 1*IF,7310000000.0,7310000000.0,7310000000.0,0.0,0.0,-20.209911638479813,0.0,0,-1,1,-1,1,-1,1,single,0.0,0,1000.0,10.0,,10,auto,peak,
0,54,55,5550000000.0,1760000000.0,5550000000.0,1760000000.0,lo+if,IF_harmonic,0,3,1,0*LO + 3*IF,5280000000.0,5280000000.0,5280000000.0,0.0,0.0,-99.49154036960748,-79.28162873112767,0,-1,1,-1,1,-1,1,single,0.0,0,1000.0,10.0,,10,auto,peak,
0,54,55,5550000000.0,1760000000.0,5550000000.0,1760000000.0,lo+if,LO_leak,1,0,1,1*LO + 0*IF,5550000000.0,5550000000.0,5550000000.0,0.0,0.0,-47.708193507931675,-27.498281869451862,0,-1,1,-1,1,-1,1,single,0.0,0,1000.0,10.0,,10,auto,at-freq,
0,54,55,5550000000.0,1760000000.0,5550000000.0,1760000000.0,lo+if,spur,2,3,-1,2*LO - 3*IF,5820000000.0,5820000000.0,5820000000.0,0.0,0.0,-103.33422529324241,-83.1243136547626,0,-1,1,-1,1,-1,1,single,0.0,0,1000.0,10.0,,10,auto,peak,
0,54,55,5550000000.0,1760000000.0,5550000000.0,1760000000.0,lo+if,IF_harmonic,0,4,1,0*LO + 4*IF,7040000000.0,7040000000.0,7039999669.3,-330.69999980926514,-330.69999980926514,-138.27263312062547,-118.06272148214566,1,-1,1,-1,1,-1,1,single,0.0,0,1000.0,10.0,,10,auto,peak,
0,54,55,5550000000.0,1760000000.0,5550000000.0,1760000000.0,lo+if,spur,2,2,-1,2*LO - 2*IF,7580000000.0,7580000000.0,7580000000.0,0.0,0.0,-80.50210783792843,-60.292196199448625,0,-1,1,-1,1,-1,1,single,0.0,0,1000.0,10.0,,10,auto,peak,
0,54,55,5550000000.0,1760000000.0,5550000000.0,1760000000.0,lo+if,spur,3,5,-1,3*LO - 5*IF,7850000000.0,7850000000.0,7850000000.0,0.0,0.0,-127.41003739638019,-107.20012575790038,1,-1,1,-1,1,-1,1,single,0.0,0,1000.0,10.0,,10,auto,peak,
0,54,55,5550000000.0,1760000000.0,5550000000.0,1760000000.0,lo+if,IF_harmonic,0,5,1,0*LO + 5*IF,8800000000.0,8800000000.0,8800000024.0,24.0,24.0,-134.93894515226944,-114.72903351378963,1,-1,1,-1,1,-1,1,single,0.0,0,1000.0,10.0,,10,auto,peak,
