lo_index,if_index,point_index,lo_set_Hz,if_set_Hz,lo_model_Hz,if_model_Hz,mode,kind,m,n,sign,expression,expected_freq_Hz,expected_corr_freq_Hz,measured_freq_Hz,freq_error_Hz,freq_error_corr_Hz,power_dBm,rel_dBc_vs_desired,noise_limited,cluster_id,cluster_size,analytic_coincidence_id,analytic_coincidence_size,measured_coincidence_id,measured_coincidence_size,measurement_scope,cluster_window_half_width_Hz,cluster_window_fallback,span_Hz,rbw_Hz,vbw_Hz,avg_sweeps,marker_mode_global,marker_mode_effective,error
0,64,65,5550000000.0,1910000000.0,5550000000.0,1910000000.0,lo+if,desired,1,1,1,1*LO + 1*IF,7460000000.0,7460000000.0,7460000000.0,0.0,0.0,-20.51320704917587,0.0,0,-1,1,-1,1,-1,1,single,0.0,0,1000.0,10.0,,10,auto,peak,
0,64,65,5550000000.0,1910000000.0,5550000000.0,1910000000.0,lo+if,spur,2,3,-1,2*LO - 3*IF,5370000000.0,5370000000.0,5370000000.0,0.0,0.0,-100.68134600315847,-80.1681389539826,0,-1,1,-1,1,-1,1,single,0.0,0,1000.0,10.0,,10,auto,peak,
0,64,65,5550000000.0,1910000000.0,5550000000.0,1910000000.0,lo+if,LO_leak,1,0,1,1*LO + 0*IF,5550000000.0,5550000000.0,5550000000.0,0.0,0.0,-48.11638539687018,-27.60317834769431,0,-1,1,-1,1,-1,1,single,0.0,0,1000.0,10.0,,10,auto,at-freq,
0,64,65,5550000000.0,1910000000.0,5550000000.0,1910000000.0,lo+if,IF_harmonic,0,3,1,0*LO + 3*IF,5730000000.0,5730000000.0,5730000000.0,0.0,0.0,-100.8558020575598,-80.34259500838394,0,-1,1,-1,1,-1,1,single,0.0,0,1000.0,10.0,,10,auto,peak,
0,64,65,5550000000.0,1910000000.0,5550000000.0,1910000000.0,lo+if,spur,3,5,-1,3*LO - 5*IF,7100000000.0,7100000000.0,7100000487.5,487.5,487.5,-139.7770147995258,-119.26380775034994,1,-1,1,-1,1,-1,1,single,0.0,0,1000.0,10.0,,10,auto,peak,
0,64,65,5550000000.0,1910000000.0,5550000000.0,1910000000.0,lo+if,spur,2,2,-1,2*LO - 2*IF,7280000000.0,7280000000.0,7280000000.0,0.0,0.0,-79.40243566689416,-58.889228617718295,0,-1,1,-1,1,-1,1,single,0.0,0,1000.0,10.0,,10,auto,peak,
0,64,65,5550000000.0,1910000000.0,5550000000.0,1910000000.0,lo+if,IF_harmonic,0,4,1,0*LO + 4*IF,7640000000.0,7640000000.0,7640000474.5,474.5,474.5,-139.19936489957354,-118.68615785039768,1,-1,1,-1,1,-1,1,single,0.0,0,1000.0,10.0,,10,auto,peak,
