lo_index,if_index,point_index,lo_set_Hz,if_set_Hz,lo_model_Hz,if_model_Hz,mode,kind,m,n,sign,expression,expected_freq_Hz,expected_corr_freq_Hz,measured_freq_Hz,freq_error_Hz,freq_error_corr_Hz,power_dBm,rel_dBc_vs_desired,noise_limited,cluster_id,cluster_size,analytic_coincidence_id,analytic_coincidence_size,measured_coincidence_id,measured_coincidence_size,measurement_scope,cluster_window_half_width_Hz,cluster_window_fallback,span_Hz,rbw_Hz,vbw_Hz,avg_sweeps,marker_mode_global,marker_mode_effective,error
0,43,44,5550000000.0,1595000000.0,5550000000.0,1595000000.0,lo+if,desired,1,1,1,1*LO + 1*IF,7145000000.0,7145000000.0,7145000000.0,0.0,0.0,-19.864555503931484,0.0,0,-1,1,-1,1,-1,1,single,0.0,0,1000.0,10.0,,10,auto,peak,
0,43,44,5550000000.0,1595000000.0,5550000000.0,1595000000.0,lo+if,LO_leak,1,0,1,1*LO + 0*IF,5550000000.0,5550000000.0,5550000000.0,0.0,0.0,-47.66950239755111,-27.80494689361963,0,-1,1,-1,1,-1,1,single,0.0,0,1000.0,10.0,,10,auto,at-freq,
0,43,44,5550000000.0,1595000000.0,5550000000.0,1595000000.0,lo+if,spur,2,3,-1,2*LO - 3*IF,6315000000.0,6315000000.0,6315000000.0,0.0,0.0,-102.24840469869024,-82.38384919475875,0,-1,1,-1,1,-1,1,single,0.0,0,1000.0,10.0,,10,auto,peak,
0,43,44,5550000000.0,1595000000.0,5550000000.0,1595000000.0,lo+if,IF_harmonic,0,4,1,0*LO + 4*IF,6380000000.0,6380000000.0,6380000001.0,1.0,1.0,-129.1337817081092,-109.26922620417773,1,-1,1,-1,1,-1,1,single,0.0,0,1000.0,10.0,,10,auto,peak,
0,43,44,5550000000.0,1595000000.0,5550000000.0,1595000000.0,lo+if,spur,2,2,-1,2*LO - 2*IF,7910000000.0,7910000000.0,7910000000.0,0.0,0.0,-81.93066478393156,-62.06610928000008,0,-1,1,-1,1,-1,1,single,0.0,0,1000.0,10.0,,10,auto,peak,
0,43,44,5550000000.0,1595000000.0,5550000000.0,1595000000.0,lo+if,IF_harmonic,0,5,1,0*LO + 5*IF,7975000000.0,7975000000.0,7974999778.2,-221.80000019073486,-221.80000019073486,-137.802875516998,-117.93832001306652,1,-1,1,-1,1,-1,1,single,0.0,0,1000.0,10.0,,10,auto,peak,
0,43,44,5550000000.0,1595000000.0,5550000000.0,1595000000.0,lo+if,spur,3,5,-1,3*LO - 5*IF,8675000000.0,8675000000.0,8674999656.3,-343.70000076293945,-343.70000076293945,-135.7386684096527,-115.8741129057212,1,-1,1,-1,1,-1,1,single,0.0,0,1000.0,10.0,,10,auto,peak,
0,43,44,5550000000.0,1595000000.0,5550000000.0,1595000000.0,lo+if,spur,1,2,1,1*LO + 2*IF,8740000000.0,8740000000.0,8740000000.0,0.0,0.0,-85.24156548335385,-65.37700997942237,0,-1,1,-1,1,-1,1,single,0.0,0,1000.0,10.0,,10,auto,peak,
