lo_index,if_index,point_index,lo_set_Hz,if_set_Hz,lo_model_Hz,if_model_Hz,mode,kind,m,n,sign,expression,expected_freq_Hz,expected_corr_freq_Hz,measured_freq_Hz,freq_error_Hz,freq_error_corr_Hz,power_dBm,rel_dBc_vs_desired,noise_limited,cluster_id,cluster_size,analytic_coincidence_id,analytic_coincidence_size,measured_coincidence_id,measured_coincidence_size,measurement_scope,cluster_window_half_width_Hz,cluster_window_fallback,span_Hz,rbw_Hz,vbw_Hz,avg_sweeps,marker_mode_global,marker_mode_effective,error
0,92,93,5550000000.0,2330000000.0,5550000000.0,2330000000.0,lo+if,desired,1,1,1,1*LO + 1*IF,7880000000.0,7880000000.0,7880000000.0,0.0,0.0,-21.196478367074224,0.0,0,-1,1,-1,1,-1,1,single,0.0,0,1000.0,10.0,,10,auto,peak,
0,92,93,5550000000.0,2330000000.0,5550000000.0,2330000000.0,lo+if,spur,3,5,-1,3*LO - 5*IF,5000000000.0,5000000000.0,5000000001.0,1.0,1.0,-132.8466211301984,-111.65014276312418,1,-1,1,-1,1,-1,1,single,0.0,0,1000.0,10.0,,10,auto,peak,
0,92,93,5550000000.0,2330000000.0,5550000000.0,2330000000.0,lo+if,LO_leak,1,0,1,1*LO + 0*IF,5550000000.0,5550000000.0,5550000000.0,0.0,0.0,-48.439368373480995,-27.24289000640677,0,-1,1,-1,1,-1,1,single,0.0,0,1000.0,10.0,,10,auto,at-freq,
0,92,93,5550000000.0,2330000000.0,5550000000.0,2330000000.0,lo+if,spur,1,5,-1,1*LO - 5*IF,6100000000.0,6100000000.0,6100000000.0,0.0,0.0,-133.3781844489895,-112.18170608191527,1,-1,1,-1,1,-1,1,single,0.0,0,1000.0,10.0,,10,auto,peak,
0,92,93,5550000000.0,2330000000.0,5550000000.0,2330000000.0,lo+if,spur,2,2,-1,2*LO - 2*IF,6440000000.0,6440000000.0,6440000000.0,0.0,0.0,-81.53218901266521,-60.33571064559099,0,-1,1,-1,1,-1,1,single,0.0,0,1000.0,10.0,,10,auto,peak,
0,92,93,5550000000.0,2330000000.0,5550000000.0,2330000000.0,lo+if,IF_harmonic,0,3,1,0*LO + 3*IF,6990000000.0,6990000000.0,6990000000.0,0.0,0.0,-107.59024789437433,-86.39376952730011,0,-1,1,-1,1,-1,1,single,0.0,0,1000.0,10.0,,10,auto,peak,
0,92,93,5550000000.0,2330000000.0,5550000000.0,2330000000.0,lo+if,spur,3,4,-1,3*LO - 4*IF,7330000000.0,7330000000.0,7329999735.3,-264.69999980926514,-264.69999980926514,-140.17041975643951,-118.9739413893653,1,-1,1,-1,1,-1,1,single,0.0,0,1000.0,10.0,,10,auto,peak,
0,92,93,5550000000.0,2330000000.0,5550000000.0,2330000000.0,lo+if,spur,2,1,-1,2*LO - 1*IF,8770000000.0,8770000000.0,8770000000.0,0.0,0.0,-59.46212089518654,-38.26564252811231,0,-1,1,-1,1,-1,1,single,0.0,0,1000.0,10.0,,10,auto,peak,
