lo_index,if_index,point_index,lo_set_Hz,if_set_Hz,lo_model_Hz,if_model_Hz,mode,kind,m,n,sign,expression,expected_freq_Hz,expected_corr_freq_Hz,measured_freq_Hz,freq_error_Hz,freq_error_corr_Hz,power_dBm,rel_dBc_vs_desired,noise_limited,cluster_id,cluster_size,analytic_coincidence_id,analytic_coincidence_size,measured_coincidence_id,measured_coincidence_size,measurement_scope,cluster_window_half_width_Hz,cluster_window_fallback,span_Hz,rbw_Hz,vbw_Hz,avg_sweeps,marker_mode_global,marker_mode_effective,error
0,62,63,5550000000.0,1880000000.0,5550000000.0,1880000000.0,lo+if,desired,1,1,1,1*LO + 1*IF,7430000000.0,7430000000.0,7430000000.0,0.0,0.0,-20.524430650073434,0.0,0,-1,1,-1,1,-1,1,single,0.0,0,1000.0,10.0,,10,auto,peak,
0,62,63,5550000000.0,1880000000.0,5550000000.0,1880000000.0,lo+if,spur,2,3,-1,2*LO - 3*IF,5460000000.0,5460000000.0,5460000000.0,0.0,0.0,-102.83517396503883,-82.3107433149654,0,-1,1,-1,1,-1,1,single,0.0,0,1000.0,10.0,,10,auto,peak,
0,62,63,5550000000.0,1880000000.0,5550000000.0,1880000000.0,lo+if,LO_leak,1,0,1,1*LO + 0*IF,5550000000.0,5550000000.0,5550000000.0,0.0,0.0,-47.9828285713349,-27.458397921261465,0,-1,1,-1,1,-1,1,single,0.0,0,1000.0,10.0,,10,auto,at-freq,
0,62,63,5550000000.0,1880000000.0,5550000000.0,1880000000.0,lo+if,IF_harmonic,0,3,1,0*LO + 3*IF,5640000000.0,5640000000.0,5640000000.0,0.0,0.0,-101.6893355119829,-81.16490486190946,0,-1,1,-1,1,-1,1,single,0.0,0,1000.0,10.0,,10,auto,peak,
0,62,63,5550000000.0,1880000000.0,5550000000.0,1880000000.0,lo+if,spur,3,5,-1,3*LO - 5*IF,7250000000.0,7250000000.0,7249999588.4,-411.6000003814697,-411.6000003814697,-138.93110076587843,-118.40667011580499,1,-1,1,-1,1,-1,1,single,0.0,0,1000.0,10.0,,10,auto,peak,
0,62,63,5550000000.0,1880000000.0,5550000000.0,1880000000.0,lo+if,spur,2,2,-1,2*LO - 2*IF,7340000000.0,7340000000.0,7340000000.0,0.0,0.0,-82.54482610839325,-62.02039545831982,0,-1,1,-1,1,-1,1,single,0.0,0,1000.0,10.0,,10,auto,peak,
0,62,63,5550000000.0,1880000000.0,5550000000.0,1880000000.0,lo+if,IF_harmonic,0,4,1,0*LO + 4*IF,7520000000.0,7520000000.0,7520000364.6,364.6000003814697,364.6000003814697,-139.10971278854734,-118.5852821384739,1,-1,1,-1,1,-1,1,single,0.0,0,1000.0,10.0,,10,auto,peak,
