lo_index,if_index,point_index,lo_set_Hz,if_set_Hz,lo_model_Hz,if_model_Hz,mode,kind,m,n,sign,expression,expected_freq_Hz,expected_corr_freq_Hz,measured_freq_Hz,freq_error_Hz,freq_error_corr_Hz,power_dBm,rel_dBc_vs_desired,noise_limited,cluster_id,cluster_size,analytic_coincidence_id,analytic_coincidence_size,measured_coincidence_id,measured_coincidence_size,measurement_scope,cluster_window_half_width_Hz,cluster_window_fallback,span_Hz,rbw_Hz,vbw_Hz,avg_sweeps,marker_mode_global,marker_mode_effective,error
0,32,33,5550000000.0,1430000000.0,5550000000.0,1430000000.0,lo+if,desired,1,1,1,1*LO + 1*IF,6980000000.0,6980000000.0,6980000000.0,0.0,0.0,-19.753052094427726,0.0,0,-1,1,-1,1,-1,1,single,0.0,0,1000.0,10.0,,10,auto,peak,
0,32,33,5550000000.0,1430000000.0,5550000000.0,1430000000.0,lo+if,spur,2,4,-1,2*LO - 4*IF,5380000000.0,5380000000.0,5380000118.9,118.89999961853027,118.89999961853027,-138.54981283821547,-118.79676074378774,1,-1,1,-1,1,-1,1,single,0.0,0,1000.0,10.0,,10,auto,peak,
0,32,33,5550000000.0,1430000000.0,5550000000.0,1430000000.0,lo+if,LO_leak,1,0,1,1*LO + 0*IF,5550000000.0,5550000000.0,5550000000.0,0.0,0.0,-47.641022110595145,-27.88797001616742,0,-1,1,-1,1,-1,1,single,0.0,0,1000.0,10.0,,10,auto,at-freq,
0,32,33,5550000000.0,1430000000.0,5550000000.0,1430000000.0,lo+if,IF_harmonic,0,4,1,0*LO + 4*IF,5720000000.0,5720000000.0,5720000000.0,0.0,0.0,-131.6388640275485,-111.88581193312076,1,-1,1,-1,1,-1,1,single,0.0,0,1000.0,10.0,,10,auto,peak,
0,32,33,5550000000.0,1430000000.0,5550000000.0,1430000000.0,lo+if,spur,2,3,-1,2*LO - 3*IF,6810000000.0,6810000000.0,6810000000.0,0.0,0.0,-102.5879170585604,-82.83486496413266,0,-1,1,-1,1,-1,1,single,0.0,0,1000.0,10.0,,10,auto,peak,
0,32,33,5550000000.0,1430000000.0,5550000000.0,1430000000.0,lo+if,IF_harmonic,0,5,1,0*LO + 5*IF,7150000000.0,7150000000.0,7149999862.1,-137.89999961853027,-137.89999961853027,-139.157097070031,-119.40404497560327,1,-1,1,-1,1,-1,1,single,0.0,0,1000.0,10.0,,10,auto,peak,
0,32,33,5550000000.0,1430000000.0,5550000000.0,1430000000.0,lo+if,spur,2,2,-1,2*LO - 2*IF,8240000000.0,8240000000.0,8240000000.0,0.0,0.0,-78.26793078907953,-58.5148786946518,0,-1,1,-1,1,-1,1,single,0.0,0,1000.0,10.0,,10,auto,peak,
0,32,33,5550000000.0,1430000000.0,5550000000.0,1430000000.0,lo+if,spur,1,2,1,1*LO + 2*IF,8410000000.0,8410000000.0,8410000000.0,0.0,0.0,-86.29993383467806,-66.54688174025033,0,-1,1,-1,1,-1,1,single,0.0,0,1000.0,10.0,,10,auto,peak,
