lo_index,if_index,point_index,lo_set_Hz,if_set_Hz,lo_model_Hz,if_model_Hz,mode,kind,m,n,sign,expression,expected_freq_Hz,expected_corr_freq_Hz,measured_freq_Hz,freq_error_Hz,freq_error_corr_Hz,power_dBm,rel_dBc_vs_desired,noise_limited,cluster_id,cluster_size,analytic_coincidence_id,analytic_coincidence_size,measured_coincidence_id,measured_coincidence_size,measurement_scope,cluster_window_half_width_Hz,cluster_window_fallback,span_Hz,rbw_Hz,vbw_Hz,avg_sweeps,marker_mode_global,marker_mode_effective,error
0,33,34,5550000000.0,1445000000.0,5550000000.0,1445000000.0,lo+if,desired,1,1,1,1*LO + 1*IF,6995000000.0,6995000000.0,6995000000.0,0.0,0.0,-19.6725627866241,0.0,0,-1,1,-1,1,-1,1,single,0.0,0,1000.0,10.0,,10,auto,peak,
0,33,34,5550000000.0,1445000000.0,5550000000.0,1445000000.0,lo+if,spur,2,4,-1,2*LO - 4*IF,5320000000.0,5320000000.0,5320000000.0,0.0,0.0,-127.46233607434934,-107.78977328772524,1,-1,1,-1,1,-1,1,single,0.0,0,1000.0,10.0,,10,auto,peak,
0,33,34,5550000000.0,1445000000.0,5550000000.0,1445000000.0,lo+if,LO_leak,1,0,1,1*LO + 0*IF,5550000000.0,5550000000.0,5550000000.0,0.0,0.0,-47.648511142749484,-27.975948356125386,0,-1,1,-1,1,-1,1,single,0.0,0,1000.0,10.0,,10,auto,at-freq,
0,33,34,5550000000.0,1445000000.0,5550000000.0,1445000000.0,lo+if,IF_harmonic,0,4,1,0*LO + 4*IF,5780000000.0,5780000000.0,5780000001.0,1.0,1.0,-135.1203969499141,-115.44783416329,1,-1,1,-1,1,-1,1,single,0.0,0,1000.0,10.0,,10,auto,peak,
0,33,34,5550000000.0,1445000000.0,5550000000.0,1445000000.0,lo+if,spur,2,3,-1,2*LO - 3*IF,6765000000.0,6765000000.0,6765000000.0,0.0,0.0,-101.41535612228908,-81.74279333566498,0,-1,1,-1,1,-1,1,single,0.0,0,1000.0,10.0,,10,auto,peak,
0,33,34,5550000000.0,1445000000.0,5550000000.0,1445000000.0,lo+if,IF_harmonic,0,5,1,0*LO + 5*IF,7225000000.0,7225000000.0,7224999926.1,-73.89999961853027,-73.89999961853027,-138.62863356162026,-118.95607077499616,1,-1,1,-1,1,-1,1,single,0.0,0,1000.0,10.0,,10,auto,peak,
0,33,34,5550000000.0,1445000000.0,5550000000.0,1445000000.0,lo+if,spur,2,2,-1,2*LO - 2*IF,8210000000.0,8210000000.0,8210000000.0,0.0,0.0,-80.2291288765428,-60.556566089918704,0,-1,1,-1,1,-1,1,single,0.0,0,1000.0,10.0,,10,auto,peak,
0,33,34,5550000000.0,1445000000.0,5550000000.0,1445000000.0,lo+if,spur,1,2,1,1*LO + 2*IF,8440000000.0,8440000000.0,8440000000.0,0.0,0.0,-86.75874999385529,-67.08618720723119,0,-1,1,-1,1,-1,1,single,0.0,0,1000.0,10.0,,10,auto,peak,
