lo_index,if_index,point_index,lo_set_Hz,if_set_Hz,lo_model_Hz,if_model_Hz,mode,kind,m,n,sign,expression,expected_freq_Hz,expected_corr_freq_Hz,measured_freq_Hz,freq_error_Hz,freq_error_corr_Hz,power_dBm,rel_dBc_vs_desired,noise_limited,cluster_id,cluster_size,analytic_coincidence_id,analytic_coincidence_size,measured_coincidence_id,measured_coincidence_size,measurement_scope,cluster_window_half_width_Hz,cluster_window_fallback,span_Hz,rbw_Hz,vbw_Hz,avg_sweeps,marker_mode_global,marker_mode_effective,error
0,76,77,5550000000.0,2090000000.0,5550000000.0,2090000000.0,lo+if,desired,1,1,1,1*LO + 1*IF,7640000000.0,7640000000.0,7640000000.0,0.0,0.0,-20.865724575765718,0.0,0,-1,1,-1,1,-1,1,single,0.0,0,1000.0,10.0,,10,auto,peak,
0,76,77,5550000000.0,2090000000.0,5550000000.0,2090000000.0,lo+if,LO_leak,1,0,1,1*LO + 0*IF,5550000000.0,5550000000.0,5550000000.0,0.0,0.0,-48.04637649383237,-27.18065191806665,0,-1,1,-1,1,-1,1,single,0.0,0,1000.0,10.0,,10,auto,at-freq,
0,76,77,5550000000.0,2090000000.0,5550000000.0,2090000000.0,lo+if,spur,3,5,-1,3*LO - 5*IF,6200000000.0,6200000000.0,6200000000.0,0.0,0.0,-130.2829426353078,-109.41721805954208,1,-1,1,-1,1,-1,1,single,0.0,0,1000.0,10.0,,10,auto,peak,
0,76,77,5550000000.0,2090000000.0,5550000000.0,2090000000.0,lo+if,IF_harmonic,0,3,1,0*LO + 3*IF,6270000000.0,6270000000.0,6270000000.0,0.0,0.0,-104.53652453231392,-83.6707999565482,0,-1,1,-1,1,-1,1,single,0.0,0,1000.0,10.0,,10,auto,peak,
0,76,77,5550000000.0,2090000000.0,5550000000.0,2090000000.0,lo+if,spur,2,2,-1,2*LO - 2*IF,6920000000.0,6920000000.0,6920000000.0,0.0,0.0,-80.32093524217488,-59.455210666409165,0,-1,1,-1,1,-1,1,single,0.0,0,1000.0,10.0,,10,auto,peak,
0,76,77,5550000000.0,2090000000.0,5550000000.0,2090000000.0,lo+if,spur,3,4,-1,3*LO - 4*IF,8290000000.0,8290000000.0,8290000293.7,293.69999980926514,293.69999980926514,-136.76780179291103,-115.90207721714532,1,-1,1,-1,1,-1,1,single,0.0,0,1000.0,10.0,,10,auto,peak,
0,76,77,5550000000.0,2090000000.0,5550000000.0,2090000000.0,lo+if,IF_harmonic,0,4,1,0*LO + 4*IF,8360000000.0,8360000000.0,8360000000.0,0.0,0.0,-133.4991605559256,-112.6334359801599,1,-1,1,-1,1,-1,1,single,0.0,0,1000.0,10.0,,10,auto,peak,
