lo_index,if_index,point_index,lo_set_Hz,if_set_Hz,lo_model_Hz,if_model_Hz,mode,kind,m,n,sign,expression,expected_freq_Hz,expected_corr_freq_Hz,measured_freq_Hz,freq_error_Hz,freq_error_corr_Hz,power_dBm,rel_dBc_vs_desired,noise_limited,cluster_id,cluster_size,analytic_coincidence_id,analytic_coincidence_size,measured_coincidence_id,measured_coincidence_size,measurement_scope,cluster_window_half_width_Hz,cluster_window_fallback,span_Hz,rbw_Hz,vbw_Hz,avg_sweeps,marker_mode_global,marker_mode_effective,error
0,66,67,5550000000.0,1940000000.0,5550000000.0,1940000000.0,lo+if,desired,1,1,1,1*LO + 1*IF,7490000000.0,7490000000.0,7490000000.0,0.0,0.0,-20.395457564192014,0.0,0,-1,1,-1,1,-1,1,single,0.0,0,1000.0,10.0,,10,auto,peak,
0,66,67,5550000000.0,1940000000.0,5550000000.0,1940000000.0,lo+if,spur,2,3,-1,2*LO - 3*IF,5280000000.0,5280000000.0,5280000000.0,0.0,0.0,-100.8133059534594,-80.41784838926739,0,-1,1,-1,1,-1,1,single,0.0,0,1000.0,10.0,,10,auto,peak,
0,66,67,5550000000.0,1940000000.0,5550000000.0,1940000000.0,lo+if,LO_leak,1,0,1,1*LO + 0*IF,5550000000.0,5550000000.0,5550000000.0,0.0,0.0,-48.03076835235324,-27.635310788161227,0,-1,1,-1,1,-1,1,single,0.0,0,1000.0,10.0,,10,auto,at-freq,
0,66,67,5550000000.0,1940000000.0,5550000000.0,1940000000.0,lo+if,IF_harmonic,0,3,1,0*LO + 3*IF,5820000000.0,5820000000.0,5820000000.0,0.0,0.0,-101.57282911127523,-81.17737154708321,0,-1,1,-1,1,-1,1,single,0.0,0,1000.0,10.0,,10,auto,peak,
0,66,67,5550000000.0,1940000000.0,5550000000.0,1940000000.0,lo+if,spur,3,5,-1,3*LO - 5*IF,6950000000.0,6950000000.0,6950000004.0,4.0,4.0,-137.72616983485682,-117.3307122706648,1,-1,1,-1,1,-1,1,single,0.0,0,1000.0,10.0,,10,auto,peak,
0,66,67,5550000000.0,1940000000.0,5550000000.0,1940000000.0,lo+if,spur,2,2,-1,2*LO - 2*IF,7220000000.0,7220000000.0,7220000000.0,0.0,0.0,-81.47103056574801,-61.075573001555995,0,-1,1,-1,1,-1,1,single,0.0,0,1000.0,10.0,,10,auto,peak,
0,66,67,5550000000.0,1940000000.0,5550000000.0,1940000000.0,lo+if,IF_harmonic,0,4,1,0*LO + 4*IF,7760000000.0,7760000000.0,7759999999.0,-1.0,-1.0,-137.02559556559316,-116.63013800140115,1,-1,1,-1,1,-1,1,single,0.0,0,1000.0,10.0,,10,auto,peak,
0,66,67,5550000000.0,1940000000.0,5550000000.0,1940000000.0,lo+if,spur,3,4,-1,3*LO - 4*IF,8890000000.0,8890000000.0,8890000299.7,299.70000076293945,299.70000076293945,-134.4571565998768,-114.0616990356848,1,-1,1,-1,1,-1,1,single,0.0,0,1000.0,10.0,,10,auto,peak,
