lo_index,if_index,point_index,lo_set_Hz,if_set_Hz,lo_model_Hz,if_model_Hz,mode,kind,m,n,sign,expression,expected_freq_Hz,expected_corr_freq_Hz,measured_freq_Hz,freq_error_Hz,freq_error_corr_Hz,power_dBm,rel_dBc_vs_desired,noise_limited,cluster_id,cluster_size,analytic_coincidence_id,analytic_coincidence_size,measured_coincidence_id,measured_coincidence_size,measurement_scope,cluster_window_half_width_Hz,cluster_window_fallback,span_Hz,rbw_Hz,vbw_Hz,avg_sweeps,marker_mode_global,marker_mode_effective,error
0,31,32,5550000000.0,1415000000.0,5550000000.0,1415000000.0,lo+if,desired,1,1,1,1*LO + 1*IF,6965000000.0,6965000000.0,6965000000.0,0.0,0.0,-19.82383296684063,0.0,0,-1,1,-1,1,-1,1,single,0.0,0,1000.0,10.0,,10,auto,peak,
0,31,32,5550000000.0,1415000000.0,5550000000.0,1415000000.0,lo+if,spur,2,4,-1,2*LO - 4*IF,5440000000.0,5440000000.0,5440000000.0,0.0,0.0,-127.37941361607234,-107.55558064923171,1,-1,1,-1,1,-1,1,single,0.0,0,1000.0,10.0,,10,auto,peak,
0,31,32,5550000000.0,1415000000.0,5550000000.0,1415000000.0,lo+if,LO_leak,1,0,1,1*LO + 0*IF,5550000000.0,5550000000.0,5550000000.0,0.0,0.0,-47.66860715285138,-27.84477418601075,0,-1,1,-1,1,-1,1,single,0.0,0,1000.0,10.0,,10,auto,at-freq,
0,31,32,5550000000.0,1415000000.0,5550000000.0,1415000000.0,lo+if,IF_harmonic,0,4,1,0*LO + 4*IF,5660000000.0,5660000000.0,5660000000.0,0.0,0.0,-129.21546221609168,-109.39162924925105,1,-1,1,-1,1,-1,1,single,0.0,0,1000.0,10.0,,10,auto,peak,
0,31,32,5550000000.0,1415000000.0,5550000000.0,1415000000.0,lo+if,spur,2,3,-1,2*LO - 3*IF,6855000000.0,6855000000.0,6855000000.0,0.0,0.0,-103.459432340075,-83.63559937323437,0,-1,1,-1,1,-1,1,single,0.0,0,1000.0,10.0,,10,auto,peak,
0,31,32,5550000000.0,1415000000.0,5550000000.0,1415000000.0,lo+if,IF_harmonic,0,5,1,0*LO + 5*IF,7075000000.0,7075000000.0,7074999955.0,-45.0,-45.0,-138.8652435453699,-119.04141057852928,1,-1,1,-1,1,-1,1,single,0.0,0,1000.0,10.0,,10,auto,peak,
0,31,32,5550000000.0,1415000000.0,5550000000.0,1415000000.0,lo+if,spur,2,2,-1,2*LO - 2*IF,8270000000.0,8270000000.0,8270000000.0,0.0,0.0,-77.06762983691533,-57.2437968700747,0,-1,1,-1,1,-1,1,single,0.0,0,1000.0,10.0,,10,auto,peak,
0,31,32,5550000000.0,1415000000.0,5550000000.0,1415000000.0,lo+if,spur,1,2,1,1*LO + 2*IF,8380000000.0,8380000000.0,8380000000.0,0.0,0.0,-86.07278425675182,-66.24895128991119,0,-1,1,-1,1,-1,1,single,0.0,0,1000.0,10.0,,10,auto,peak,
