lo_index,if_index,point_index,lo_set_Hz,if_set_Hz,lo_model_Hz,if_model_Hz,mode,kind,m,n,sign,expression,expected_freq_Hz,expected_corr_freq_Hz,measured_freq_Hz,freq_error_Hz,freq_error_corr_Hz,power_dBm,rel_dBc_vs_desired,noise_limited,cluster_id,cluster_size,analytic_coincidence_id,analytic_coincidence_size,measured_coincidence_id,measured_coincidence_size,measurement_scope,cluster_window_half_width_Hz,cluster_window_fallback,span_Hz,rbw_Hz,vbw_Hz,avg_sweeps,marker_mode_global,marker_mode_effective,error
0,88,89,5550000000.0,2270000000.0,5550000000.0,2270000000.0,lo+if,desired,1,1,1,1*LO + 1*IF,7820000000.0,7820000000.0,7820000000.0,0.0,0.0,-21.02449909792377,0.0,0,-1,1,-1,1,-1,1,single,0.0,0,1000.0,10.0,,10,auto,peak,
0,88,89,5550000000.0,2270000000.0,5550000000.0,2270000000.0,lo+if,spur,3,5,-1,3*LO - 5*IF,5300000000.0,5300000000.0,5300000000.0,0.0,0.0,-127.69159155983031,-106.66709246190655,1,-1,1,-1,1,-1,1,single,0.0,0,1000.0,10.0,,10,auto,peak,
0,88,89,5550000000.0,2270000000.0,5550000000.0,2270000000.0,lo+if,LO_leak,1,0,1,1*LO + 0*IF,5550000000.0,5550000000.0,5550000000.0,0.0,0.0,-48.28610543345863,-27.26160633553486,0,-1,1,-1,1,-1,1,single,0.0,0,1000.0,10.0,,10,auto,at-freq,
0,88,89,5550000000.0,2270000000.0,5550000000.0,2270000000.0,lo+if,spur,1,5,-1,1*LO - 5*IF,5800000000.0,5800000000.0,5799999998.0,-2.0,-2.0,-134.30768172515175,-113.28318262722799,1,-1,1,-1,1,-1,1,single,0.0,0,1000.0,10.0,,10,auto,peak,
0,88,89,5550000000.0,2270000000.0,5550000000.0,2270000000.0,lo+if,spur,2,2,-1,2*LO - 2*IF,6560000000.0,6560000000.0,6560000000.0,0.0,0.0,-81.40304650485501,-60.37854740693125,0,-1,1,-1,1,-1,1,single,0.0,0,1000.0,10.0,,10,auto,peak,
0,88,89,5550000000.0,2270000000.0,5550000000.0,2270000000.0,lo+if,IF_harmonic,0,3,1,0*LO + 3*IF,6810000000.0,6810000000.0,6810000000.0,0.0,0.0,-104.91222855723804,-83.88772945931427,0,-1,1,-1,1,-1,1,single,0.0,0,1000.0,10.0,,10,auto,peak,
0,88,89,5550000000.0,2270000000.0,5550000000.0,2270000000.0,lo+if,spur,3,4,-1,3*LO - 4*IF,7570000000.0,7570000000.0,7570000111.9,111.89999961853027,111.89999961853027,-139.57276698761714,-118.54826788969338,1,-1,1,-1,1,-1,1,single,0.0,0,1000.0,10.0,,10,auto,peak,
0,88,89,5550000000.0,2270000000.0,5550000000.0,2270000000.0,lo+if,spur,2,1,-1,2*LO - 1*IF,8830000000.0,8830000000.0,8830000000.0,0.0,0.0,-58.71755609282769,-37.69305699490393,0,-1,1,-1,1,-1,1,single,0.0,0,1000.0,10.0,,10,auto,peak,
