lo_index,if_index,point_index,lo_set_Hz,if_set_Hz,lo_model_Hz,if_model_Hz,mode,kind,m,n,sign,expression,expected_freq_Hz,expected_corr_freq_Hz,measured_freq_Hz,freq_error_Hz,freq_error_corr_Hz,power_dBm,rel_dBc_vs_desired,noise_limited,cluster_id,cluster_size,analytic_coincidence_id,analytic_coincidence_size,measured_coincidence_id,measured_coincidence_size,measurement_scope,cluster_window_half_width_Hz,cluster_window_fallback,span_Hz,rbw_Hz,vbw_Hz,avg_sweeps,marker_mode_global,marker_mode_effective,error
0,23,24,5550000000.0,1295000000.0,5550000000.0,1295000000.0,lo+if,desired,1,1,1,1*LO + 1*IF,6845000000.0,6845000000.0,6845000000.0,0.0,0.0,-19.807968488715083,0.0,0,-1,1,-1,1,-1,1,single,0.0,0,1000.0,10.0,,10,auto,peak,
0,23,24,5550000000.0,1295000000.0,5550000000.0,1295000000.0,lo+if,IF_harmonic,0,4,1,0*LO + 4*IF,5180000000.0,5180000000.0,5179999999.0,-1.0,-1.0,-130.47890403472965,-110.67093554601456,1,-1,1,-1,1,-1,1,single,0.0,0,1000.0,10.0,,10,auto,peak,
0,23,24,5550000000.0,1295000000.0,5550000000.0,1295000000.0,lo+if,LO_leak,1,0,1,1*LO + 0*IF,5550000000.0,5550000000.0,5550000000.0,0.0,0.0,-47.618608601059734,-27.81064011234465,0,-1,1,-1,1,-1,1,single,0.0,0,1000.0,10.0,,10,auto,at-freq,
0,23,24,5550000000.0,1295000000.0,5550000000.0,1295000000.0,lo+if,spur,2,4,-1,2*LO - 4*IF,5920000000.0,5920000000.0,5920000204.8,204.80000019073486,204.80000019073486,-138.12331535554713,-118.31534686683204,1,-1,1,-1,1,-1,1,single,0.0,0,1000.0,10.0,,10,auto,peak,
0,23,24,5550000000.0,1295000000.0,5550000000.0,1295000000.0,lo+if,IF_harmonic,0,5,1,0*LO + 5*IF,6475000000.0,6475000000.0,6475000074.9,74.89999961853027,74.89999961853027,-138.36565375410683,-118.55768526539174,1,-1,1,-1,1,-1,1,single,0.0,0,1000.0,10.0,,10,auto,peak,
0,23,24,5550000000.0,1295000000.0,5550000000.0,1295000000.0,lo+if,spur,2,3,-1,2*LO - 3*IF,7215000000.0,7215000000.0,7215000000.0,0.0,0.0,-101.4877690424085,-81.67980055369341,0,-1,1,-1,1,-1,1,single,0.0,0,1000.0,10.0,,10,auto,peak,
0,23,24,5550000000.0,1295000000.0,5550000000.0,1295000000.0,lo+if,spur,1,2,1,1*LO + 2*IF,8140000000.0,8140000000.0,8140000000.0,0.0,0.0,-87.51560479877406,-67.70763631005897,0,-1,1,-1,1,-1,1,single,0.0,0,1000.0,10.0,,10,auto,peak,
0,23,24,5550000000.0,1295000000.0,5550000000.0,1295000000.0,lo+if,spur,2,2,-1,2*LO - 2*IF,8510000000.0,8510000000.0,8510000000.0,0.0,0.0,-80.1494783926198,-60.341509903904715,0,-1,1,-1,1,-1,1,single,0.0,0,1000.0,10.0,,10,auto,peak,
