lo_index,if_index,point_index,lo_set_Hz,if_set_Hz,lo_model_Hz,if_model_Hz,mode,kind,m,n,sign,expression,expected_freq_Hz,expected_corr_freq_Hz,measured_freq_Hz,freq_error_Hz,freq_error_corr_Hz,power_dBm,rel_dBc_vs_desired,noise_limited,cluster_id,cluster_size,analytic_coincidence_id,analytic_coincidence_size,measured_coincidence_id,measured_coincidence_size,measurement_scope,cluster_window_half_width_Hz,cluster_window_fallback,span_Hz,rbw_Hz,vbw_Hz,avg_sweeps,marker_mode_global,marker_mode_effective,error
0,56,57,5550000000.0,1790000000.0,5550000000.0,1790000000.0,lo+if,desired,1,1,1,1*LO + 1*IF,7340000000.0,7340000000.0,7340000000.0,0.0,0.0,-20.21978020144907,0.0,0,-1,1,-1,1,-1,1,single,0.0,0,1000.0,10.0,,10,auto,peak,
0,56,57,5550000000.0,1790000000.0,5550000000.0,1790000000.0,lo+if,IF_harmonic,0,3,1,0*LO + 3*IF,5370000000.0,5370000000.0,5370000000.0,0.0,0.0,-99.62202844669321,-79.40224824524414,0,-1,1,-1,1,-1,1,single,0.0,0,1000.0,10.0,,10,auto,peak,
0,56,57,5550000000.0,1790000000.0,5550000000.0,1790000000.0,lo+if,LO_leak,1,0,1,1*LO + 0*IF,5550000000.0,5550000000.0,5550000000.0,0.0,0.0,-47.720139172401886,-27.500358970952817,0,-1,1,-1,1,-1,1,single,0.0,0,1000.0,10.0,,10,auto,at-freq,
0,56,57,5550000000.0,1790000000.0,5550000000.0,1790000000.0,lo+if,spur,2,3,-1,2*LO - 3*IF,5730000000.0,5730000000.0,5730000000.0,0.0,0.0,-102.38876039773969,-82.16898019629062,0,-1,1,-1,1,-1,1,single,0.0,0,1000.0,10.0,,10,auto,peak,
0,56,57,5550000000.0,1790000000.0,5550000000.0,1790000000.0,lo+if,IF_harmonic,0,4,1,0*LO + 4*IF,7160000000.0,7160000000.0,7160000348.7,348.69999980926514,348.69999980926514,-138.72340478895777,-118.5036245875087,1,-1,1,-1,1,-1,1,single,0.0,0,1000.0,10.0,,10,auto,peak,
0,56,57,5550000000.0,1790000000.0,5550000000.0,1790000000.0,lo+if,spur,2,2,-1,2*LO - 2*IF,7520000000.0,7520000000.0,7520000000.0,0.0,0.0,-81.21215659410787,-60.9923763926588,0,-1,1,-1,1,-1,1,single,0.0,0,1000.0,10.0,,10,auto,peak,
0,56,57,5550000000.0,1790000000.0,5550000000.0,1790000000.0,lo+if,spur,3,5,-1,3*LO - 5*IF,7700000000.0,7700000000.0,7700000001.0,1.0,1.0,-128.45754134654757,-108.2377611450985,1,-1,1,-1,1,-1,1,single,0.0,0,1000.0,10.0,,10,auto,peak,
0,56,57,5550000000.0,1790000000.0,5550000000.0,1790000000.0,lo+if,IF_harmonic,0,5,1,0*LO + 5*IF,8950000000.0,8950000000.0,8949999526.5,-473.5,-473.5,-135.8164027251628,-115.59662252371372,1,-1,1,-1,1,-1,1,single,0.0,0,1000.0,10.0,,10,auto,peak,
