lo_index,if_index,point_index,lo_set_Hz,if_set_Hz,lo_model_Hz,if_model_Hz,mode,kind,m,n,sign,expression,expected_freq_Hz,expected_corr_freq_Hz,measured_freq_Hz,freq_error_Hz,freq_error_corr_Hz,power_dBm,rel_dBc_vs_desired,noise_limited,cluster_id,cluster_size,analytic_coincidence_id,analytic_coincidence_size,measured_coincidence_id,measured_coincidence_size,measurement_scope,cluster_window_half_width_Hz,cluster_window_fallback,span_Hz,rbw_Hz,vbw_Hz,avg_sweeps,marker_mode_global,marker_mode_effective,error
0,47,48,5550000000.0,1655000000.0,5550000000.0,1655000000.0,lo+if,desired,1,1,1,1*LO + 1*IF,7205000000.0,7205000000.0,7205000000.0,0.0,0.0,-20.034748977055457,0.0,0,-1,1,-1,1,-1,1,single,0.0,0,1000.0,10.0,,10,auto,peak,
0,47,48,5550000000.0,1655000000.0,5550000000.0,1655000000.0,lo+if,LO_leak,1,0,1,1*LO + 0*IF,5550000000.0,5550000000.0,5550000000.0,0.0,0.0,-47.65161878570014,-27.61686980864468,0,-1,1,-1,1,-1,1,single,0.0,0,1000.0,10.0,,10,auto,at-freq,
0,47,48,5550000000.0,1655000000.0,5550000000.0,1655000000.0,lo+if,spur,2,3,-1,2*LO - 3*IF,6135000000.0,6135000000.0,6135000000.0,0.0,0.0,-104.2303440346407,-84.19559505758524,0,-1,1,-1,1,-1,1,single,0.0,0,1000.0,10.0,,10,auto,peak,
0,47,48,5550000000.0,1655000000.0,5550000000.0,1655000000.0,lo+if,IF_harmonic,0,4,1,0*LO + 4*IF,6620000000.0,6620000000.0,6620000000.0,0.0,0.0,-136.31098189606587,-116.27623291901041,1,-1,1,-1,1,-1,1,single,0.0,0,1000.0,10.0,,10,auto,peak,
0,47,48,5550000000.0,1655000000.0,5550000000.0,1655000000.0,lo+if,spur,2,2,-1,2*LO - 2*IF,7790000000.0,7790000000.0,7790000000.0,0.0,0.0,-81.55362060174193,-61.51887162468647,0,-1,1,-1,1,-1,1,single,0.0,0,1000.0,10.0,,10,auto,peak,
0,47,48,5550000000.0,1655000000.0,5550000000.0,1655000000.0,lo+if,IF_harmonic,0,5,1,0*LO + 5*IF,8275000000.0,8275000000.0,8274999774.2,-225.80000019073486,-225.80000019073486,-136.18655564086518,-116.15180666380972,1,-1,1,-1,1,-1,1,single,0.0,0,1000.0,10.0,,10,auto,peak,
0,47,48,5550000000.0,1655000000.0,5550000000.0,1655000000.0,lo+if,spur,3,5,-1,3*LO - 5*IF,8375000000.0,8375000000.0,8374999517.5,-482.5,-482.5,-136.54300960055184,-116.50826062349638,1,-1,1,-1,1,-1,1,single,0.0,0,1000.0,10.0,,10,auto,peak,
0,47,48,5550000000.0,1655000000.0,5550000000.0,1655000000.0,lo+if,spur,1,2,1,1*LO + 2*IF,8860000000.0,8860000000.0,8860000000.0,0.0,0.0,-85.63589548932177,-65.60114651226631,0,-1,1,-1,1,-1,1,single,0.0,0,1000.0,10.0,,10,auto,peak,
