lo_index,if_index,point_index,lo_set_Hz,if_set_Hz,lo_model_Hz,if_model_Hz,mode,kind,m,n,sign,expression,expected_freq_Hz,expected_corr_freq_Hz,measured_freq_Hz,freq_error_Hz,freq_error_corr_Hz,power_dBm,rel_dBc_vs_desired,noise_limited,cluster_id,cluster_size,analytic_coincidence_id,analytic_coincidence_size,measured_coincidence_id,measured_coincidence_size,measurement_scope,cluster_window_half_width_Hz,cluster_window_fallback,span_Hz,rbw_Hz,vbw_Hz,avg_sweeps,marker_mode_global,marker_mode_effective,error
0,90,91,5550000000.0,2300000000.0,5550000000.0,2300000000.0,lo+if,desired,1,1,1,1*LO + 1*IF,7850000000.0,7850000000.0,7850000000.0,0.0,0.0,-21.04466443992497,0.0,0,-1,1,-1,1,-1,1,single,0.0,0,1000.0,10.0,,10,auto,peak,
0,90,91,5550000000.0,2300000000.0,5550000000.0,2300000000.0,lo+if,spur,3,5,-1,3*LO - 5*IF,5150000000.0,5150000000.0,5150000000.0,0.0,0.0,-129.34169464901092,-108.29703020908595,1,-1,1,-1,1,-1,1,single,0.0,0,1000.0,10.0,,10,auto,peak,
0,90,91,5550000000.0,2300000000.0,5550000000.0,2300000000.0,lo+if,LO_leak,1,0,1,1*LO + 0*IF,5550000000.0,5550000000.0,5550000000.0,0.0,0.0,-48.43283907711595,-27.388174637190982,0,-1,1,-1,1,-1,1,single,0.0,0,1000.0,10.0,,10,auto,at-freq,
0,90,91,5550000000.0,2300000000.0,5550000000.0,2300000000.0,lo+if,spur,1,5,-1,1*LO - 5*IF,5950000000.0,5950000000.0,5950000001.0,1.0,1.0,-135.48063384152886,-114.43596940160388,1,-1,1,-1,1,-1,1,single,0.0,0,1000.0,10.0,,10,auto,peak,
0,90,91,5550000000.0,2300000000.0,5550000000.0,2300000000.0,lo+if,spur,2,2,-1,2*LO - 2*IF,6500000000.0,6500000000.0,6500000000.0,0.0,0.0,-77.74275784232262,-56.698093402397646,0,-1,1,-1,1,-1,1,single,0.0,0,1000.0,10.0,,10,auto,peak,
0,90,91,5550000000.0,2300000000.0,5550000000.0,2300000000.0,lo+if,IF_harmonic,0,3,1,0*LO + 3*IF,6900000000.0,6900000000.0,6900000000.0,0.0,0.0,-102.94871089371362,-81.90404645378865,0,-1,1,-1,1,-1,1,single,0.0,0,1000.0,10.0,,10,auto,peak,
0,90,91,5550000000.0,2300000000.0,5550000000.0,2300000000.0,lo+if,spur,3,4,-1,3*LO - 4*IF,7450000000.0,7450000000.0,7450000160.8,160.80000019073486,160.80000019073486,-139.7507544342206,-118.70608999429562,1,-1,1,-1,1,-1,1,single,0.0,0,1000.0,10.0,,10,auto,peak,
0,90,91,5550000000.0,2300000000.0,5550000000.0,2300000000.0,lo+if,spur,2,1,-1,2*LO - 1*IF,8800000000.0,8800000000.0,8800000000.0,0.0,0.0,-56.781279585852815,-35.73661514592784,0,-1,1,-1,1,-1,1,single,0.0,0,1000.0,10.0,,10,auto,peak,
