lo_index,if_index,point_index,lo_set_Hz,if_set_Hz,lo_model_Hz,if_model_Hz,mode,kind,m,n,sign,expression,expected_freq_Hz,expected_corr_freq_Hz,measured_freq_Hz,freq_error_Hz,freq_error_corr_Hz,power_dBm,rel_dBc_vs_desired,noise_limited,cluster_id,cluster_size,analytic_coincidence_id,analytic_coincidence_size,measured_coincidence_id,measured_coincidence_size,measurement_scope,cluster_window_half_width_Hz,cluster_window_fallback,span_Hz,rbw_Hz,vbw_Hz,avg_sweeps,marker_mode_global,marker_mode_effective,error
0,59,60,5550000000.0,1835000000.0,5550000000.0,1835000000.0,lo+if,desired,1,1,1,1*LO + 1*IF,7385000000.0,7385000000.0,7385000000.0,0.0,0.0,-20.2329131994594,0.0,0,-1,1,-1,1,-1,1,single,0.0,0,1000.0,10.0,,10,auto,peak,
0,59,60,5550000000.0,1835000000.0,5550000000.0,1835000000.0,lo+if,IF_harmonic,0,3,1,0*LO + 3*IF,5505000000.0,5505000000.0,5505000000.0,0.0,0.0,-98.98993518158036,-78.75702198212096,0,-1,1,-1,1,-1,1,single,0.0,0,1000.0,10.0,,10,auto,peak,
0,59,60,5550000000.0,1835000000.0,5550000000.0,1835000000.0,lo+if,LO_leak,1,0,1,1*LO + 0*IF,5550000000.0,5550000000.0,5550000000.0,0.0,0.0,-47.76520197925416,-27.532288779794758,0,-1,1,-1,1,-1,1,single,0.0,0,1000.0,10.0,,10,auto,at-freq,
0,59,60,5550000000.0,1835000000.0,5550000000.0,1835000000.0,lo+if,spur,2,3,-1,2*LO - 3*IF,5595000000.0,5595000000.0,5595000000.0,0.0,0.0,-100.93560707105398,-80.70269387159458,0,-1,1,-1,1,-1,1,single,0.0,0,1000.0,10.0,,10,auto,peak,
0,59,60,5550000000.0,1835000000.0,5550000000.0,1835000000.0,lo+if,IF_harmonic,0,4,1,0*LO + 4*IF,7340000000.0,7340000000.0,7339999999.0,-1.0,-1.0,-138.50732006648644,-118.27440686702704,1,-1,1,-1,1,-1,1,single,0.0,0,1000.0,10.0,,10,auto,peak,
0,59,60,5550000000.0,1835000000.0,5550000000.0,1835000000.0,lo+if,spur,2,2,-1,2*LO - 2*IF,7430000000.0,7430000000.0,7430000000.0,0.0,0.0,-79.11587663799179,-58.882963438532386,0,-1,1,-1,1,-1,1,single,0.0,0,1000.0,10.0,,10,auto,peak,
0,59,60,5550000000.0,1835000000.0,5550000000.0,1835000000.0,lo+if,spur,3,5,-1,3*LO - 5*IF,7475000000.0,7475000000.0,7475000000.0,0.0,0.0,-136.72142818965045,-116.48851499019105,1,-1,1,-1,1,-1,1,single,0.0,0,1000.0,10.0,,10,auto,peak,
