lo_index,if_index,point_index,lo_set_Hz,if_set_Hz,lo_model_Hz,if_model_Hz,mode,kind,m,n,sign,expression,expected_freq_Hz,expected_corr_freq_Hz,measured_freq_Hz,freq_error_Hz,freq_error_corr_Hz,power_dBm,rel_dBc_vs_desired,noise_limited,cluster_id,cluster_size,analytic_coincidence_id,analytic_coincidence_size,measured_coincidence_id,measured_coincidence_size,measurement_scope,cluster_window_half_width_Hz,cluster_window_fallback,span_Hz,rbw_Hz,vbw_Hz,avg_sweeps,marker_mode_global,marker_mode_effective,error
0,20,21,5550000000.0,1250000000.0,5550000000.0,1250000000.0,lo+if,desired,1,1,1,1*LO + 1*IF,6800000000.0,6800000000.0,6800000000.0,0.0,0.0,-19.657371586979313,0.0,0,-1,1,-1,1,-1,1,single,0.0,0,1000.0,10.0,,10,auto,peak,
0,20,21,5550000000.0,1250000000.0,5550000000.0,1250000000.0,lo+if,IF_harmonic,0,4,1,0*LO + 4*IF,5000000000.0,5000000000.0,5000000000.0,0.0,0.0,-128.70006699839396,-109.04269541141466,1,-1,1,-1,1,-1,1,single,0.0,0,1000.0,10.0,,10,auto,peak,
0,20,21,5550000000.0,1250000000.0,5550000000.0,1250000000.0,lo+if,LO_leak,1,0,1,1*LO + 0*IF,5550000000.0,5550000000.0,5550000000.0,0.0,0.0,-48.03430392282459,-28.37693233584528,0,-1,1,-1,1,-1,1,single,0.0,0,1000.0,10.0,,10,auto,at-freq,
0,20,21,5550000000.0,1250000000.0,5550000000.0,1250000000.0,lo+if,spur,2,4,-1,2*LO - 4*IF,6100000000.0,6100000000.0,6100000000.0,0.0,0.0,-128.0893778436225,-108.43200625664318,1,-1,1,-1,1,-1,1,single,0.0,0,1000.0,10.0,,10,auto,peak,
0,20,21,5550000000.0,1250000000.0,5550000000.0,1250000000.0,lo+if,IF_harmonic,0,5,1,0*LO + 5*IF,6250000000.0,6250000000.0,6249999998.0,-2.0,-2.0,-137.04397601115764,-117.38660442417833,1,-1,1,-1,1,-1,1,single,0.0,0,1000.0,10.0,,10,auto,peak,
0,20,21,5550000000.0,1250000000.0,5550000000.0,1250000000.0,lo+if,spur,2,3,-1,2*LO - 3*IF,7350000000.0,7350000000.0,7350000000.0,0.0,0.0,-102.60622421483535,-82.94885262785604,0,-1,1,-1,1,-1,1,single,0.0,0,1000.0,10.0,,10,auto,peak,
0,20,21,5550000000.0,1250000000.0,5550000000.0,1250000000.0,lo+if,spur,1,2,1,1*LO + 2*IF,8050000000.0,8050000000.0,8050000000.0,0.0,0.0,-87.15147303689717,-67.49410144991786,0,-1,1,-1,1,-1,1,single,0.0,0,1000.0,10.0,,10,auto,peak,
0,20,21,5550000000.0,1250000000.0,5550000000.0,1250000000.0,lo+if,spur,2,2,-1,2*LO - 2*IF,8600000000.0,8600000000.0,8600000000.0,0.0,0.0,-78.40689578109905,-58.74952419411974,0,-1,1,-1,1,-1,1,single,0.0,0,1000.0,10.0,,10,auto,peak,
