lo_index,if_index,point_index,lo_set_Hz,if_set_Hz,lo_model_Hz,if_model_Hz,mode,kind,m,n,sign,expression,expected_freq_Hz,expected_corr_freq_Hz,measured_freq_Hz,freq_error_Hz,freq_error_corr_Hz,power_dBm,rel_dBc_vs_desired,noise_limited,cluster_id,cluster_size,analytic_coincidence_id,analytic_coincidence_size,measured_coincidence_id,measured_coincidence_size,measurement_scope,cluster_window_half_width_Hz,cluster_window_fallback,span_Hz,rbw_Hz,vbw_Hz,avg_sweeps,marker_mode_global,marker_mode_effective,error
0,98,99,5550000000.0,2420000000.0,5550000000.0,2420000000.0,lo+if,desired,1,1,1,1*LO + 1*IF,7970000000.0,7970000000.0,7970000000.0,0.0,0.0,-21.214274322764425,0.0,0,-1,1,-1,1,-1,1,single,0.0,0,1000.0,10.0,,10,auto,peak,
0,98,99,5550000000.0,2420000000.0,5550000000.0,2420000000.0,lo+if,LO_leak,1,0,1,1*LO + 0*IF,5550000000.0,5550000000.0,5550000000.0,0.0,0.0,-48.53122368701142,-27.316949364246994,0,-1,1,-1,1,-1,1,single,0.0,0,1000.0,10.0,,10,auto,at-freq,
0,98,99,5550000000.0,2420000000.0,5550000000.0,2420000000.0,lo+if,spur,2,2,-1,2*LO - 2*IF,6260000000.0,6260000000.0,6260000000.0,0.0,0.0,-79.47417285657673,-58.259898533812304,0,-1,1,-1,1,-1,1,single,0.0,0,1000.0,10.0,,10,auto,peak,
0,98,99,5550000000.0,2420000000.0,5550000000.0,2420000000.0,lo+if,spur,1,5,-1,1*LO - 5*IF,6550000000.0,6550000000.0,6550000066.9,66.89999961853027,66.89999961853027,-138.51982596985923,-117.3055516470948,1,-1,1,-1,1,-1,1,single,0.0,0,1000.0,10.0,,10,auto,peak,
0,98,99,5550000000.0,2420000000.0,5550000000.0,2420000000.0,lo+if,spur,3,4,-1,3*LO - 4*IF,6970000000.0,6970000000.0,6970000015.0,15.0,15.0,-138.88643084686828,-117.67215652410385,1,-1,1,-1,1,-1,1,single,0.0,0,1000.0,10.0,,10,auto,peak,
0,98,99,5550000000.0,2420000000.0,5550000000.0,2420000000.0,lo+if,IF_harmonic,0,3,1,0*LO + 3*IF,7260000000.0,7260000000.0,7260000000.0,0.0,0.0,-104.4658155909608,-83.25154126819638,0,-1,1,-1,1,-1,1,single,0.0,0,1000.0,10.0,,10,auto,peak,
0,98,99,5550000000.0,2420000000.0,5550000000.0,2420000000.0,lo+if,spur,2,1,-1,2*LO - 1*IF,8680000000.0,8680000000.0,8680000000.0,0.0,0.0,-58.04795456949862,-36.8336802467342,0,-1,1,-1,1,-1,1,single,0.0,0,1000.0,10.0,,10,auto,peak,
