lo_index,if_index,point_index,lo_set_Hz,if_set_Hz,lo_model_Hz,if_model_Hz,mode,kind,m,n,sign,expression,expected_freq_Hz,expected_corr_freq_Hz,measured_freq_Hz,freq_error_Hz,freq_error_corr_Hz,power_dBm,rel_dBc_vs_desired,noise_limited,cluster_id,cluster_size,analytic_coincidence_id,analytic_coincidence_size,measured_coincidence_id,measured_coincidence_size,measurement_scope,cluster_window_half_width_Hz,cluster_window_fallback,span_Hz,rbw_Hz,vbw_Hz,avg_sweeps,marker_mode_global,marker_mode_effective,error
0,30,31,5550000000.0,1400000000.0,5550000000.0,1400000000.0,lo+if,desired,1,1,1,1*LO + 1*IF,6950000000.0,6950000000.0,6950000000.0,0.0,0.0,-19.818204674359038,0.0,0,-1,1,-1,1,-1,1,single,0.0,0,1000.0,10.0,,10,auto,peak,
0,30,31,5550000000.0,1400000000.0,5550000000.0,1400000000.0,lo+if,spur,2,4,-1,2*LO - 4*IF,5500000000.0,5500000000.0,5499999999.0,-1.0,-1.0,-123.23098926584946,-103.41278459149042,1,-1,1,-1,1,-1,1,single,0.0,0,1000.0,10.0,,10,auto,peak,
0,30,31,5550000000.0,1400000000.0,5550000000.0,1400000000.0,lo+if,LO_leak,1,0,1,1*LO + 0*IF,5550000000.0,5550000000.0,5550000000.0,0.0,0.0,-47.68344750410642,-27.86524282974738,0,-1,1,-1,1,-1,1,single,0.0,0,1000.0,10.0,,10,auto,at-freq,
0,30,31,5550000000.0,1400000000.0,5550000000.0,1400000000.0,lo+if,IF_harmonic,0,4,1,0*LO + 4*IF,5600000000.0,5600000000.0,5600000001.0,1.0,1.0,-132.34029685778992,-112.52209218343089,1,-1,1,-1,1,-1,1,single,0.0,0,1000.0,10.0,,10,auto,peak,
0,30,31,5550000000.0,1400000000.0,5550000000.0,1400000000.0,lo+if,spur,2,3,-1,2*LO - 3*IF,6900000000.0,6900000000.0,6900000000.0,0.0,0.0,-102.37940984658552,-82.56120517222648,0,-1,1,-1,1,-1,1,single,0.0,0,1000.0,10.0,,10,auto,peak,
0,30,31,5550000000.0,1400000000.0,5550000000.0,1400000000.0,lo+if,IF_harmonic,0,5,1,0*LO + 5*IF,7000000000.0,7000000000.0,6999999898.1,-101.89999961853027,-101.89999961853027,-139.5092678343929,-119.69106316003385,1,-1,1,-1,1,-1,1,single,0.0,0,1000.0,10.0,,10,auto,peak,
0,30,31,5550000000.0,1400000000.0,5550000000.0,1400000000.0,lo+if,spur,2,2,-1,2*LO - 2*IF,8300000000.0,8300000000.0,8300000000.0,0.0,0.0,-77.534401678738,-57.71619700437897,0,-1,1,-1,1,-1,1,single,0.0,0,1000.0,10.0,,10,auto,peak,
0,30,31,5550000000.0,1400000000.0,5550000000.0,1400000000.0,lo+if,spur,1,2,1,1*LO + 2*IF,8350000000.0,8350000000.0,8350000000.0,0.0,0.0,-86.29601146012536,-66.47780678576632,0,-1,1,-1,1,-1,1,single,0.0,0,1000.0,10.0,,10,auto,peak,
