lo_index,if_index,point_index,lo_set_Hz,if_set_Hz,lo_model_Hz,if_model_Hz,mode,kind,m,n,sign,expression,expected_freq_Hz,expected_corr_freq_Hz,measured_freq_Hz,freq_error_Hz,freq_error_corr_Hz,power_dBm,rel_dBc_vs_desired,noise_limited,cluster_id,cluster_size,analytic_coincidence_id,analytic_coincidence_size,measured_coincidence_id,measured_coincidence_size,measurement_scope,cluster_window_half_width_Hz,cluster_window_fallback,span_Hz,rbw_Hz,vbw_Hz,avg_sweeps,marker_mode_global,marker_mode_effective,error
0,0,1,5550000000.0,950000000.0,5550000000.0,950000000.0,lo+if,desired,1,1,1,1*LO + 1*IF,6500000000.0,6500000000.0,6500000000.0,0.0,0.0,-20.45627336943083,0.0,0,-1,1,-1,1,-1,1,single,0.0,0,1000.0,10.0,,10,auto,peak,
0,0,1,5550000000.0,950000000.0,5550000000.0,950000000.0,lo+if,LO_leak,1,0,1,1*LO + 0*IF,5550000000.0,5550000000.0,5550000000.0,0.0,0.0,-48.29054569396513,-27.8342723245343,0,-1,1,-1,1,-1,1,single,0.0,0,1000.0,10.0,,10,auto,at-freq,
0,0,1,5550000000.0,950000000.0,5550000000.0,950000000.0,lo+if,spur,2,5,-1,2*LO - 5*IF,6350000000.0,6350000000.0,6350000385.6,385.6000003814697,385.6000003814697,-138.61872938978692,-118.16245602035609,1,-1,1,-1,1,-1,1,single,0.0,0,1000.0,10.0,,10,auto,peak,
0,0,1,5550000000.0,950000000.0,5550000000.0,950000000.0,lo+if,spur,2,4,-1,2*LO - 4*IF,7300000000.0,7300000000.0,7300000003.0,3.0,3.0,-138.20770912817653,-117.7514357587457,1,-1,1,-1,1,-1,1,single,0.0,0,1000.0,10.0,,10,auto,peak,
0,0,1,5550000000.0,950000000.0,5550000000.0,950000000.0,lo+if,spur,1,2,1,1*LO + 2*IF,7450000000.0,7450000000.0,7450000000.0,0.0,0.0,-95.24090240792114,-74.78462903849031,0,-1,1,-1,1,-1,1,single,0.0,0,1000.0,10.0,,10,auto,peak,
0,0,1,5550000000.0,950000000.0,5550000000.0,950000000.0,lo+if,spur,2,3,-1,2*LO - 3*IF,8250000000.0,8250000000.0,8250000000.0,0.0,0.0,-102.00272793932484,-81.54645456989401,0,-1,1,-1,1,-1,1,single,0.0,0,1000.0,10.0,,10,auto,peak,
0,0,1,5550000000.0,950000000.0,5550000000.0,950000000.0,lo+if,spur,1,3,1,1*LO + 3*IF,8400000000.0,8400000000.0,8400000000.0,0.0,0.0,-96.99275784790413,-76.5364844784733,0,-1,1,-1,1,-1,1,single,0.0,0,1000.0,10.0,,10,auto,peak,
