lo_index,if_index,point_index,lo_set_Hz,if_set_Hz,lo_model_Hz,if_model_Hz,mode,kind,m,n,sign,expression,expected_freq_Hz,expected_corr_freq_Hz,measured_freq_Hz,freq_error_Hz,freq_error_corr_Hz,power_dBm,rel_dBc_vs_desired,noise_limited,cluster_id,cluster_size,analytic_coincidence_id,analytic_coincidence_size,measured_coincidence_id,measured_coincidence_size,measurement_scope,cluster_window_half_width_Hz,cluster_window_fallback,span_Hz,rbw_Hz,vbw_Hz,avg_sweeps,marker_mode_global,marker_mode_effective,error
0,34,35,5550000000.0,1460000000.0,5550000000.0,1460000000.0,lo+if,desired,1,1,1,1*LO + 1*IF,7010000000.0,7010000000.0,7010000000.0,0.0,0.0,-19.717770520490994,0.0,0,-1,1,-1,1,-1,1,single,0.0,0,1000.0,10.0,,10,auto,peak,
0,34,35,5550000000.0,1460000000.0,5550000000.0,1460000000.0,lo+if,spur,2,4,-1,2*LO - 4*IF,5260000000.0,5260000000.0,5260000000.0,0.0,0.0,-123.5795487134526,-103.8617781929616,1,-1,1,-1,1,-1,1,single,0.0,0,1000.0,10.0,,10,auto,peak,
0,34,35,5550000000.0,1460000000.0,5550000000.0,1460000000.0,lo+if,LO_leak,1,0,1,1*LO + 0*IF,5550000000.0,5550000000.0,5550000000.0,0.0,0.0,-47.65893854291193,-27.94116802242094,0,-1,1,-1,1,-1,1,single,0.0,0,1000.0,10.0,,10,auto,at-freq,
0,34,35,5550000000.0,1460000000.0,5550000000.0,1460000000.0,lo+if,IF_harmonic,0,4,1,0*LO + 4*IF,5840000000.0,5840000000.0,5839999716.3,-283.69999980926514,-283.69999980926514,-138.0163423523698,-118.2985718318788,1,-1,1,-1,1,-1,1,single,0.0,0,1000.0,10.0,,10,auto,peak,
0,34,35,5550000000.0,1460000000.0,5550000000.0,1460000000.0,lo+if,spur,2,3,-1,2*LO - 3*IF,6720000000.0,6720000000.0,6720000000.0,0.0,0.0,-102.28360248583947,-82.56583196534848,0,-1,1,-1,1,-1,1,single,0.0,0,1000.0,10.0,,10,auto,peak,
0,34,35,5550000000.0,1460000000.0,5550000000.0,1460000000.0,lo+if,IF_harmonic,0,5,1,0*LO + 5*IF,7300000000.0,7300000000.0,7300000137.9,137.89999961853027,137.89999961853027,-139.10216088262297,-119.38439036213197,1,-1,1,-1,1,-1,1,single,0.0,0,1000.0,10.0,,10,auto,peak,
0,34,35,5550000000.0,1460000000.0,5550000000.0,1460000000.0,lo+if,spur,2,2,-1,2*LO - 2*IF,8180000000.0,8180000000.0,8180000000.0,0.0,0.0,-83.34156711497648,-63.62379659448549,0,-1,1,-1,1,-1,1,single,0.0,0,1000.0,10.0,,10,auto,peak,
0,34,35,5550000000.0,1460000000.0,5550000000.0,1460000000.0,lo+if,spur,1,2,1,1*LO + 2*IF,8470000000.0,8470000000.0,8470000000.0,0.0,0.0,-86.98628229661848,-67.2685117761275,0,-1,1,-1,1,-1,1,single,0.0,0,1000.0,10.0,,10,auto,peak,
