lo_index,if_index,point_index,lo_set_Hz,if_set_Hz,lo_model_Hz,if_model_Hz,mode,kind,m,n,sign,expression,expected_freq_Hz,expected_corr_freq_Hz,measured_freq_Hz,freq_error_Hz,freq_error_corr_Hz,power_dBm,rel_dBc_vs_desired,noise_limited,cluster_id,cluster_size,analytic_coincidence_id,analytic_coincidence_size,measured_coincidence_id,measured_coincidence_size,measurement_scope,cluster_window_half_width_Hz,cluster_window_fallback,span_Hz,rbw_Hz,vbw_Hz,avg_sweeps,marker_mode_global,marker_mode_effective,error
0,87,88,5550000000.0,2255000000.0,5550000000.0,2255000000.0,lo+if,desired,1,1,1,1*LO + 1*IF,7805000000.0,7805000000.0,7805000000.0,0.0,0.0,-20.926300389333925,0.0,0,-1,1,-1,1,-1,1,single,0.0,0,1000.0,10.0,,10,auto,peak,
0,87,88,5550000000.0,2255000000.0,5550000000.0,2255000000.0,lo+if,spur,3,5,-1,3*LO - 5*IF,5375000000.0,5375000000.0,5375000001.0,1.0,1.0,-130.80629051751407,-109.87999012818014,1,-1,1,-1,1,-1,1,single,0.0,0,1000.0,10.0,,10,auto,peak,
0,87,88,5550000000.0,2255000000.0,5550000000.0,2255000000.0,lo+if,LO_leak,1,0,1,1*LO + 0*IF,5550000000.0,5550000000.0,5550000000.0,0.0,0.0,-48.32794742609073,-27.401647036756806,0,-1,1,-1,1,-1,1,single,0.0,0,1000.0,10.0,,10,auto,at-freq,
0,87,88,5550000000.0,2255000000.0,5550000000.0,2255000000.0,lo+if,spur,1,5,-1,1*LO - 5*IF,5725000000.0,5725000000.0,5725000002.0,2.0,2.0,-135.13008672478838,-114.20378633545445,1,-1,1,-1,1,-1,1,single,0.0,0,1000.0,10.0,,10,auto,peak,
0,87,88,5550000000.0,2255000000.0,5550000000.0,2255000000.0,lo+if,spur,2,2,-1,2*LO - 2*IF,6590000000.0,6590000000.0,6590000000.0,0.0,0.0,-81.05412925729638,-60.12782886796246,0,-1,1,-1,1,-1,1,single,0.0,0,1000.0,10.0,,10,auto,peak,
0,87,88,5550000000.0,2255000000.0,5550000000.0,2255000000.0,lo+if,IF_harmonic,0,3,1,0*LO + 3*IF,6765000000.0,6765000000.0,6765000000.0,0.0,0.0,-106.76460051813936,-85.83830012880543,0,-1,1,-1,1,-1,1,single,0.0,0,1000.0,10.0,,10,auto,peak,
0,87,88,5550000000.0,2255000000.0,5550000000.0,2255000000.0,lo+if,spur,3,4,-1,3*LO - 4*IF,7630000000.0,7630000000.0,7630000124.9,124.89999961853027,124.89999961853027,-139.03591860782106,-118.10961821848713,1,-1,1,-1,1,-1,1,single,0.0,0,1000.0,10.0,,10,auto,peak,
0,87,88,5550000000.0,2255000000.0,5550000000.0,2255000000.0,lo+if,spur,2,1,-1,2*LO - 1*IF,8845000000.0,8845000000.0,8845000000.0,0.0,0.0,-60.17379696928927,-39.247496579955346,0,-1,1,-1,1,-1,1,single,0.0,0,1000.0,10.0,,10,auto,peak,
