lo_index,if_index,point_index,lo_set_Hz,if_set_Hz,lo_model_Hz,if_model_Hz,mode,kind,m,n,sign,expression,expected_freq_Hz,expected_corr_freq_Hz,measured_freq_Hz,freq_error_Hz,freq_error_corr_Hz,power_dBm,rel_dBc_vs_desired,noise_limited,cluster_id,cluster_size,analytic_coincidence_id,analytic_coincidence_size,measured_coincidence_id,measured_coincidence_size,measurement_scope,cluster_window_half_width_Hz,cluster_window_fallback,span_Hz,rbw_Hz,vbw_Hz,avg_sweeps,marker_mode_global,marker_mode_effective,error
0,26,27,5550000000.0,1340000000.0,5550000000.0,1340000000.0,lo+if,desired,1,1,1,1*LO + 1*IF,6890000000.0,6890000000.0,6890000000.0,0.0,0.0,-19.78987198519364,0.0,0,-1,1,-1,1,-1,1,single,0.0,0,1000.0,10.0,,10,auto,peak,
0,26,27,5550000000.0,1340000000.0,5550000000.0,1340000000.0,lo+if,IF_harmonic,0,4,1,0*LO + 4*IF,5360000000.0,5360000000.0,5359999999.0,-1.0,-1.0,-130.2777933982905,-110.48792141309686,1,-1,1,-1,1,-1,1,single,0.0,0,1000.0,10.0,,10,auto,peak,
0,26,27,5550000000.0,1340000000.0,5550000000.0,1340000000.0,lo+if,LO_leak,1,0,1,1*LO + 0*IF,5550000000.0,5550000000.0,5550000000.0,0.0,0.0,-47.60465351213199,-27.81478152693835,0,-1,1,-1,1,-1,1,single,0.0,0,1000.0,10.0,,10,auto,at-freq,
0,26,27,5550000000.0,1340000000.0,5550000000.0,1340000000.0,lo+if,spur,2,4,-1,2*LO - 4*IF,5740000000.0,5740000000.0,5740000000.0,0.0,0.0,-126.17042913910322,-106.38055715390958,1,-1,1,-1,1,-1,1,single,0.0,0,1000.0,10.0,,10,auto,peak,
0,26,27,5550000000.0,1340000000.0,5550000000.0,1340000000.0,lo+if,IF_harmonic,0,5,1,0*LO + 5*IF,6700000000.0,6700000000.0,6700000455.5,455.5,455.5,-137.81564419470223,-118.02577220950859,1,-1,1,-1,1,-1,1,single,0.0,0,1000.0,10.0,,10,auto,peak,
0,26,27,5550000000.0,1340000000.0,5550000000.0,1340000000.0,lo+if,spur,2,3,-1,2*LO - 3*IF,7080000000.0,7080000000.0,7080000000.0,0.0,0.0,-103.14150501223884,-83.3516330270452,0,-1,1,-1,1,-1,1,single,0.0,0,1000.0,10.0,,10,auto,peak,
0,26,27,5550000000.0,1340000000.0,5550000000.0,1340000000.0,lo+if,spur,1,2,1,1*LO + 2*IF,8230000000.0,8230000000.0,8230000000.0,0.0,0.0,-87.64274910782667,-67.85287712263303,0,-1,1,-1,1,-1,1,single,0.0,0,1000.0,10.0,,10,auto,peak,
0,26,27,5550000000.0,1340000000.0,5550000000.0,1340000000.0,lo+if,spur,2,2,-1,2*LO - 2*IF,8420000000.0,8420000000.0,8420000000.0,0.0,0.0,-79.63929440147625,-59.84942241628261,0,-1,1,-1,1,-1,1,single,0.0,0,1000.0,10.0,,10,auto,peak,
