lo_index,if_index,point_index,lo_set_Hz,if_set_Hz,lo_model_Hz,if_model_Hz,mode,kind,m,n,sign,expression,expected_freq_Hz,expected_corr_freq_Hz,measured_freq_Hz,freq_error_Hz,freq_error_corr_Hz,power_dBm,rel_dBc_vs_desired,noise_limited,cluster_id,cluster_size,analytic_coincidence_id,analytic_coincidence_size,measured_coincidence_id,measured_coincidence_size,measurement_scope,cluster_window_half_width_Hz,cluster_window_fallback,span_Hz,rbw_Hz,vbw_Hz,avg_sweeps,marker_mode_global,marker_mode_effective,error
0,75,76,5550000000.0,2075000000.0,5550000000.0,2075000000.0,lo+if,desired,1,1,1,1*LO + 1*IF,7625000000.0,7625000000.0,7625000000.0,0.0,0.0,-20.778906811469678,0.0,0,-1,1,-1,1,-1,1,single,0.0,0,1000.0,10.0,,10,auto,peak,
0,75,76,5550000000.0,2075000000.0,5550000000.0,2075000000.0,lo+if,LO_leak,1,0,1,1*LO + 0*IF,5550000000.0,5550000000.0,5550000000.0,0.0,0.0,-48.048070379836425,-27.269163568366746,0,-1,1,-1,1,-1,1,single,0.0,0,1000.0,10.0,,10,auto,at-freq,
0,75,76,5550000000.0,2075000000.0,5550000000.0,2075000000.0,lo+if,IF_harmonic,0,3,1,0*LO + 3*IF,6225000000.0,6225000000.0,6225000000.0,0.0,0.0,-103.04293745452264,-82.26403064305296,0,-1,1,-1,1,-1,1,single,0.0,0,1000.0,10.0,,10,auto,peak,
0,75,76,5550000000.0,2075000000.0,5550000000.0,2075000000.0,lo+if,spur,3,5,-1,3*LO - 5*IF,6275000000.0,6275000000.0,6275000097.9,97.89999961853027,97.89999961853027,-136.20634972501568,-115.427442913546,1,-1,1,-1,1,-1,1,single,0.0,0,1000.0,10.0,,10,auto,peak,
0,75,76,5550000000.0,2075000000.0,5550000000.0,2075000000.0,lo+if,spur,2,2,-1,2*LO - 2*IF,6950000000.0,6950000000.0,6950000000.0,0.0,0.0,-78.81545477133542,-58.03654795986574,0,-1,1,-1,1,-1,1,single,0.0,0,1000.0,10.0,,10,auto,peak,
0,75,76,5550000000.0,2075000000.0,5550000000.0,2075000000.0,lo+if,IF_harmonic,0,4,1,0*LO + 4*IF,8300000000.0,8300000000.0,8300000000.0,0.0,0.0,-135.4458196882201,-114.66691287675042,1,-1,1,-1,1,-1,1,single,0.0,0,1000.0,10.0,,10,auto,peak,
0,75,76,5550000000.0,2075000000.0,5550000000.0,2075000000.0,lo+if,spur,3,4,-1,3*LO - 4*IF,8350000000.0,8350000000.0,8349999936.1,-63.89999961853027,-63.89999961853027,-136.10300716048368,-115.324100349014,1,-1,1,-1,1,-1,1,single,0.0,0,1000.0,10.0,,10,auto,peak,
