lo_index,if_index,point_index,lo_set_Hz,if_set_Hz,lo_model_Hz,if_model_Hz,mode,kind,m,n,sign,expression,expected_freq_Hz,expected_corr_freq_Hz,measured_freq_Hz,freq_error_Hz,freq_error_corr_Hz,power_dBm,rel_dBc_vs_desired,noise_limited,cluster_id,cluster_size,analytic_coincidence_id,analytic_coincidence_size,measured_coincidence_id,measured_coincidence_size,measurement_scope,cluster_window_half_width_Hz,cluster_window_fallback,span_Hz,rbw_Hz,vbw_Hz,avg_sweeps,marker_mode_global,marker_mode_effective,error
0,57,58,5550000000.0,1805000000.0,5550000000.0,1805000000.0,lo+if,desired,1,1,1,1*LO + 1*IF,7355000000.0,7355000000.0,7355000000.0,0.0,0.0,-20.120368500064643,0.0,0,-1,1,-1,1,-1,1,single,0.0,0,1000.0,10.0,,10,auto,peak,
0,57,58,5550000000.0,1805000000.0,5550000000.0,1805000000.0,lo+if,IF_harmonic,0,3,1,0*LO + 3*IF,5415000000.0,5415000000.0,5415000000.0,0.0,0.0,-99.48057358086322,-79.36020508079858,0,-1,1,-1,1,-1,1,single,0.0,0,1000.0,10.0,,10,auto,peak,
0,57,58,5550000000.0,1805000000.0,5550000000.0,1805000000.0,lo+if,LO_leak,1,0,1,1*LO + 0*IF,5550000000.0,5550000000.0,5550000000.0,0.0,0.0,-47.7311046542897,-27.61073615422506,0,-1,1,-1,1,-1,1,single,0.0,0,1000.0,10.0,,10,auto,at-freq,
0,57,58,5550000000.0,1805000000.0,5550000000.0,1805000000.0,lo+if,spur,2,3,-1,2*LO - 3*IF,5685000000.0,5685000000.0,5685000000.0,0.0,0.0,-101.64630073145622,-81.52593223139158,0,-1,1,-1,1,-1,1,single,0.0,0,1000.0,10.0,,10,auto,peak,
0,57,58,5550000000.0,1805000000.0,5550000000.0,1805000000.0,lo+if,IF_harmonic,0,4,1,0*LO + 4*IF,7220000000.0,7220000000.0,7220000001.0,1.0,1.0,-137.32210218470954,-117.20173368464489,1,-1,1,-1,1,-1,1,single,0.0,0,1000.0,10.0,,10,auto,peak,
0,57,58,5550000000.0,1805000000.0,5550000000.0,1805000000.0,lo+if,spur,2,2,-1,2*LO - 2*IF,7490000000.0,7490000000.0,7490000000.0,0.0,0.0,-84.67629747842396,-64.55592897835932,0,-1,1,-1,1,-1,1,single,0.0,0,1000.0,10.0,,10,auto,peak,
0,57,58,5550000000.0,1805000000.0,5550000000.0,1805000000.0,lo+if,spur,3,5,-1,3*LO - 5*IF,7625000000.0,7625000000.0,7625000000.0,0.0,0.0,-128.41443345486488,-108.29406495480023,1,-1,1,-1,1,-1,1,single,0.0,0,1000.0,10.0,,10,auto,peak,
