lo_index,if_index,point_index,lo_set_Hz,if_set_Hz,lo_model_Hz,if_model_Hz,mode,kind,m,n,sign,expression,expected_freq_Hz,expected_corr_freq_Hz,measured_freq_Hz,freq_error_Hz,freq_error_corr_Hz,power_dBm,rel_dBc_vs_desired,noise_limited,cluster_id,cluster_size,analytic_coincidence_id,analytic_coincidence_size,measured_coincidence_id,measured_coincidence_size,measurement_scope,cluster_window_half_width_Hz,cluster_window_fallback,span_Hz,rbw_Hz,vbw_Hz,avg_sweeps,marker_mode_global,marker_mode_effective,error
0,1,2,5550000000.0,965000000.0,5550000000.0,965000000.0,lo+if,desired,1,1,1,1*LO + 1*IF,6515000000.0,6515000000.0,6515000000.0,0.0,0.0,-20.48693477708469,0.0,0,-1,1,-1,1,-1,1,single,0.0,0,1000.0,10.0,,10,auto,peak,
0,1,2,5550000000.0,965000000.0,5550000000.0,965000000.0,lo+if,LO_leak,1,0,1,1*LO + 0*IF,5550000000.0,5550000000.0,5550000000.0,0.0,0.0,-48.27055861128309,-27.7836238341984,0,-1,1,-1,1,-1,1,single,0.0,0,1000.0,10.0,,10,auto,at-freq,
0,1,2,5550000000.0,965000000.0,5550000000.0,965000000.0,lo+if,spur,2,5,-1,2*LO - 5*IF,6275000000.0,6275000000.0,6275000115.9,115.89999961853027,115.89999961853027,-139.06847434293414,-118.58153956584945,1,-1,1,-1,1,-1,1,single,0.0,0,1000.0,10.0,,10,auto,peak,
0,1,2,5550000000.0,965000000.0,5550000000.0,965000000.0,lo+if,spur,2,4,-1,2*LO - 4*IF,7240000000.0,7240000000.0,7239999541.5,-458.5,-458.5,-139.41575374206866,-118.92881896498398,1,-1,1,-1,1,-1,1,single,0.0,0,1000.0,10.0,,10,auto,peak,
0,1,2,5550000000.0,965000000.0,5550000000.0,965000000.0,lo+if,spur,1,2,1,1*LO + 2*IF,7480000000.0,7480000000.0,7480000000.0,0.0,0.0,-102.3671152594946,-81.88018048240991,0,-1,1,-1,1,-1,1,single,0.0,0,1000.0,10.0,,10,auto,peak,
0,1,2,5550000000.0,965000000.0,5550000000.0,965000000.0,lo+if,spur,2,3,-1,2*LO - 3*IF,8205000000.0,8205000000.0,8205000000.0,0.0,0.0,-100.41965280395164,-79.93271802686695,0,-1,1,-1,1,-1,1,single,0.0,0,1000.0,10.0,,10,auto,peak,
0,1,2,5550000000.0,965000000.0,5550000000.0,965000000.0,lo+if,spur,1,3,1,1*LO + 3*IF,8445000000.0,8445000000.0,8445000000.0,0.0,0.0,-95.47823285228297,-74.99129807519827,0,-1,1,-1,1,-1,1,single,0.0,0,1000.0,10.0,,10,auto,peak,
