lo_index,if_index,point_index,lo_set_Hz,if_set_Hz,lo_model_Hz,if_model_Hz,mode,kind,m,n,sign,expression,expected_freq_Hz,expected_corr_freq_Hz,measured_freq_Hz,freq_error_Hz,freq_error_corr_Hz,power_dBm,rel_dBc_vs_desired,noise_limited,cluster_id,cluster_size,analytic_coincidence_id,analytic_coincidence_size,measured_coincidence_id,measured_coincidence_size,measurement_scope,cluster_window_half_width_Hz,cluster_window_fallback,span_Hz,rbw_Hz,vbw_Hz,avg_sweeps,marker_mode_global,marker_mode_effective,error
0,27,28,5550000000.0,1355000000.0,5550000000.0,1355000000.0,lo+if,desired,1,1,1,1*LO + 1*IF,6905000000.0,6905000000.0,6905000000.0,0.0,0.0,-19.770035370774806,0.0,0,-1,1,-1,1,-1,1,single,0.0,0,1000.0,10.0,,10,auto,peak,
0,27,28,5550000000.0,1355000000.0,5550000000.0,1355000000.0,lo+if,IF_harmonic,0,4,1,0*LO + 4*IF,5420000000.0,5420000000.0,5420000000.0,0.0,0.0,-128.78656563964296,-109.01653026886815,1,-1,1,-1,1,-1,1,single,0.0,0,1000.0,10.0,,10,auto,peak,
0,27,28,5550000000.0,1355000000.0,5550000000.0,1355000000.0,lo+if,LO_leak,1,0,1,1*LO + 0*IF,5550000000.0,5550000000.0,5550000000.0,0.0,0.0,-47.595487843111755,-27.82545247233695,0,-1,1,-1,1,-1,1,single,0.0,0,1000.0,10.0,,10,auto,at-freq,
0,27,28,5550000000.0,1355000000.0,5550000000.0,1355000000.0,lo+if,spur,2,4,-1,2*LO - 4*IF,5680000000.0,5680000000.0,5680000000.0,0.0,0.0,-132.9692782063574,-113.19924283558258,1,-1,1,-1,1,-1,1,single,0.0,0,1000.0,10.0,,10,auto,peak,
0,27,28,5550000000.0,1355000000.0,5550000000.0,1355000000.0,lo+if,IF_harmonic,0,5,1,0*LO + 5*IF,6775000000.0,6775000000.0,6775000180.8,180.80000019073486,180.80000019073486,-138.81643192955232,-119.04639655877752,1,-1,1,-1,1,-1,1,single,0.0,0,1000.0,10.0,,10,auto,peak,
0,27,28,5550000000.0,1355000000.0,5550000000.0,1355000000.0,lo+if,spur,2,3,-1,2*LO - 3*IF,7035000000.0,7035000000.0,7035000000.0,0.0,0.0,-101.02477510485605,-81.25473973408124,0,-1,1,-1,1,-1,1,single,0.0,0,1000.0,10.0,,10,auto,peak,
0,27,28,5550000000.0,1355000000.0,5550000000.0,1355000000.0,lo+if,spur,1,2,1,1*LO + 2*IF,8260000000.0,8260000000.0,8260000000.0,0.0,0.0,-88.21163207704654,-68.44159670627174,0,-1,1,-1,1,-1,1,single,0.0,0,1000.0,10.0,,10,auto,peak,
0,27,28,5550000000.0,1355000000.0,5550000000.0,1355000000.0,lo+if,spur,2,2,-1,2*LO - 2*IF,8390000000.0,8390000000.0,8390000000.0,0.0,0.0,-81.28874757729324,-61.51871220651843,0,-1,1,-1,1,-1,1,single,0.0,0,1000.0,10.0,,10,auto,peak,
