lo_index,if_index,point_index,lo_set_Hz,if_set_Hz,lo_model_Hz,if_model_Hz,mode,kind,m,n,sign,expression,expected_freq_Hz,expected_corr_freq_Hz,measured_freq_Hz,freq_error_Hz,freq_error_corr_Hz,power_dBm,rel_dBc_vs_desired,noise_limited,cluster_id,cluster_size,analytic_coincidence_id,analytic_coincidence_size,measured_coincidence_id,measured_coincidence_size,measurement_scope,cluster_window_half_width_Hz,cluster_window_fallback,span_Hz,rbw_Hz,vbw_Hz,avg_sweeps,marker_mode_global,marker_mode_effective,error
0,39,40,5550000000.0,1535000000.0,5550000000.0,1535000000.0,lo+if,desired,1,1,1,1*LO + 1*IF,7085000000.0,7085000000.0,7085000000.0,0.0,0.0,-19.840425465987128,0.0,0,-1,1,-1,1,-1,1,single,0.0,0,1000.0,10.0,,10,auto,peak,
0,39,40,5550000000.0,1535000000.0,5550000000.0,1535000000.0,lo+if,LO_leak,1,0,1,1*LO + 0*IF,5550000000.0,5550000000.0,5550000000.0,0.0,0.0,-47.67535164703083,-27.834926181043702,0,-1,1,-1,1,-1,1,single,0.0,0,1000.0,10.0,,10,auto,at-freq,
0,39,40,5550000000.0,1535000000.0,5550000000.0,1535000000.0,lo+if,IF_harmonic,0,4,1,0*LO + 4*IF,6140000000.0,6140000000.0,6139999999.0,-1.0,-1.0,-134.33589662062118,-114.49547115463406,1,-1,1,-1,1,-1,1,single,0.0,0,1000.0,10.0,,10,auto,peak,
0,39,40,5550000000.0,1535000000.0,5550000000.0,1535000000.0,lo+if,spur,2,3,-1,2*LO - 3*IF,6495000000.0,6495000000.0,6495000000.0,0.0,0.0,-103.95914710902808,-84.11872164304096,0,-1,1,-1,1,-1,1,single,0.0,0,1000.0,10.0,,10,auto,peak,
0,39,40,5550000000.0,1535000000.0,5550000000.0,1535000000.0,lo+if,IF_harmonic,0,5,1,0*LO + 5*IF,7675000000.0,7675000000.0,7675000265.7,265.69999980926514,265.69999980926514,-138.36772062608946,-118.52729516010234,1,-1,1,-1,1,-1,1,single,0.0,0,1000.0,10.0,,10,auto,peak,
0,39,40,5550000000.0,1535000000.0,5550000000.0,1535000000.0,lo+if,spur,2,2,-1,2*LO - 2*IF,8030000000.0,8030000000.0,8030000000.0,0.0,0.0,-82.69984275766501,-62.859417291677886,0,-1,1,-1,1,-1,1,single,0.0,0,1000.0,10.0,,10,auto,peak,
0,39,40,5550000000.0,1535000000.0,5550000000.0,1535000000.0,lo+if,spur,1,2,1,1*LO + 2*IF,8620000000.0,8620000000.0,8620000000.0,0.0,0.0,-86.57169948114688,-66.73127401515976,0,-1,1,-1,1,-1,1,single,0.0,0,1000.0,10.0,,10,auto,peak,
0,39,40,5550000000.0,1535000000.0,5550000000.0,1535000000.0,lo+if,spur,3,5,-1,3*LO - 5*IF,8975000000.0,8975000000.0,8974999716.3,-283.70000076293945,-283.70000076293945,-135.89051883568283,-116.0500933696957,1,-1,1,-1,1,-1,1,single,0.0,0,1000.0,10.0,,10,auto,peak,
