lo_index,if_index,point_index,lo_set_Hz,if_set_Hz,lo_model_Hz,if_model_Hz,mode,kind,m,n,sign,expression,expected_freq_Hz,expected_corr_freq_Hz,measured_freq_Hz,freq_error_Hz,freq_error_corr_Hz,power_dBm,rel_dBc_vs_desired,noise_limited,cluster_id,cluster_size,analytic_coincidence_id,analytic_coincidence_size,measured_coincidence_id,measured_coincidence_size,measurement_scope,cluster_window_half_width_Hz,cluster_window_fallback,span_Hz,rbw_Hz,vbw_Hz,avg_sweeps,marker_mode_global,marker_mode_effective,error
0,61,62,22000000000.0,7415000000.0,22000000000.0,7415000000.0,lo+if,desired,1,1,1,1*LO + 1*IF,29415000000.0,29415000000.0,29415000000.0,0.0,0.0,-26.356582993304475,0.0,0,-1,1,-1,1,-1,1,single,0.0,0,1000.0,10.0,,10,auto,peak,
0,61,62,22000000000.0,7415000000.0,22000000000.0,7415000000.0,lo+if,spur,3,5,-1,3*LO - 5*IF,28925000000.0,28925000000.0,28924999567.4,-432.5999984741211,-432.5999984741211,-132.4069547606526,-106.05037176734814,1,-1,1,-1,1,-1,1,single,0.0,0,1000.0,10.0,,10,auto,peak,
0,61,62,22000000000.0,7415000000.0,22000000000.0,7415000000.0,lo+if,spur,2,2,-1,2*LO - 2*IF,29170000000.0,29170000000.0,29170000000.0,0.0,0.0,-90.01213775127329,-63.655554757968815,0,-1,1,-1,1,-1,1,single,0.0,0,1000.0,10.0,,10,auto,peak,
0,61,62,22000000000.0,7415000000.0,22000000000.0,7415000000.0,lo+if,IF_harmonic,0,4,1,0*LO + 4*IF,29660000000.0,29660000000.0,29660000276.7,276.70000076293945,276.70000076293945,-131.1125877920338,-104.75600479872932,1,-1,1,-1,1,-1,1,single,0.0,0,1000.0,10.0,,10,auto,peak,
