lo_index,if_index,point_index,lo_set_Hz,if_set_Hz,lo_model_Hz,if_model_Hz,mode,kind,m,n,sign,expression,expected_freq_Hz,expected_corr_freq_Hz,measured_freq_Hz,freq_error_Hz,freq_error_corr_Hz,power_dBm,rel_dBc_vs_desired,noise_limited,cluster_id,cluster_size,analytic_coincidence_id,analytic_coincidence_size,measured_coincidence_id,measured_coincidence_size,measurement_scope,cluster_window_half_width_Hz,cluster_window_fallback,span_Hz,rbw_Hz,vbw_Hz,avg_sweeps,marker_mode_global,marker_mode_effective,error
0,12,13,22000000000.0,6680000000.0,22000000000.0,6680000000.0,lo+if,desired,1,1,1,1*LO + 1*IF,28680000000.0,28680000000.0,28680000000.0,0.0,0.0,-26.243533670254994,0.0,0,-1,1,-1,1,-1,1,single,0.0,0,1000.0,10.0,,10,auto,peak,
0,12,13,22000000000.0,6680000000.0,22000000000.0,6680000000.0,lo+if,IF_harmonic,0,4,1,0*LO + 4*IF,26720000000.0,26720000000.0,26720000000.0,0.0,0.0,-124.75559615742766,-98.51206248717267,1,-1,1,-1,1,-1,1,single,0.0,0,1000.0,10.0,,10,auto,peak,
0,12,13,22000000000.0,6680000000.0,22000000000.0,6680000000.0,lo+if,spur,2,2,-1,2*LO - 2*IF,30640000000.0,30640000000.0,30640000000.0,0.0,0.0,-90.45581083609414,-64.21227716583915,0,-1,1,-1,1,-1,1,single,0.0,0,1000.0,10.0,,10,auto,peak,
0,12,13,22000000000.0,6680000000.0,22000000000.0,6680000000.0,lo+if,spur,3,5,-1,3*LO - 5*IF,32600000000.0,32600000000.0,32599999943.1,-56.900001525878906,-56.900001525878906,-132.27439978125722,-106.03086611100223,1,-1,1,-1,1,-1,1,single,0.0,0,1000.0,10.0,,10,auto,peak,
0,12,13,22000000000.0,6680000000.0,22000000000.0,6680000000.0,lo+if,IF_harmonic,0,5,1,0*LO + 5*IF,33400000000.0,33400000000.0,33399999521.5,-478.5,-478.5,-130.85936900477017,-104.61583533451518,1,-1,1,-1,1,-1,1,single,0.0,0,1000.0,10.0,,10,auto,peak,
