lo_index,if_index,point_index,lo_set_Hz,if_set_Hz,lo_model_Hz,if_model_Hz,mode,kind,m,n,sign,expression,expected_freq_Hz,expected_corr_freq_Hz,measured_freq_Hz,freq_error_Hz,freq_error_corr_Hz,power_dBm,rel_dBc_vs_desired,noise_limited,cluster_id,cluster_size,analytic_coincidence_id,analytic_coincidence_size,measured_coincidence_id,measured_coincidence_size,measurement_scope,cluster_window_half_width_Hz,cluster_window_fallback,span_Hz,rbw_Hz,vbw_Hz,avg_sweeps,marker_mode_global,marker_mode_effective,error
0,34,35,22000000000.0,7010000000.0,22000000000.0,7010000000.0,lo+if,desired,1,1,1,1*LO + 1*IF,29010000000.0,29010000000.0,29010000000.0,0.0,0.0,-25.5956155592109,0.0,0,-1,1,-1,1,-1,1,single,0.0,0,1000.0,10.0,,10,auto,peak,
0,34,35,22000000000.0,7010000000.0,22000000000.0,7010000000.0,lo+if,IF_harmonic,0,4,1,0*LO + 4*IF,28040000000.0,28040000000.0,28040000000.0,0.0,0.0,-110.4358396602926,-84.8402241010817,0,-1,1,-1,1,-1,1,single,0.0,0,1000.0,10.0,,10,auto,peak,
0,34,35,22000000000.0,7010000000.0,22000000000.0,7010000000.0,lo+if,spur,2,2,-1,2*LO - 2*IF,29980000000.0,29980000000.0,29980000000.0,0.0,0.0,-89.36085085458268,-63.76523529537178,0,-1,1,-1,1,-1,1,single,0.0,0,1000.0,10.0,,10,auto,peak,
0,34,35,22000000000.0,7010000000.0,22000000000.0,7010000000.0,lo+if,spur,3,5,-1,3*LO - 5*IF,30950000000.0,30950000000.0,30949999622.4,-377.5999984741211,-377.5999984741211,-131.11978237036323,-105.52416681115233,1,-1,1,-1,1,-1,1,single,0.0,0,1000.0,10.0,,10,auto,peak,
