lo_index,if_index,point_index,lo_set_Hz,if_set_Hz,lo_model_Hz,if_model_Hz,mode,kind,m,n,sign,expression,expected_freq_Hz,expected_corr_freq_Hz,measured_freq_Hz,freq_error_Hz,freq_error_corr_Hz,power_dBm,rel_dBc_vs_desired,noise_limited,cluster_id,cluster_size,analytic_coincidence_id,analytic_coincidence_size,measured_coincidence_id,measured_coincidence_size,measurement_scope,cluster_window_half_width_Hz,cluster_window_fallback,span_Hz,rbw_Hz,vbw_Hz,avg_sweeps,marker_mode_global,marker_mode_effective,error
0,93,94,22000000000.0,7895000000.0,22000000000.0,7895000000.0,lo+if,desired,1,1,1,1*LO + 1*IF,29895000000.0,29895000000.0,29895000000.0,0.0,0.0,-25.65514401304852,0.0,0,-1,1,-1,1,-1,1,single,0.0,0,1000.0,10.0,,10,auto,peak,
0,93,94,22000000000.0,7895000000.0,22000000000.0,7895000000.0,lo+if,spur,3,5,-1,3*LO - 5*IF,26525000000.0,26525000000.0,26525000367.6,367.5999984741211,367.5999984741211,-130.7211099557985,-105.06596594274998,1,-1,1,-1,1,-1,1,single,0.0,0,1000.0,10.0,,10,auto,peak,
0,93,94,22000000000.0,7895000000.0,22000000000.0,7895000000.0,lo+if,spur,2,2,-1,2*LO - 2*IF,28210000000.0,28210000000.0,28210000000.0,0.0,0.0,-90.7786282037825,-65.12348419073399,0,-1,1,-1,1,-1,1,single,0.0,0,1000.0,10.0,,10,auto,peak,
0,93,94,22000000000.0,7895000000.0,22000000000.0,7895000000.0,lo+if,IF_harmonic,0,4,1,0*LO + 4*IF,31580000000.0,31580000000.0,31579999845.2,-154.79999923706055,-154.79999923706055,-130.6401862691322,-104.98504225608366,1,-1,1,-1,1,-1,1,single,0.0,0,1000.0,10.0,,10,auto,peak,
0,93,94,22000000000.0,7895000000.0,22000000000.0,7895000000.0,lo+if,spur,3,4,-1,3*LO - 4*IF,34420000000.0,34420000000.0,34420000290.7,290.6999969482422,290.6999969482422,-130.10075916517098,-104.44561515212246,1,-1,1,-1,1,-1,1,single,0.0,0,1000.0,10.0,,10,auto,peak,
