lo_index,if_index,point_index,lo_set_Hz,if_set_Hz,lo_model_Hz,if_model_Hz,mode,kind,m,n,sign,expression,expected_freq_Hz,expected_corr_freq_Hz,measured_freq_Hz,freq_error_Hz,freq_error_corr_Hz,power_dBm,rel_dBc_vs_desired,noise_limited,cluster_id,cluster_size,analytic_coincidence_id,analytic_coincidence_size,measured_coincidence_id,measured_coincidence_size,measurement_scope,cluster_window_half_width_Hz,cluster_window_fallback,span_Hz,rbw_Hz,vbw_Hz,avg_sweeps,marker_mode_global,marker_mode_effective,error
0,66,67,22000000000.0,7490000000.0,22000000000.0,7490000000.0,lo+if,desired,1,1,1,1*LO + 1*IF,29490000000.0,29490000000.0,29490000000.0,0.0,0.0,-25.133591836014464,0.0,0,-1,1,-1,1,-1,1,single,0.0,0,1000.0,10.0,,10,auto,peak,
0,66,67,22000000000.0,7490000000.0,22000000000.0,7490000000.0,lo+if,spur,3,5,-1,3*LO - 5*IF,28550000000.0,28550000000.0,28550000011.0,11.0,11.0,-131.92232043015716,-106.7887285941427,1,-1,1,-1,1,-1,1,single,0.0,0,1000.0,10.0,,10,auto,peak,
0,66,67,22000000000.0,7490000000.0,22000000000.0,7490000000.0,lo+if,spur,2,2,-1,2*LO - 2*IF,29020000000.0,29020000000.0,29020000000.0,0.0,0.0,-87.55213571160077,-62.41854387558631,0,-1,1,-1,1,-1,1,single,0.0,0,1000.0,10.0,,10,auto,peak,
0,66,67,22000000000.0,7490000000.0,22000000000.0,7490000000.0,lo+if,IF_harmonic,0,4,1,0*LO + 4*IF,29960000000.0,29960000000.0,29960000349.7,349.70000076293945,349.70000076293945,-133.2365200668521,-108.10292823083765,1,-1,1,-1,1,-1,1,single,0.0,0,1000.0,10.0,,10,auto,peak,
