lo_index,if_index,point_index,lo_set_Hz,if_set_Hz,lo_model_Hz,if_model_Hz,mode,kind,m,n,sign,expression,expected_freq_Hz,expected_corr_freq_Hz,measured_freq_Hz,freq_error_Hz,freq_error_corr_Hz,power_dBm,rel_dBc_vs_desired,noise_limited,cluster_id,cluster_size,analytic_coincidence_id,analytic_coincidence_size,measured_coincidence_id,measured_coincidence_size,measurement_scope,cluster_window_half_width_Hz,cluster_window_fallback,span_Hz,rbw_Hz,vbw_Hz,avg_sweeps,marker_mode_global,marker_mode_effective,error
0,85,86,22000000000.0,7775000000.0,22000000000.0,7775000000.0,lo+if,desired,1,1,1,1*LO + 1*IF,29775000000.0,29775000000.0,29775000000.0,0.0,0.0,-25.512243547856315,0.0,0,-1,1,-1,1,-1,1,single,0.0,0,1000.0,10.0,,10,auto,peak,
0,85,86,22000000000.0,7775000000.0,22000000000.0,7775000000.0,lo+if,spur,3,5,-1,3*LO - 5*IF,27125000000.0,27125000000.0,27124999770.2,-229.79999923706055,-229.79999923706055,-131.4496681111215,-105.93742456326518,1,-1,1,-1,1,-1,1,single,0.0,0,1000.0,10.0,,10,auto,peak,
0,85,86,22000000000.0,7775000000.0,22000000000.0,7775000000.0,lo+if,spur,2,2,-1,2*LO - 2*IF,28450000000.0,28450000000.0,28450000000.0,0.0,0.0,-92.60320539607699,-67.09096184822067,0,-1,1,-1,1,-1,1,single,0.0,0,1000.0,10.0,,10,auto,peak,
0,85,86,22000000000.0,7775000000.0,22000000000.0,7775000000.0,lo+if,IF_harmonic,0,4,1,0*LO + 4*IF,31100000000.0,31100000000.0,31099999719.3,-280.70000076293945,-280.70000076293945,-132.18277053772493,-106.67052698986862,1,-1,1,-1,1,-1,1,single,0.0,0,1000.0,10.0,,10,auto,peak,
0,85,86,22000000000.0,7775000000.0,22000000000.0,7775000000.0,lo+if,spur,3,4,-1,3*LO - 4*IF,34900000000.0,34900000000.0,34900000171.8,171.8000030517578,171.8000030517578,-129.28486534358748,-103.77262179573117,1,-1,1,-1,1,-1,1,single,0.0,0,1000.0,10.0,,10,auto,peak,
