lo_index,if_index,point_index,lo_set_Hz,if_set_Hz,lo_model_Hz,if_model_Hz,mode,kind,m,n,sign,expression,expected_freq_Hz,expected_corr_freq_Hz,measured_freq_Hz,freq_error_Hz,freq_error_corr_Hz,power_dBm,rel_dBc_vs_desired,noise_limited,cluster_id,cluster_size,analytic_coincidence_id,analytic_coincidence_size,measured_coincidence_id,measured_coincidence_size,measurement_scope,cluster_window_half_width_Hz,cluster_window_fallback,span_Hz,rbw_Hz,vbw_Hz,avg_sweeps,marker_mode_global,marker_mode_effective,error
0,84,85,22000000000.0,7760000000.0,22000000000.0,7760000000.0,lo+if,desired,1,1,1,1*LO + 1*IF,29760000000.0,29760000000.0,29760000000.0,0.0,0.0,-25.604702308298556,0.0,0,-1,1,-1,1,-1,1,single,0.0,0,1000.0,10.0,,10,auto,peak,
0,84,85,22000000000.0,7760000000.0,22000000000.0,7760000000.0,lo+if,spur,3,5,-1,3*LO - 5*IF,27200000000.0,27200000000.0,27199999547.5,-452.5,-452.5,-132.02620071586318,-106.42149840756463,1,-1,1,-1,1,-1,1,single,0.0,0,1000.0,10.0,,10,auto,peak,
0,84,85,22000000000.0,7760000000.0,22000000000.0,7760000000.0,lo+if,spur,2,2,-1,2*LO - 2*IF,28480000000.0,28480000000.0,28480000000.0,0.0,0.0,-92.29340136408612,-66.68869905578757,0,-1,1,-1,1,-1,1,single,0.0,0,1000.0,10.0,,10,auto,peak,
0,84,85,22000000000.0,7760000000.0,22000000000.0,7760000000.0,lo+if,IF_harmonic,0,4,1,0*LO + 4*IF,31040000000.0,31040000000.0,31040000414.6,414.5999984741211,414.5999984741211,-131.31494636896144,-105.71024406066289,1,-1,1,-1,1,-1,1,single,0.0,0,1000.0,10.0,,10,auto,peak,
0,84,85,22000000000.0,7760000000.0,22000000000.0,7760000000.0,lo+if,spur,3,4,-1,3*LO - 4*IF,34960000000.0,34960000000.0,34959999844.2,-155.8000030517578,-155.8000030517578,-129.45106742106825,-103.84636511276969,1,-1,1,-1,1,-1,1,single,0.0,0,1000.0,10.0,,10,auto,peak,
