lo_index,if_index,point_index,lo_set_Hz,if_set_Hz,lo_model_Hz,if_model_Hz,mode,kind,m,n,sign,expression,expected_freq_Hz,expected_corr_freq_Hz,measured_freq_Hz,freq_error_Hz,freq_error_corr_Hz,power_dBm,rel_dBc_vs_desired,noise_limited,cluster_id,cluster_size,analytic_coincidence_id,analytic_coincidence_size,measured_coincidence_id,measured_coincidence_size,measurement_scope,cluster_window_half_width_Hz,cluster_window_fallback,span_Hz,rbw_Hz,vbw_Hz,avg_sweeps,marker_mode_global,marker_mode_effective,error
0,3,4,22000000000.0,6545000000.0,22000000000.0,6545000000.0,lo+if,desired,1,1,1,1*LO + 1*IF,28545000000.0,28545000000.0,28545000000.0,0.0,0.0,-26.684160000435,0.0,0,-1,1,-1,1,-1,1,single,0.0,0,1000.0,10.0,,10,auto,peak,
0,3,4,22000000000.0,6545000000.0,22000000000.0,6545000000.0,lo+if,IF_harmonic,0,4,1,0*LO + 4*IF,26180000000.0,26180000000.0,26180000000.0,0.0,0.0,-120.87478220043472,-94.19062219999972,1,-1,1,-1,1,-1,1,single,0.0,0,1000.0,10.0,,10,auto,peak,
0,3,4,22000000000.0,6545000000.0,22000000000.0,6545000000.0,lo+if,spur,2,2,-1,2*LO - 2*IF,30910000000.0,30910000000.0,30910000000.0,0.0,0.0,-90.78772209482034,-64.10356209438534,0,-1,1,-1,1,-1,1,single,0.0,0,1000.0,10.0,,10,auto,peak,
0,3,4,22000000000.0,6545000000.0,22000000000.0,6545000000.0,lo+if,IF_harmonic,0,5,1,0*LO + 5*IF,32725000000.0,32725000000.0,32725000190.8,190.79999923706055,190.79999923706055,-131.84497010661443,-105.16081010617943,1,-1,1,-1,1,-1,1,single,0.0,0,1000.0,10.0,,10,auto,peak,
0,3,4,22000000000.0,6545000000.0,22000000000.0,6545000000.0,lo+if,spur,3,5,-1,3*LO - 5*IF,33275000000.0,33275000000.0,33274999501.5,-498.5,-498.5,-131.17516868447032,-104.49100868403532,1,-1,1,-1,1,-1,1,single,0.0,0,1000.0,10.0,,10,auto,peak,
