lo_index,if_index,point_index,lo_set_Hz,if_set_Hz,lo_model_Hz,if_model_Hz,mode,kind,m,n,sign,expression,expected_freq_Hz,expected_corr_freq_Hz,measured_freq_Hz,freq_error_Hz,freq_error_corr_Hz,power_dBm,rel_dBc_vs_desired,noise_limited,cluster_id,cluster_size,analytic_coincidence_id,analytic_coincidence_size,measured_coincidence_id,measured_coincidence_size,measurement_scope,cluster_window_half_width_Hz,cluster_window_fallback,span_Hz,rbw_Hz,vbw_Hz,avg_sweeps,marker_mode_global,marker_mode_effective,error
0,13,14,22000000000.0,6695000000.0,22000000000.0,6695000000.0,lo+if,desired,1,1,1,1*LO + 1*IF,28695000000.0,28695000000.0,28695000000.0,0.0,0.0,-26.39185562511608,0.0,0,-1,1,-1,1,-1,1,single,0.0,0,1000.0,10.0,,10,auto,peak,
0,13,14,22000000000.0,6695000000.0,22000000000.0,6695000000.0,lo+if,IF_harmonic,0,4,1,0*LO + 4*IF,26780000000.0,26780000000.0,26780000001.0,1.0,1.0,-124.62023875323405,-98.22838312811797,1,-1,1,-1,1,-1,1,single,0.0,0,1000.0,10.0,,10,auto,peak,
0,13,14,22000000000.0,6695000000.0,22000000000.0,6695000000.0,lo+if,spur,2,2,-1,2*LO - 2*IF,30610000000.0,30610000000.0,30610000000.0,0.0,0.0,-90.02478435973997,-63.63292873462389,0,-1,1,-1,1,-1,1,single,0.0,0,1000.0,10.0,,10,auto,peak,
0,13,14,22000000000.0,6695000000.0,22000000000.0,6695000000.0,lo+if,spur,3,5,-1,3*LO - 5*IF,32525000000.0,32525000000.0,32524999864.1,-135.9000015258789,-135.9000015258789,-132.01103721047647,-105.6191815853604,1,-1,1,-1,1,-1,1,single,0.0,0,1000.0,10.0,,10,auto,peak,
0,13,14,22000000000.0,6695000000.0,22000000000.0,6695000000.0,lo+if,IF_harmonic,0,5,1,0*LO + 5*IF,33475000000.0,33475000000.0,33475000080.9,80.9000015258789,80.9000015258789,-131.64868173517067,-105.25682611005459,1,-1,1,-1,1,-1,1,single,0.0,0,1000.0,10.0,,10,auto,peak,
