lo_index,if_index,point_index,lo_set_Hz,if_set_Hz,lo_model_Hz,if_model_Hz,mode,kind,m,n,sign,expression,expected_freq_Hz,expected_corr_freq_Hz,measured_freq_Hz,freq_error_Hz,freq_error_corr_Hz,power_dBm,rel_dBc_vs_desired,noise_limited,cluster_id,cluster_size,analytic_coincidence_id,analytic_coincidence_size,measured_coincidence_id,measured_coincidence_size,measurement_scope,cluster_window_half_width_Hz,cluster_window_fallback,span_Hz,rbw_Hz,vbw_Hz,avg_sweeps,marker_mode_global,marker_mode_effective,error
0,51,52,22000000000.0,7265000000.0,22000000000.0,7265000000.0,lo+if,desired,1,1,1,1*LO + 1*IF,29265000000.0,29265000000.0,29265000000.0,0.0,0.0,-26.176302163646547,0.0,0,-1,1,-1,1,-1,1,single,0.0,0,1000.0,10.0,,10,auto,peak,
0,51,52,22000000000.0,7265000000.0,22000000000.0,7265000000.0,lo+if,IF_harmonic,0,4,1,0*LO + 4*IF,29060000000.0,29060000000.0,29059999663.3,-336.70000076293945,-336.70000076293945,-132.0752172361451,-105.89891507249857,1,-1,1,-1,1,-1,1,single,0.0,0,1000.0,10.0,,10,auto,peak,
0,51,52,22000000000.0,7265000000.0,22000000000.0,7265000000.0,lo+if,spur,2,2,-1,2*LO - 2*IF,29470000000.0,29470000000.0,29470000000.0,0.0,0.0,-89.80723819689148,-63.63093603324493,0,-1,1,-1,1,-1,1,single,0.0,0,1000.0,10.0,,10,auto,peak,
0,51,52,22000000000.0,7265000000.0,22000000000.0,7265000000.0,lo+if,spur,3,5,-1,3*LO - 5*IF,29675000000.0,29675000000.0,29675000490.5,490.5,490.5,-131.9064014447476,-105.73009928110105,1,-1,1,-1,1,-1,1,single,0.0,0,1000.0,10.0,,10,auto,peak,
