lo_index,if_index,point_index,lo_set_Hz,if_set_Hz,lo_model_Hz,if_model_Hz,mode,kind,m,n,sign,expression,expected_freq_Hz,expected_corr_freq_Hz,measured_freq_Hz,freq_error_Hz,freq_error_corr_Hz,power_dBm,rel_dBc_vs_desired,noise_limited,cluster_id,cluster_size,analytic_coincidence_id,analytic_coincidence_size,measured_coincidence_id,measured_coincidence_size,measurement_scope,cluster_window_half_width_Hz,cluster_window_fallback,span_Hz,rbw_Hz,vbw_Hz,avg_sweeps,marker_mode_global,marker_mode_effective,error
0,94,95,22000000000.0,7910000000.0,22000000000.0,7910000000.0,lo+if,desired,1,1,1,1*LO + 1*IF,29910000000.0,29910000000.0,29910000000.0,0.0,0.0,-25.476251964004227,0.0,0,-1,1,-1,1,-1,1,single,0.0,0,1000.0,10.0,,10,auto,peak,
0,94,95,22000000000.0,7910000000.0,22000000000.0,7910000000.0,lo+if,spur,3,5,-1,3*LO - 5*IF,26450000000.0,26450000000.0,26449999841.2,-158.79999923706055,-158.79999923706055,-129.66584775858036,-104.18959579457612,1,-1,1,-1,1,-1,1,single,0.0,0,1000.0,10.0,,10,auto,peak,
0,94,95,22000000000.0,7910000000.0,22000000000.0,7910000000.0,lo+if,spur,2,2,-1,2*LO - 2*IF,28180000000.0,28180000000.0,28180000000.0,0.0,0.0,-89.15773461687996,-63.68148265287574,0,-1,1,-1,1,-1,1,single,0.0,0,1000.0,10.0,,10,auto,peak,
0,94,95,22000000000.0,7910000000.0,22000000000.0,7910000000.0,lo+if,IF_harmonic,0,4,1,0*LO + 4*IF,31640000000.0,31640000000.0,31640000333.7,333.70000076293945,333.70000076293945,-131.11171703838775,-105.63546507438352,1,-1,1,-1,1,-1,1,single,0.0,0,1000.0,10.0,,10,auto,peak,
0,94,95,22000000000.0,7910000000.0,22000000000.0,7910000000.0,lo+if,spur,3,4,-1,3*LO - 4*IF,34360000000.0,34360000000.0,34359999779.2,-220.8000030517578,-220.8000030517578,-130.44685770746537,-104.97060574346114,1,-1,1,-1,1,-1,1,single,0.0,0,1000.0,10.0,,10,auto,peak,
