lo_index,if_index,point_index,lo_set_Hz,if_set_Hz,lo_model_Hz,if_model_Hz,mode,kind,m,n,sign,expression,expected_freq_Hz,expected_corr_freq_Hz,measured_freq_Hz,freq_error_Hz,freq_error_corr_Hz,power_dBm,rel_dBc_vs_desired,noise_limited,cluster_id,cluster_size,analytic_coincidence_id,analytic_coincidence_size,measured_coincidence_id,measured_coincidence_size,measurement_scope,cluster_window_half_width_Hz,cluster_window_fallback,span_Hz,rbw_Hz,vbw_Hz,avg_sweeps,marker_mode_global,marker_mode_effective,error
0,91,92,22000000000.0,7865000000.0,22000000000.0,7865000000.0,lo+if,desired,1,1,1,1*LO + 1*IF,29865000000.0,29865000000.0,29865000000.0,0.0,0.0,-25.239197133048904,0.0,0,-1,1,-1,1,-1,1,single,0.0,0,1000.0,10.0,,10,auto,peak,
0,91,92,22000000000.0,7865000000.0,22000000000.0,7865000000.0,lo+if,spur,3,5,-1,3*LO - 5*IF,26675000000.0,26675000000.0,26674999913.1,-86.9000015258789,-86.9000015258789,-130.2247560281298,-104.9855588950809,1,-1,1,-1,1,-1,1,single,0.0,0,1000.0,10.0,,10,auto,peak,
0,91,92,22000000000.0,7865000000.0,22000000000.0,7865000000.0,lo+if,spur,2,2,-1,2*LO - 2*IF,28270000000.0,28270000000.0,28270000000.0,0.0,0.0,-89.45791441850048,-64.21871728545158,0,-1,1,-1,1,-1,1,single,0.0,0,1000.0,10.0,,10,auto,peak,
0,91,92,22000000000.0,7865000000.0,22000000000.0,7865000000.0,lo+if,IF_harmonic,0,4,1,0*LO + 4*IF,31460000000.0,31460000000.0,31459999661.3,-338.70000076293945,-338.70000076293945,-131.4283951816123,-106.1891980485634,1,-1,1,-1,1,-1,1,single,0.0,0,1000.0,10.0,,10,auto,peak,
0,91,92,22000000000.0,7865000000.0,22000000000.0,7865000000.0,lo+if,spur,3,4,-1,3*LO - 4*IF,34540000000.0,34540000000.0,34540000091.9,91.9000015258789,91.9000015258789,-128.96954751673667,-103.73035038368776,1,-1,1,-1,1,-1,1,single,0.0,0,1000.0,10.0,,10,auto,peak,
