lo_index,if_index,point_index,lo_set_Hz,if_set_Hz,lo_model_Hz,if_model_Hz,mode,kind,m,n,sign,expression,expected_freq_Hz,expected_corr_freq_Hz,measured_freq_Hz,freq_error_Hz,freq_error_corr_Hz,power_dBm,rel_dBc_vs_desired,noise_limited,cluster_id,cluster_size,analytic_coincidence_id,analytic_coincidence_size,measured_coincidence_id,measured_coincidence_size,measurement_scope,cluster_window_half_width_Hz,cluster_window_fallback,span_Hz,rbw_Hz,vbw_Hz,avg_sweeps,marker_mode_global,marker_mode_effective,error
0,71,72,22000000000.0,7565000000.0,22000000000.0,7565000000.0,lo+if,desired,1,1,1,1*LO + 1*IF,29565000000.0,29565000000.0,29565000000.0,0.0,0.0,-24.997420553114026,0.0,0,-1,1,-1,1,-1,1,single,0.0,0,1000.0,10.0,,10,auto,peak,
0,71,72,22000000000.0,7565000000.0,22000000000.0,7565000000.0,lo+if,spur,3,5,-1,3*LO - 5*IF,28175000000.0,28175000000.0,28174999591.4,-408.5999984741211,-408.5999984741211,-130.61357970441574,-105.61615915130172,1,-1,1,-1,1,-1,1,single,0.0,0,1000.0,10.0,,10,auto,peak,
0,71,72,22000000000.0,7565000000.0,22000000000.0,7565000000.0,lo+if,spur,2,2,-1,2*LO - 2*IF,28870000000.0,28870000000.0,28870000000.0,0.0,0.0,-85.99365181764352,-60.9962312645295,0,-1,1,-1,1,-1,1,single,0.0,0,1000.0,10.0,,10,auto,peak,
0,71,72,22000000000.0,7565000000.0,22000000000.0,7565000000.0,lo+if,IF_harmonic,0,4,1,0*LO + 4*IF,30260000000.0,30260000000.0,30259999616.4,-383.5999984741211,-383.5999984741211,-131.1892970505416,-106.19187649742757,1,-1,1,-1,1,-1,1,single,0.0,0,1000.0,10.0,,10,auto,peak,
