lo_index,if_index,point_index,lo_set_Hz,if_set_Hz,lo_model_Hz,if_model_Hz,mode,kind,m,n,sign,expression,expected_freq_Hz,expected_corr_freq_Hz,measured_freq_Hz,freq_error_Hz,freq_error_corr_Hz,power_dBm,rel_dBc_vs_desired,noise_limited,cluster_id,cluster_size,analytic_coincidence_id,analytic_coincidence_size,measured_coincidence_id,measured_coincidence_size,measurement_scope,cluster_window_half_width_Hz,cluster_window_fallback,span_Hz,rbw_Hz,vbw_Hz,avg_sweeps,marker_mode_global,marker_mode_effective,error
0,14,15,22000000000.0,6710000000.0,22000000000.0,6710000000.0,lo+if,desired,1,1,1,1*LO + 1*IF,28710000000.0,28710000000.0,28710000000.0,0.0,0.0,-26.467404334577324,0.0,0,-1,1,-1,1,-1,1,single,0.0,0,1000.0,10.0,,10,auto,peak,
0,14,15,22000000000.0,6710000000.0,22000000000.0,6710000000.0,lo+if,IF_harmonic,0,4,1,0*LO + 4*IF,26840000000.0,26840000000.0,26840000000.0,0.0,0.0,-121.66093777420937,-95.19353343963205,1,-1,1,-1,1,-1,1,single,0.0,0,1000.0,10.0,,10,auto,peak,
0,14,15,22000000000.0,6710000000.0,22000000000.0,6710000000.0,lo+if,spur,2,2,-1,2*LO - 2*IF,30580000000.0,30580000000.0,30580000000.0,0.0,0.0,-89.9835536128684,-63.51614927829108,0,-1,1,-1,1,-1,1,single,0.0,0,1000.0,10.0,,10,auto,peak,
0,14,15,22000000000.0,6710000000.0,22000000000.0,6710000000.0,lo+if,spur,3,5,-1,3*LO - 5*IF,32450000000.0,32450000000.0,32449999901.1,-98.9000015258789,-98.9000015258789,-131.95316272991812,-105.4857583953408,1,-1,1,-1,1,-1,1,single,0.0,0,1000.0,10.0,,10,auto,peak,
0,14,15,22000000000.0,6710000000.0,22000000000.0,6710000000.0,lo+if,IF_harmonic,0,5,1,0*LO + 5*IF,33550000000.0,33550000000.0,33549999627.4,-372.5999984741211,-372.5999984741211,-131.71699917222722,-105.2495948376499,1,-1,1,-1,1,-1,1,single,0.0,0,1000.0,10.0,,10,auto,peak,
