lo_index,if_index,point_index,lo_set_Hz,if_set_Hz,lo_model_Hz,if_model_Hz,mode,kind,m,n,sign,expression,expected_freq_Hz,expected_corr_freq_Hz,measured_freq_Hz,freq_error_Hz,freq_error_corr_Hz,power_dBm,rel_dBc_vs_desired,noise_limited,cluster_id,cluster_size,analytic_coincidence_id,analytic_coincidence_size,measured_coincidence_id,measured_coincidence_size,measurement_scope,cluster_window_half_width_Hz,cluster_window_fallback,span_Hz,rbw_Hz,vbw_Hz,avg_sweeps,marker_mode_global,marker_mode_effective,error
0,53,54,22000000000.0,7295000000.0,22000000000.0,7295000000.0,lo+if,desired,1,1,1,1*LO + 1*IF,29295000000.0,29295000000.0,29295000000.0,0.0,0.0,-25.8304720420832,0.0,0,-1,1,-1,1,-1,1,single,0.0,0,1000.0,10.0,,10,auto,peak,
0,53,54,22000000000.0,7295000000.0,22000000000.0,7295000000.0,lo+if,IF_harmonic,0,4,1,0*LO + 4*IF,29180000000.0,29180000000.0,29180000047.0,47.0,47.0,-131.17311371431518,-105.34264167223198,1,-1,1,-1,1,-1,1,single,0.0,0,1000.0,10.0,,10,auto,peak,
0,53,54,22000000000.0,7295000000.0,22000000000.0,7295000000.0,lo+if,spur,2,2,-1,2*LO - 2*IF,29410000000.0,29410000000.0,29410000000.0,0.0,0.0,-88.05007471240599,-62.219602670322786,0,-1,1,-1,1,-1,1,single,0.0,0,1000.0,10.0,,10,auto,peak,
0,53,54,22000000000.0,7295000000.0,22000000000.0,7295000000.0,lo+if,spur,3,5,-1,3*LO - 5*IF,29525000000.0,29525000000.0,29524999781.2,-218.79999923706055,-218.79999923706055,-131.86640373359765,-106.03593169151445,1,-1,1,-1,1,-1,1,single,0.0,0,1000.0,10.0,,10,auto,peak,
