lo_index,if_index,point_index,lo_set_Hz,if_set_Hz,lo_model_Hz,if_model_Hz,mode,kind,m,n,sign,expression,expected_freq_Hz,expected_corr_freq_Hz,measured_freq_Hz,freq_error_Hz,freq_error_corr_Hz,power_dBm,rel_dBc_vs_desired,noise_limited,cluster_id,cluster_size,analytic_coincidence_id,analytic_coincidence_size,measured_coincidence_id,measured_coincidence_size,measurement_scope,cluster_window_half_width_Hz,cluster_window_fallback,span_Hz,rbw_Hz,vbw_Hz,avg_sweeps,marker_mode_global,marker_mode_effective,error
0,90,91,22000000000.0,7850000000.0,22000000000.0,7850000000.0,lo+if,desired,1,1,1,1*LO + 1*IF,29850000000.0,29850000000.0,29850000000.0,0.0,0.0,-25.045193082863975,0.0,0,-1,1,-1,1,-1,1,single,0.0,0,1000.0,10.0,,10,auto,peak,
0,90,91,22000000000.0,7850000000.0,22000000000.0,7850000000.0,lo+if,spur,3,5,-1,3*LO - 5*IF,26750000000.0,26750000000.0,26750000398.6,398.5999984741211,398.5999984741211,-130.63380087878,-105.58860779591602,1,-1,1,-1,1,-1,1,single,0.0,0,1000.0,10.0,,10,auto,peak,
0,90,91,22000000000.0,7850000000.0,22000000000.0,7850000000.0,lo+if,spur,2,2,-1,2*LO - 2*IF,28300000000.0,28300000000.0,28300000000.0,0.0,0.0,-87.5035357590065,-62.45834267614252,0,-1,1,-1,1,-1,1,single,0.0,0,1000.0,10.0,,10,auto,peak,
0,90,91,22000000000.0,7850000000.0,22000000000.0,7850000000.0,lo+if,IF_harmonic,0,4,1,0*LO + 4*IF,31400000000.0,31400000000.0,31399999997.0,-3.0,-3.0,-130.86625247429424,-105.82105939143027,1,-1,1,-1,1,-1,1,single,0.0,0,1000.0,10.0,,10,auto,peak,
0,90,91,22000000000.0,7850000000.0,22000000000.0,7850000000.0,lo+if,spur,3,4,-1,3*LO - 4*IF,34600000000.0,34600000000.0,34599999865.1,-134.9000015258789,-134.9000015258789,-128.82015182802465,-103.77495874516067,1,-1,1,-1,1,-1,1,single,0.0,0,1000.0,10.0,,10,auto,peak,
