lo_index,if_index,point_index,lo_set_Hz,if_set_Hz,lo_model_Hz,if_model_Hz,mode,kind,m,n,sign,expression,expected_freq_Hz,expected_corr_freq_Hz,measured_freq_Hz,freq_error_Hz,freq_error_corr_Hz,power_dBm,rel_dBc_vs_desired,noise_limited,cluster_id,cluster_size,analytic_coincidence_id,analytic_coincidence_size,measured_coincidence_id,measured_coincidence_size,measurement_scope,cluster_window_half_width_Hz,cluster_window_fallback,span_Hz,rbw_Hz,vbw_Hz,avg_sweeps,marker_mode_global,marker_mode_effective,error
0,36,37,22000000000.0,7040000000.0,22000000000.0,7040000000.0,lo+if,desired,1,1,1,1*LO + 1*IF,29040000000.0,29040000000.0,29040000000.0,0.0,0.0,-25.370248344542365,0.0,0,-1,1,-1,1,-1,1,single,0.0,0,1000.0,10.0,,10,auto,peak,
0,36,37,22000000000.0,7040000000.0,22000000000.0,7040000000.0,lo+if,IF_harmonic,0,4,1,0*LO + 4*IF,28160000000.0,28160000000.0,28160000000.0,0.0,0.0,-110.97357832295921,-85.60332997841685,0,-1,1,-1,1,-1,1,single,0.0,0,1000.0,10.0,,10,auto,peak,
0,36,37,22000000000.0,7040000000.0,22000000000.0,7040000000.0,lo+if,spur,2,2,-1,2*LO - 2*IF,29920000000.0,29920000000.0,29920000000.0,0.0,0.0,-88.56671629601871,-63.19646795147635,0,-1,1,-1,1,-1,1,single,0.0,0,1000.0,10.0,,10,auto,peak,
0,36,37,22000000000.0,7040000000.0,22000000000.0,7040000000.0,lo+if,spur,3,5,-1,3*LO - 5*IF,30800000000.0,30800000000.0,30800000305.7,305.70000076293945,305.70000076293945,-131.71113822968888,-106.34088988514652,1,-1,1,-1,1,-1,1,single,0.0,0,1000.0,10.0,,10,auto,peak,
