lo_index,if_index,point_index,lo_set_Hz,if_set_Hz,lo_model_Hz,if_model_Hz,mode,kind,m,n,sign,expression,expected_freq_Hz,expected_corr_freq_Hz,measured_freq_Hz,freq_error_Hz,freq_error_corr_Hz,power_dBm,rel_dBc_vs_desired,noise_limited,cluster_id,cluster_size,analytic_coincidence_id,analytic_coincidence_size,measured_coincidence_id,measured_coincidence_size,measurement_scope,cluster_window_half_width_Hz,cluster_window_fallback,span_Hz,rbw_Hz,vbw_Hz,avg_sweeps,marker_mode_global,marker_mode_effective,error
0,99,100,22000000000.0,7985000000.0,22000000000.0,7985000000.0,lo+if,desired,1,1,1,1*LO + 1*IF,29985000000.0,29985000000.0,29985000000.0,0.0,0.0,-23.925533202116277,0.0,0,-1,1,-1,1,-1,1,single,0.0,0,1000.0,10.0,,10,auto,peak,
0,99,100,22000000000.0,7985000000.0,22000000000.0,7985000000.0,lo+if,spur,3,5,-1,3*LO - 5*IF,26075000000.0,26075000000.0,26075000319.7,319.70000076293945,319.70000076293945,-129.29936290273287,-105.3738297006166,1,-1,1,-1,1,-1,1,single,0.0,0,1000.0,10.0,,10,auto,peak,
0,99,100,22000000000.0,7985000000.0,22000000000.0,7985000000.0,lo+if,spur,2,2,-1,2*LO - 2*IF,28030000000.0,28030000000.0,28030000000.0,0.0,0.0,-86.39210862862932,-62.46657542651304,0,-1,1,-1,1,-1,1,single,0.0,0,1000.0,10.0,,10,auto,peak,
0,99,100,22000000000.0,7985000000.0,22000000000.0,7985000000.0,lo+if,IF_harmonic,0,4,1,0*LO + 4*IF,31940000000.0,31940000000.0,31939999756.2,-243.79999923706055,-243.79999923706055,-131.57395487919928,-107.64842167708301,1,-1,1,-1,1,-1,1,single,0.0,0,1000.0,10.0,,10,auto,peak,
0,99,100,22000000000.0,7985000000.0,22000000000.0,7985000000.0,lo+if,spur,3,4,-1,3*LO - 4*IF,34060000000.0,34060000000.0,34060000230.8,230.79999923706055,230.79999923706055,-130.79829809671696,-106.87276489460069,1,-1,1,-1,1,-1,1,single,0.0,0,1000.0,10.0,,10,auto,peak,
