lo_index,if_index,point_index,lo_set_Hz,if_set_Hz,lo_model_Hz,if_model_Hz,mode,kind,m,n,sign,expression,expected_freq_Hz,expected_corr_freq_Hz,measured_freq_Hz,freq_error_Hz,freq_error_corr_Hz,power_dBm,rel_dBc_vs_desired,noise_limited,cluster_id,cluster_size,analytic_coincidence_id,analytic_coincidence_size,measured_coincidence_id,measured_coincidence_size,measurement_scope,cluster_window_half_width_Hz,cluster_window_fallback,span_Hz,rbw_Hz,vbw_Hz,avg_sweeps,marker_mode_global,marker_mode_effective,error
0,60,61,22000000000.0,7400000000.0,22000000000.0,7400000000.0,lo+if,desired,1,1,1,1*LO + 1*IF,29400000000.0,29400000000.0,29400000000.0,0.0,0.0,-26.49465204630989,0.0,0,-1,1,-1,1,-1,1,single,0.0,0,1000.0,10.0,,10,auto,peak,
0,60,61,22000000000.0,7400000000.0,22000000000.0,7400000000.0,lo+if,spur,3,5,-1,3*LO - 5*IF,29000000000.0,29000000000.0,29000000394.6,394.5999984741211,394.5999984741211,-132.7749075520024,-106.2802555056925,1,-1,1,-1,1,-1,1,single,0.0,0,1000.0,10.0,,10,auto,peak,
0,60,61,22000000000.0,7400000000.0,22000000000.0,7400000000.0,lo+if,spur,2,2,-1,2*LO - 2*IF,29200000000.0,29200000000.0,29200000000.0,0.0,0.0,-92.08281663575903,-65.58816458944914,0,-1,1,-1,1,-1,1,single,0.0,0,1000.0,10.0,,10,auto,peak,
0,60,61,22000000000.0,7400000000.0,22000000000.0,7400000000.0,lo+if,IF_harmonic,0,4,1,0*LO + 4*IF,29600000000.0,29600000000.0,29600000496.5,496.5,496.5,-131.98096853045263,-105.48631648414273,1,-1,1,-1,1,-1,1,single,0.0,0,1000.0,10.0,,10,auto,peak,
