lo_index,if_index,point_index,lo_set_Hz,if_set_Hz,lo_model_Hz,if_model_Hz,mode,kind,m,n,sign,expression,expected_freq_Hz,expected_corr_freq_Hz,measured_freq_Hz,freq_error_Hz,freq_error_corr_Hz,power_dBm,rel_dBc_vs_desired,noise_limited,cluster_id,cluster_size,analytic_coincidence_id,analytic_coincidence_size,measured_coincidence_id,measured_coincidence_size,measurement_scope,cluster_window_half_width_Hz,cluster_window_fallback,span_Hz,rbw_Hz,vbw_Hz,avg_sweeps,marker_mode_global,marker_mode_effective,error
0,72,73,22000000000.0,7580000000.0,22000000000.0,7580000000.0,lo+if,desired,1,1,1,1*LO + 1*IF,29580000000.0,29580000000.0,29580000000.0,0.0,0.0,-25.095133373472507,0.0,0,-1,1,-1,1,-1,1,single,0.0,0,1000.0,10.0,,10,auto,peak,
0,72,73,22000000000.0,7580000000.0,22000000000.0,7580000000.0,lo+if,spur,3,5,-1,3*LO - 5*IF,28100000000.0,28100000000.0,28100000401.6,401.5999984741211,401.5999984741211,-130.893803916109,-105.79867054263649,1,-1,1,-1,1,-1,1,single,0.0,0,1000.0,10.0,,10,auto,peak,
0,72,73,22000000000.0,7580000000.0,22000000000.0,7580000000.0,lo+if,spur,2,2,-1,2*LO - 2*IF,28840000000.0,28840000000.0,28840000000.0,0.0,0.0,-84.97874727068408,-59.883613897211575,0,-1,1,-1,1,-1,1,single,0.0,0,1000.0,10.0,,10,auto,peak,
0,72,73,22000000000.0,7580000000.0,22000000000.0,7580000000.0,lo+if,IF_harmonic,0,4,1,0*LO + 4*IF,30320000000.0,30320000000.0,30319999761.2,-238.79999923706055,-238.79999923706055,-131.12059490999567,-106.02546153652317,1,-1,1,-1,1,-1,1,single,0.0,0,1000.0,10.0,,10,auto,peak,
