lo_index,if_index,point_index,lo_set_Hz,if_set_Hz,lo_model_Hz,if_model_Hz,mode,kind,m,n,sign,expression,expected_freq_Hz,expected_corr_freq_Hz,measured_freq_Hz,freq_error_Hz,freq_error_corr_Hz,power_dBm,rel_dBc_vs_desired,noise_limited,cluster_id,cluster_size,analytic_coincidence_id,analytic_coincidence_size,measured_coincidence_id,measured_coincidence_size,measurement_scope,cluster_window_half_width_Hz,cluster_window_fallback,span_Hz,rbw_Hz,vbw_Hz,avg_sweeps,marker_mode_global,marker_mode_effective,error
0,28,29,22000000000.0,6920000000.0,22000000000.0,6920000000.0,lo+if,desired,1,1,1,1*LO + 1*IF,28920000000.0,28920000000.0,28920000000.0,0.0,0.0,-26.131099787742755,0.0,0,-1,1,-1,1,-1,1,single,0.0,0,1000.0,10.0,,10,auto,peak,
0,28,29,22000000000.0,6920000000.0,22000000000.0,6920000000.0,lo+if,IF_harmonic,0,4,1,0*LO + 4*IF,27680000000.0,27680000000.0,27680000000.0,0.0,0.0,-113.85314446793632,-87.72204468019356,0,-1,1,-1,1,-1,1,single,0.0,0,1000.0,10.0,,10,auto,peak,
0,28,29,22000000000.0,6920000000.0,22000000000.0,6920000000.0,lo+if,spur,2,2,-1,2*LO - 2*IF,30160000000.0,30160000000.0,30160000000.0,0.0,0.0,-90.23347138583297,-64.10237159809022,0,-1,1,-1,1,-1,1,single,0.0,0,1000.0,10.0,,10,auto,peak,
0,28,29,22000000000.0,6920000000.0,22000000000.0,6920000000.0,lo+if,spur,3,5,-1,3*LO - 5*IF,31400000000.0,31400000000.0,31400000396.6,396.5999984741211,396.5999984741211,-131.35850302222113,-105.22740323447837,1,-1,1,-1,1,-1,1,single,0.0,0,1000.0,10.0,,10,auto,peak,
0,28,29,22000000000.0,6920000000.0,22000000000.0,6920000000.0,lo+if,IF_harmonic,0,5,1,0*LO + 5*IF,34600000000.0,34600000000.0,34600000214.8,214.8000030517578,214.8000030517578,-129.4862351659545,-103.35513537821174,1,-1,1,-1,1,-1,1,single,0.0,0,1000.0,10.0,,10,auto,peak,
