lo_index,if_index,point_index,lo_set_Hz,if_set_Hz,lo_model_Hz,if_model_Hz,mode,kind,m,n,sign,expression,expected_freq_Hz,expected_corr_freq_Hz,measured_freq_Hz,freq_error_Hz,freq_error_corr_Hz,power_dBm,rel_dBc_vs_desired,noise_limited,cluster_id,cluster_size,analytic_coincidence_id,analytic_coincidence_size,measured_coincidence_id,measured_coincidence_size,measurement_scope,cluster_window_half_width_Hz,cluster_window_fallback,span_Hz,rbw_Hz,vbw_Hz,avg_sweeps,marker_mode_global,marker_mode_effective,error
0,82,83,22000000000.0,7730000000.0,22000000000.0,7730000000.0,lo+if,desired,1,1,1,1*LO + 1*IF,29730000000.0,29730000000.0,29730000000.0,0.0,0.0,-25.640776020772485,0.0,0,-1,1,-1,1,-1,1,single,0.0,0,1000.0,10.0,,10,auto,peak,
0,82,83,22000000000.0,7730000000.0,22000000000.0,7730000000.0,lo+if,spur,3,5,-1,3*LO - 5*IF,27350000000.0,27350000000.0,27350000335.7,335.70000076293945,335.70000076293945,-132.0392722861874,-106.39849626541493,1,-1,1,-1,1,-1,1,single,0.0,0,1000.0,10.0,,10,auto,peak,
0,82,83,22000000000.0,7730000000.0,22000000000.0,7730000000.0,lo+if,spur,2,2,-1,2*LO - 2*IF,28540000000.0,28540000000.0,28540000000.0,0.0,0.0,-87.99052469068658,-62.3497486699141,0,-1,1,-1,1,-1,1,single,0.0,0,1000.0,10.0,,10,auto,peak,
0,82,83,22000000000.0,7730000000.0,22000000000.0,7730000000.0,lo+if,IF_harmonic,0,4,1,0*LO + 4*IF,30920000000.0,30920000000.0,30920000234.8,234.79999923706055,234.79999923706055,-131.21289307972577,-105.5721170589533,1,-1,1,-1,1,-1,1,single,0.0,0,1000.0,10.0,,10,auto,peak,
