lo_index,if_index,point_index,lo_set_Hz,if_set_Hz,lo_model_Hz,if_model_Hz,mode,kind,m,n,sign,expression,expected_freq_Hz,expected_corr_freq_Hz,measured_freq_Hz,freq_error_Hz,freq_error_corr_Hz,power_dBm,rel_dBc_vs_desired,noise_limited,cluster_id,cluster_size,analytic_coincidence_id,analytic_coincidence_size,measured_coincidence_id,measured_coincidence_size,measurement_scope,cluster_window_half_width_Hz,cluster_window_fallback,span_Hz,rbw_Hz,vbw_Hz,avg_sweeps,marker_mode_global,marker_mode_effective,error
0,4,5,22000000000.0,6560000000.0,22000000000.0,6560000000.0,lo+if,desired,1,1,1,1*LO + 1*IF,28560000000.0,28560000000.0,28560000000.0,0.0,0.0,-26.251772538706817,0.0,0,-1,1,-1,1,-1,1,single,0.0,0,1000.0,10.0,,10,auto,peak,
0,4,5,22000000000.0,6560000000.0,22000000000.0,6560000000.0,lo+if,IF_harmonic,0,4,1,0*LO + 4*IF,26240000000.0,26240000000.0,26240000001.0,1.0,1.0,-119.67207701085354,-93.42030447214673,0,-1,1,-1,1,-1,1,single,0.0,0,1000.0,10.0,,10,auto,peak,
0,4,5,22000000000.0,6560000000.0,22000000000.0,6560000000.0,lo+if,spur,2,2,-1,2*LO - 2*IF,30880000000.0,30880000000.0,30880000000.0,0.0,0.0,-89.10147611204476,-62.84970357333795,0,-1,1,-1,1,-1,1,single,0.0,0,1000.0,10.0,,10,auto,peak,
0,4,5,22000000000.0,6560000000.0,22000000000.0,6560000000.0,lo+if,IF_harmonic,0,5,1,0*LO + 5*IF,32800000000.0,32800000000.0,32800000480.5,480.5,480.5,-131.56976531235674,-105.31799277364992,1,-1,1,-1,1,-1,1,single,0.0,0,1000.0,10.0,,10,auto,peak,
0,4,5,22000000000.0,6560000000.0,22000000000.0,6560000000.0,lo+if,spur,3,5,-1,3*LO - 5*IF,33200000000.0,33200000000.0,33199999810.2,-189.79999923706055,-189.79999923706055,-131.26237860762853,-105.01060606892172,1,-1,1,-1,1,-1,1,single,0.0,0,1000.0,10.0,,10,auto,peak,
