lo_index,if_index,point_index,lo_set_Hz,if_set_Hz,lo_model_Hz,if_model_Hz,mode,kind,m,n,sign,expression,expected_freq_Hz,expected_corr_freq_Hz,measured_freq_Hz,freq_error_Hz,freq_error_corr_Hz,power_dBm,rel_dBc_vs_desired,noise_limited,cluster_id,cluster_size,analytic_coincidence_id,analytic_coincidence_size,measured_coincidence_id,measured_coincidence_size,measurement_scope,cluster_window_half_width_Hz,cluster_window_fallback,span_Hz,rbw_Hz,vbw_Hz,avg_sweeps,marker_mode_global,marker_mode_effective,error
0,20,21,22000000000.0,6800000000.0,22000000000.0,6800000000.0,lo+if,desired,1,1,1,1*LO + 1*IF,28800000000.0,28800000000.0,28800000000.0,0.0,0.0,-26.42555113874095,0.0,0,-1,1,-1,1,-1,1,single,0.0,0,1000.0,10.0,,10,auto,peak,
0,20,21,22000000000.0,6800000000.0,22000000000.0,6800000000.0,lo+if,IF_harmonic,0,4,1,0*LO + 4*IF,27200000000.0,27200000000.0,27200000000.0,0.0,0.0,-107.09114330612381,-80.66559216738287,0,-1,1,-1,1,-1,1,single,0.0,0,1000.0,10.0,,10,auto,peak,
0,20,21,22000000000.0,6800000000.0,22000000000.0,6800000000.0,lo+if,spur,2,2,-1,2*LO - 2*IF,30400000000.0,30400000000.0,30400000000.0,0.0,0.0,-89.586502350946,-63.160951212205056,0,-1,1,-1,1,-1,1,single,0.0,0,1000.0,10.0,,10,auto,peak,
0,20,21,22000000000.0,6800000000.0,22000000000.0,6800000000.0,lo+if,spur,3,5,-1,3*LO - 5*IF,32000000000.0,32000000000.0,31999999646.4,-353.5999984741211,-353.5999984741211,-131.42649868203102,-105.00094754329007,1,-1,1,-1,1,-1,1,single,0.0,0,1000.0,10.0,,10,auto,peak,
0,20,21,22000000000.0,6800000000.0,22000000000.0,6800000000.0,lo+if,IF_harmonic,0,5,1,0*LO + 5*IF,34000000000.0,34000000000.0,33999999686.3,-313.70000076293945,-313.70000076293945,-130.20629127639808,-103.78074013765712,1,-1,1,-1,1,-1,1,single,0.0,0,1000.0,10.0,,10,auto,peak,
