lo_index,if_index,point_index,lo_set_Hz,if_set_Hz,lo_model_Hz,if_model_Hz,mode,kind,m,n,sign,expression,expected_freq_Hz,expected_corr_freq_Hz,measured_freq_Hz,freq_error_Hz,freq_error_corr_Hz,power_dBm,rel_dBc_vs_desired,noise_limited,cluster_id,cluster_size,analytic_coincidence_id,analytic_coincidence_size,measured_coincidence_id,measured_coincidence_size,measurement_scope,cluster_window_half_width_Hz,cluster_window_fallback,span_Hz,rbw_Hz,vbw_Hz,avg_sweeps,marker_mode_global,marker_mode_effective,error
0,54,55,22000000000.0,7310000000.0,22000000000.0,7310000000.0,lo+if,desired,1,1,1,1*LO + 1*IF,29310000000.0,29310000000.0,29310000000.0,0.0,0.0,-25.578293350793665,0.0,0,-1,1,-1,1,-1,1,single,0.0,0,1000.0,10.0,,10,auto,peak,
0,54,55,22000000000.0,7310000000.0,22000000000.0,7310000000.0,lo+if,IF_harmonic,0,4,1,0*LO + 4*IF,29240000000.0,29240000000.0,29240000127.9,127.9000015258789,127.9000015258789,-130.94840130285309,-105.37010795205941,1,-1,1,-1,1,-1,1,single,0.0,0,1000.0,10.0,,10,auto,peak,
0,54,55,22000000000.0,7310000000.0,22000000000.0,7310000000.0,lo+if,spur,2,2,-1,2*LO - 2*IF,29380000000.0,29380000000.0,29380000000.0,0.0,0.0,-87.22567840544556,-61.6473850546519,0,-1,1,-1,1,-1,1,single,0.0,0,1000.0,10.0,,10,auto,peak,
0,54,55,22000000000.0,7310000000.0,22000000000.0,7310000000.0,lo+if,spur,3,5,-1,3*LO - 5*IF,29450000000.0,29450000000.0,29450000463.5,463.5,463.5,-132.36231207560346,-106.78401872480978,1,-1,1,-1,1,-1,1,single,0.0,0,1000.0,10.0,,10,auto,peak,
