lo_index,if_index,point_index,lo_set_Hz,if_set_Hz,lo_model_Hz,if_model_Hz,mode,kind,m,n,sign,expression,expected_freq_Hz,expected_corr_freq_Hz,measured_freq_Hz,freq_error_Hz,freq_error_corr_Hz,power_dBm,rel_dBc_vs_desired,noise_limited,cluster_id,cluster_size,analytic_coincidence_id,analytic_coincidence_size,measured_coincidence_id,measured_coincidence_size,measurement_scope,cluster_window_half_width_Hz,cluster_window_fallback,span_Hz,rbw_Hz,vbw_Hz,avg_sweeps,marker_mode_global,marker_mode_effective,error
0,87,88,22000000000.0,7805000000.0,22000000000.0,7805000000.0,lo+if,desired,1,1,1,1*LO + 1*IF,29805000000.0,29805000000.0,29805000000.0,0.0,0.0,-24.89730729881345,0.0,0,-1,1,-1,1,-1,1,single,0.0,0,1000.0,10.0,,10,auto,peak,
0,87,88,22000000000.0,7805000000.0,22000000000.0,7805000000.0,lo+if,spur,3,5,-1,3*LO - 5*IF,26975000000.0,26975000000.0,26974999909.1,-90.9000015258789,-90.9000015258789,-130.9759892467724,-106.07868194795896,1,-1,1,-1,1,-1,1,single,0.0,0,1000.0,10.0,,10,auto,peak,
0,87,88,22000000000.0,7805000000.0,22000000000.0,7805000000.0,lo+if,spur,2,2,-1,2*LO - 2*IF,28390000000.0,28390000000.0,28390000000.0,0.0,0.0,-87.81086792003143,-62.91356062121798,0,-1,1,-1,1,-1,1,single,0.0,0,1000.0,10.0,,10,auto,peak,
0,87,88,22000000000.0,7805000000.0,22000000000.0,7805000000.0,lo+if,IF_harmonic,0,4,1,0*LO + 4*IF,31220000000.0,31220000000.0,31219999773.2,-226.79999923706055,-226.79999923706055,-131.19274077716747,-106.29543347835403,1,-1,1,-1,1,-1,1,single,0.0,0,1000.0,10.0,,10,auto,peak,
0,87,88,22000000000.0,7805000000.0,22000000000.0,7805000000.0,lo+if,spur,3,4,-1,3*LO - 4*IF,34780000000.0,34780000000.0,34779999923.1,-76.9000015258789,-76.9000015258789,-130.12729103956156,-105.22998374074811,1,-1,1,-1,1,-1,1,single,0.0,0,1000.0,10.0,,10,auto,peak,
