lo_index,if_index,point_index,lo_set_Hz,if_set_Hz,lo_model_Hz,if_model_Hz,mode,kind,m,n,sign,expression,expected_freq_Hz,expected_corr_freq_Hz,measured_freq_Hz,freq_error_Hz,freq_error_corr_Hz,power_dBm,rel_dBc_vs_desired,noise_limited,cluster_id,cluster_size,analytic_coincidence_id,analytic_coincidence_size,measured_coincidence_id,measured_coincidence_size,measurement_scope,cluster_window_half_width_Hz,cluster_window_fallback,span_Hz,rbw_Hz,vbw_Hz,avg_sweeps,marker_mode_global,marker_mode_effective,error
0,43,44,22000000000.0,7145000000.0,22000000000.0,7145000000.0,lo+if,desired,1,1,1,1*LO + 1*IF,29145000000.0,29145000000.0,29145000000.0,0.0,0.0,-25.82206020851594,0.0,0,-1,1,-1,1,-1,1,single,0.0,0,1000.0,10.0,,10,auto,peak,
0,43,44,22000000000.0,7145000000.0,22000000000.0,7145000000.0,lo+if,IF_harmonic,0,4,1,0*LO + 4*IF,28580000000.0,28580000000.0,28579999813.2,-186.79999923706055,-186.79999923706055,-130.35338613853375,-104.53132593001781,1,-1,1,-1,1,-1,1,single,0.0,0,1000.0,10.0,,10,auto,peak,
0,43,44,22000000000.0,7145000000.0,22000000000.0,7145000000.0,lo+if,spur,2,2,-1,2*LO - 2*IF,29710000000.0,29710000000.0,29710000000.0,0.0,0.0,-90.6731388291083,-64.85107862059236,0,-1,1,-1,1,-1,1,single,0.0,0,1000.0,10.0,,10,auto,peak,
0,43,44,22000000000.0,7145000000.0,22000000000.0,7145000000.0,lo+if,spur,3,5,-1,3*LO - 5*IF,30275000000.0,30275000000.0,30275000446.6,446.5999984741211,446.5999984741211,-131.75956889117646,-105.93750868266052,1,-1,1,-1,1,-1,1,single,0.0,0,1000.0,10.0,,10,auto,peak,
