lo_index,if_index,point_index,lo_set_Hz,if_set_Hz,lo_model_Hz,if_model_Hz,mode,kind,m,n,sign,expression,expected_freq_Hz,expected_corr_freq_Hz,measured_freq_Hz,freq_error_Hz,freq_error_corr_Hz,power_dBm,rel_dBc_vs_desired,noise_limited,cluster_id,cluster_size,analytic_coincidence_id,analytic_coincidence_size,measured_coincidence_id,measured_coincidence_size,measurement_scope,cluster_window_half_width_Hz,cluster_window_fallback,span_Hz,rbw_Hz,vbw_Hz,avg_sweeps,marker_mode_global,marker_mode_effective,error
0,46,47,22000000000.0,7190000000.0,22000000000.0,7190000000.0,lo+if,desired,1,1,1,1*LO + 1*IF,29190000000.0,29190000000.0,29190000000.0,0.0,0.0,-26.706713656233,0.0,0,-1,1,-1,1,-1,1,single,0.0,0,1000.0,10.0,,10,auto,peak,
0,46,47,22000000000.0,7190000000.0,22000000000.0,7190000000.0,lo+if,IF_harmonic,0,4,1,0*LO + 4*IF,28760000000.0,28760000000.0,28760000369.6,369.5999984741211,369.5999984741211,-131.6533002755565,-104.94658661932348,1,-1,1,-1,1,-1,1,single,0.0,0,1000.0,10.0,,10,auto,peak,
0,46,47,22000000000.0,7190000000.0,22000000000.0,7190000000.0,lo+if,spur,2,2,-1,2*LO - 2*IF,29620000000.0,29620000000.0,29620000000.0,0.0,0.0,-90.05029112093949,-63.34357746470649,0,-1,1,-1,1,-1,1,single,0.0,0,1000.0,10.0,,10,auto,peak,
0,46,47,22000000000.0,7190000000.0,22000000000.0,7190000000.0,lo+if,spur,3,5,-1,3*LO - 5*IF,30050000000.0,30050000000.0,30049999929.1,-70.9000015258789,-70.9000015258789,-133.20101586901794,-106.49430221278493,1,-1,1,-1,1,-1,1,single,0.0,0,1000.0,10.0,,10,auto,peak,
