lo_index,if_index,point_index,lo_set_Hz,if_set_Hz,lo_model_Hz,if_model_Hz,mode,kind,m,n,sign,expression,expected_freq_Hz,expected_corr_freq_Hz,measured_freq_Hz,freq_error_Hz,freq_error_corr_Hz,power_dBm,rel_dBc_vs_desired,noise_limited,cluster_id,cluster_size,analytic_coincidence_id,analytic_coincidence_size,measured_coincidence_id,measured_coincidence_size,measurement_scope,cluster_window_half_width_Hz,cluster_window_fallback,span_Hz,rbw_Hz,vbw_Hz,avg_sweeps,marker_mode_global,marker_mode_effective,error
0,41,42,22000000000.0,7115000000.0,22000000000.0,7115000000.0,lo+if,desired,1,1,1,1*LO + 1*IF,29115000000.0,29115000000.0,29115000000.0,0.0,0.0,-25.028265536331375,0.0,0,-1,1,-1,1,-1,1,single,0.0,0,1000.0,10.0,,10,auto,peak,
0,41,42,22000000000.0,7115000000.0,22000000000.0,7115000000.0,lo+if,IF_harmonic,0,4,1,0*LO + 4*IF,28460000000.0,28460000000.0,28459999997.0,-3.0,-3.0,-129.562663258956,-104.53439772262463,1,-1,1,-1,1,-1,1,single,0.0,0,1000.0,10.0,,10,auto,peak,
0,41,42,22000000000.0,7115000000.0,22000000000.0,7115000000.0,lo+if,spur,2,2,-1,2*LO - 2*IF,29770000000.0,29770000000.0,29770000000.0,0.0,0.0,-86.61126397429581,-61.582998437964434,0,-1,1,-1,1,-1,1,single,0.0,0,1000.0,10.0,,10,auto,peak,
0,41,42,22000000000.0,7115000000.0,22000000000.0,7115000000.0,lo+if,spur,3,5,-1,3*LO - 5*IF,30425000000.0,30425000000.0,30425000217.8,217.79999923706055,217.79999923706055,-132.30928056185053,-107.28101502551915,1,-1,1,-1,1,-1,1,single,0.0,0,1000.0,10.0,,10,auto,peak,
