lo_index,if_index,point_index,lo_set_Hz,if_set_Hz,lo_model_Hz,if_model_Hz,mode,kind,m,n,sign,expression,expected_freq_Hz,expected_corr_freq_Hz,measured_freq_Hz,freq_error_Hz,freq_error_corr_Hz,power_dBm,rel_dBc_vs_desired,noise_limited,cluster_id,cluster_size,analytic_coincidence_id,analytic_coincidence_size,measured_coincidence_id,measured_coincidence_size,measurement_scope,cluster_window_half_width_Hz,cluster_window_fallback,span_Hz,rbw_Hz,vbw_Hz,avg_sweeps,marker_mode_global,marker_mode_effective,error
0,22,23,22000000000.0,6830000000.0,22000000000.0,6830000000.0,lo+if,desired,1,1,1,1*LO + 1*IF,28830000000.0,28830000000.0,28830000000.0,0.0,0.0,-25.96109486481705,0.0,0,-1,1,-1,1,-1,1,single,0.0,0,1000.0,10.0,,10,auto,peak,
0,22,23,22000000000.0,6830000000.0,22000000000.0,6830000000.0,lo+if,IF_harmonic,0,4,1,0*LO + 4*IF,27320000000.0,27320000000.0,27320000000.0,0.0,0.0,-112.77347633621831,-86.81238147140127,0,-1,1,-1,1,-1,1,single,0.0,0,1000.0,10.0,,10,auto,peak,
0,22,23,22000000000.0,6830000000.0,22000000000.0,6830000000.0,lo+if,spur,2,2,-1,2*LO - 2*IF,30340000000.0,30340000000.0,30340000000.0,0.0,0.0,-87.16070372029505,-61.199608855478,0,-1,1,-1,1,-1,1,single,0.0,0,1000.0,10.0,,10,auto,peak,
0,22,23,22000000000.0,6830000000.0,22000000000.0,6830000000.0,lo+if,spur,3,5,-1,3*LO - 5*IF,31850000000.0,31850000000.0,31850000151.8,151.79999923706055,151.79999923706055,-131.1177394379334,-105.15664457311635,1,-1,1,-1,1,-1,1,single,0.0,0,1000.0,10.0,,10,auto,peak,
0,22,23,22000000000.0,6830000000.0,22000000000.0,6830000000.0,lo+if,IF_harmonic,0,5,1,0*LO + 5*IF,34150000000.0,34150000000.0,34150000157.8,157.79999923706055,157.79999923706055,-130.7342087979539,-104.77311393313684,1,-1,1,-1,1,-1,1,single,0.0,0,1000.0,10.0,,10,auto,peak,
