lo_index,if_index,point_index,lo_set_Hz,if_set_Hz,lo_model_Hz,if_model_Hz,mode,kind,m,n,sign,expression,expected_freq_Hz,expected_corr_freq_Hz,measured_freq_Hz,freq_error_Hz,freq_error_corr_Hz,power_dBm,rel_dBc_vs_desired,noise_limited,cluster_id,cluster_size,analytic_coincidence_id,analytic_coincidence_size,measured_coincidence_id,measured_coincidence_size,measurement_scope,cluster_window_half_width_Hz,cluster_window_fallback,span_Hz,rbw_Hz,vbw_Hz,avg_sweeps,marker_mode_global,marker_mode_effective,error
0,57,58,22000000000.0,7355000000.0,22000000000.0,7355000000.0,lo+if,desired,1,1,1,1*LO + 1*IF,29355000000.0,29355000000.0,29355000000.0,0.0,0.0,-25.789042560373723,0.0,0,-1,1,-1,1,-1,1,single,0.0,0,1000.0,10.0,,10,auto,peak,
0,57,58,22000000000.0,7355000000.0,22000000000.0,7355000000.0,lo+if,spur,3,5,-1,3*LO - 5*IF,29225000000.0,29225000000.0,29224999938.1,-61.900001525878906,-61.900001525878906,-131.62953337226116,-105.84049081188743,1,-1,1,-1,1,-1,1,single,0.0,0,1000.0,10.0,,10,auto,peak,
0,57,58,22000000000.0,7355000000.0,22000000000.0,7355000000.0,lo+if,spur,2,2,-1,2*LO - 2*IF,29290000000.0,29290000000.0,29290000000.0,0.0,0.0,-87.60584484886931,-61.81680228849559,0,-1,1,-1,1,-1,1,single,0.0,0,1000.0,10.0,,10,auto,peak,
0,57,58,22000000000.0,7355000000.0,22000000000.0,7355000000.0,lo+if,IF_harmonic,0,4,1,0*LO + 4*IF,29420000000.0,29420000000.0,29419999811.2,-188.79999923706055,-188.79999923706055,-132.31155088308063,-106.5225083227069,1,-1,1,-1,1,-1,1,single,0.0,0,1000.0,10.0,,10,auto,peak,
