lo_index,if_index,point_index,lo_set_Hz,if_set_Hz,lo_model_Hz,if_model_Hz,mode,kind,m,n,sign,expression,expected_freq_Hz,expected_corr_freq_Hz,measured_freq_Hz,freq_error_Hz,freq_error_corr_Hz,power_dBm,rel_dBc_vs_desired,noise_limited,cluster_id,cluster_size,analytic_coincidence_id,analytic_coincidence_size,measured_coincidence_id,measured_coincidence_size,measurement_scope,cluster_window_half_width_Hz,cluster_window_fallback,span_Hz,rbw_Hz,vbw_Hz,avg_sweeps,marker_mode_global,marker_mode_effective,error
0,10,11,22000000000.0,6650000000.0,22000000000.0,6650000000.0,lo+if,desired,1,1,1,1*LO + 1*IF,28650000000.0,28650000000.0,28650000000.0,0.0,0.0,-25.36093049871255,0.0,0,-1,1,-1,1,-1,1,single,0.0,0,1000.0,10.0,,10,auto,peak,
0,10,11,22000000000.0,6650000000.0,22000000000.0,6650000000.0,lo+if,IF_harmonic,0,4,1,0*LO + 4*IF,26600000000.0,26600000000.0,26600000001.0,1.0,1.0,-123.7190725649772,-98.35814206626465,1,-1,1,-1,1,-1,1,single,0.0,0,1000.0,10.0,,10,auto,peak,
0,10,11,22000000000.0,6650000000.0,22000000000.0,6650000000.0,lo+if,spur,2,2,-1,2*LO - 2*IF,30700000000.0,30700000000.0,30700000000.0,0.0,0.0,-89.18762544814074,-63.82669494942819,0,-1,1,-1,1,-1,1,single,0.0,0,1000.0,10.0,,10,auto,peak,
0,10,11,22000000000.0,6650000000.0,22000000000.0,6650000000.0,lo+if,spur,3,5,-1,3*LO - 5*IF,32750000000.0,32750000000.0,32750000401.6,401.5999984741211,401.5999984741211,-131.43759709564796,-106.07666659693541,1,-1,1,-1,1,-1,1,single,0.0,0,1000.0,10.0,,10,auto,peak,
0,10,11,22000000000.0,6650000000.0,22000000000.0,6650000000.0,lo+if,IF_harmonic,0,5,1,0*LO + 5*IF,33250000000.0,33250000000.0,33249999799.2,-200.79999923706055,-200.79999923706055,-131.0881139191415,-105.72718342042896,1,-1,1,-1,1,-1,1,single,0.0,0,1000.0,10.0,,10,auto,peak,
