lo_index,if_index,point_index,lo_set_Hz,if_set_Hz,lo_model_Hz,if_model_Hz,mode,kind,m,n,sign,expression,expected_freq_Hz,expected_corr_freq_Hz,measured_freq_Hz,freq_error_Hz,freq_error_corr_Hz,power_dBm,rel_dBc_vs_desired,noise_limited,cluster_id,cluster_size,analytic_coincidence_id,analytic_coincidence_size,measured_coincidence_id,measured_coincidence_size,measurement_scope,cluster_window_half_width_Hz,cluster_window_fallback,span_Hz,rbw_Hz,vbw_Hz,avg_sweeps,marker_mode_global,marker_mode_effective,error
0,65,66,22000000000.0,7475000000.0,22000000000.0,7475000000.0,lo+if,desired,1,1,1,1*LO + 1*IF,29475000000.0,29475000000.0,29475000000.0,0.0,0.0,-25.216646510321844,0.0,0,-1,1,-1,1,-1,1,single,0.0,0,1000.0,10.0,,10,auto,peak,
0,65,66,22000000000.0,7475000000.0,22000000000.0,7475000000.0,lo+if,spur,3,5,-1,3*LO - 5*IF,28625000000.0,28625000000.0,28625000080.9,80.9000015258789,80.9000015258789,-130.7293148319081,-105.51266832158626,1,-1,1,-1,1,-1,1,single,0.0,0,1000.0,10.0,,10,auto,peak,
0,65,66,22000000000.0,7475000000.0,22000000000.0,7475000000.0,lo+if,spur,2,2,-1,2*LO - 2*IF,29050000000.0,29050000000.0,29050000000.0,0.0,0.0,-86.70235235792055,-61.4857058475987,0,-1,1,-1,1,-1,1,single,0.0,0,1000.0,10.0,,10,auto,peak,
0,65,66,22000000000.0,7475000000.0,22000000000.0,7475000000.0,lo+if,IF_harmonic,0,4,1,0*LO + 4*IF,29900000000.0,29900000000.0,29899999577.4,-422.5999984741211,-422.5999984741211,-133.08825213749535,-107.8716056271735,1,-1,1,-1,1,-1,1,single,0.0,0,1000.0,10.0,,10,auto,peak,
