lo_index,if_index,point_index,lo_set_Hz,if_set_Hz,lo_model_Hz,if_model_Hz,mode,kind,m,n,sign,expression,expected_freq_Hz,expected_corr_freq_Hz,measured_freq_Hz,freq_error_Hz,freq_error_corr_Hz,power_dBm,rel_dBc_vs_desired,noise_limited,cluster_id,cluster_size,analytic_coincidence_id,analytic_coincidence_size,measured_coincidence_id,measured_coincidence_size,measurement_scope,cluster_window_half_width_Hz,cluster_window_fallback,span_Hz,rbw_Hz,vbw_Hz,avg_sweeps,marker_mode_global,marker_mode_effective,error
0,32,33,22000000000.0,6980000000.0,22000000000.0,6980000000.0,lo+if,desired,1,1,1,1*LO + 1*IF,28980000000.0,28980000000.0,28980000000.0,0.0,0.0,-25.75499672348989,0.0,0,-1,1,-1,1,-1,1,single,0.0,0,1000.0,10.0,,10,auto,peak,
0,32,33,22000000000.0,6980000000.0,22000000000.0,6980000000.0,lo+if,IF_harmonic,0,4,1,0*LO + 4*IF,27920000000.0,27920000000.0,27920000000.0,0.0,0.0,-111.62138270321759,-85.86638597972771,0,-1,1,-1,1,-1,1,single,0.0,0,1000.0,10.0,,10,auto,peak,
0,32,33,22000000000.0,6980000000.0,22000000000.0,6980000000.0,lo+if,spur,2,2,-1,2*LO - 2*IF,30040000000.0,30040000000.0,30040000000.0,0.0,0.0,-87.88034927848122,-62.12535255499133,0,-1,1,-1,1,-1,1,single,0.0,0,1000.0,10.0,,10,auto,peak,
0,32,33,22000000000.0,6980000000.0,22000000000.0,6980000000.0,lo+if,spur,3,5,-1,3*LO - 5*IF,31100000000.0,31100000000.0,31099999655.3,-344.70000076293945,-344.70000076293945,-131.51565900263006,-105.76066227914018,1,-1,1,-1,1,-1,1,single,0.0,0,1000.0,10.0,,10,auto,peak,
0,32,33,22000000000.0,6980000000.0,22000000000.0,6980000000.0,lo+if,IF_harmonic,0,5,1,0*LO + 5*IF,34900000000.0,34900000000.0,34899999557.4,-442.5999984741211,-442.5999984741211,-129.52852633117544,-103.77352960768556,1,-1,1,-1,1,-1,1,single,0.0,0,1000.0,10.0,,10,auto,peak,
