lo_index,if_index,point_index,lo_set_Hz,if_set_Hz,lo_model_Hz,if_model_Hz,mode,kind,m,n,sign,expression,expected_freq_Hz,expected_corr_freq_Hz,measured_freq_Hz,freq_error_Hz,freq_error_corr_Hz,power_dBm,rel_dBc_vs_desired,noise_limited,cluster_id,cluster_size,analytic_coincidence_id,analytic_coincidence_size,measured_coincidence_id,measured_coincidence_size,measurement_scope,cluster_window_half_width_Hz,cluster_window_fallback,span_Hz,rbw_Hz,vbw_Hz,avg_sweeps,marker_mode_global,marker_mode_effective,error
0,70,71,22000000000.0,7550000000.0,22000000000.0,7550000000.0,lo+if,desired,1,1,1,1*LO + 1*IF,29550000000.0,29550000000.0,29550000000.0,0.0,0.0,-25.13601823108622,0.0,0,-1,1,-1,1,-1,1,single,0.0,0,1000.0,10.0,,10,auto,peak,
0,70,71,22000000000.0,7550000000.0,22000000000.0,7550000000.0,lo+if,spur,3,5,-1,3*LO - 5*IF,28250000000.0,28250000000.0,28250000157.8,157.79999923706055,157.79999923706055,-130.29239823406505,-105.15638000297884,1,-1,1,-1,1,-1,1,single,0.0,0,1000.0,10.0,,10,auto,peak,
0,70,71,22000000000.0,7550000000.0,22000000000.0,7550000000.0,lo+if,spur,2,2,-1,2*LO - 2*IF,28900000000.0,28900000000.0,28900000000.0,0.0,0.0,-87.24188738063665,-62.105869149550436,0,-1,1,-1,1,-1,1,single,0.0,0,1000.0,10.0,,10,auto,peak,
0,70,71,22000000000.0,7550000000.0,22000000000.0,7550000000.0,lo+if,IF_harmonic,0,4,1,0*LO + 4*IF,30200000000.0,30200000000.0,30199999768.2,-231.79999923706055,-231.79999923706055,-131.4594901332715,-106.32347190218528,1,-1,1,-1,1,-1,1,single,0.0,0,1000.0,10.0,,10,auto,peak,
