lo_index,if_index,point_index,lo_set_Hz,if_set_Hz,lo_model_Hz,if_model_Hz,mode,kind,m,n,sign,expression,expected_freq_Hz,expected_corr_freq_Hz,measured_freq_Hz,freq_error_Hz,freq_error_corr_Hz,power_dBm,rel_dBc_vs_desired,noise_limited,cluster_id,cluster_size,analytic_coincidence_id,analytic_coincidence_size,measured_coincidence_id,measured_coincidence_size,measurement_scope,cluster_window_half_width_Hz,cluster_window_fallback,span_Hz,rbw_Hz,vbw_Hz,avg_sweeps,marker_mode_global,marker_mode_effective,error
0,15,16,22000000000.0,6725000000.0,22000000000.0,6725000000.0,lo+if,desired,1,1,1,1*LO + 1*IF,28725000000.0,28725000000.0,28725000000.0,0.0,0.0,-26.556407887745003,0.0,0,-1,1,-1,1,-1,1,single,0.0,0,1000.0,10.0,,10,auto,peak,
0,15,16,22000000000.0,6725000000.0,22000000000.0,6725000000.0,lo+if,IF_harmonic,0,4,1,0*LO + 4*IF,26900000000.0,26900000000.0,26900000000.0,0.0,0.0,-117.37969657127366,-90.82328868352866,0,-1,1,-1,1,-1,1,single,0.0,0,1000.0,10.0,,10,auto,peak,
0,15,16,22000000000.0,6725000000.0,22000000000.0,6725000000.0,lo+if,spur,2,2,-1,2*LO - 2*IF,30550000000.0,30550000000.0,30550000000.0,0.0,0.0,-89.54123968928167,-62.984831801536664,0,-1,1,-1,1,-1,1,single,0.0,0,1000.0,10.0,,10,auto,peak,
0,15,16,22000000000.0,6725000000.0,22000000000.0,6725000000.0,lo+if,spur,3,5,-1,3*LO - 5*IF,32375000000.0,32375000000.0,32374999947.1,-52.900001525878906,-52.900001525878906,-131.83923548399514,-105.28282759625014,1,-1,1,-1,1,-1,1,single,0.0,0,1000.0,10.0,,10,auto,peak,
0,15,16,22000000000.0,6725000000.0,22000000000.0,6725000000.0,lo+if,IF_harmonic,0,5,1,0*LO + 5*IF,33625000000.0,33625000000.0,33624999997.0,-3.0,-3.0,-131.95714522498645,-105.40073733724145,1,-1,1,-1,1,-1,1,single,0.0,0,1000.0,10.0,,10,auto,peak,
