lo_index,if_index,point_index,lo_set_Hz,if_set_Hz,lo_model_Hz,if_model_Hz,mode,kind,m,n,sign,expression,expected_freq_Hz,expected_corr_freq_Hz,measured_freq_Hz,freq_error_Hz,freq_error_corr_Hz,power_dBm,rel_dBc_vs_desired,noise_limited,cluster_id,cluster_size,analytic_coincidence_id,analytic_coincidence_size,measured_coincidence_id,measured_coincidence_size,measurement_scope,cluster_window_half_width_Hz,cluster_window_fallback,span_Hz,rbw_Hz,vbw_Hz,avg_sweeps,marker_mode_global,marker_mode_effective,error
0,77,78,22000000000.0,7655000000.0,22000000000.0,7655000000.0,lo+if,desired,1,1,1,1*LO + 1*IF,29655000000.0,29655000000.0,29655000000.0,0.0,0.0,-25.726336086812957,0.0,0,-1,1,-1,1,-1,1,single,0.0,0,1000.0,10.0,,10,auto,peak,
0,77,78,22000000000.0,7655000000.0,22000000000.0,7655000000.0,lo+if,spur,3,5,-1,3*LO - 5*IF,27725000000.0,27725000000.0,27725000057.9,57.900001525878906,57.900001525878906,-131.64859170764618,-105.92225562083323,1,-1,1,-1,1,-1,1,single,0.0,0,1000.0,10.0,,10,auto,peak,
0,77,78,22000000000.0,7655000000.0,22000000000.0,7655000000.0,lo+if,spur,2,2,-1,2*LO - 2*IF,28690000000.0,28690000000.0,28690000000.0,0.0,0.0,-89.11106633481083,-63.38473024799787,0,-1,1,-1,1,-1,1,single,0.0,0,1000.0,10.0,,10,auto,peak,
0,77,78,22000000000.0,7655000000.0,22000000000.0,7655000000.0,lo+if,IF_harmonic,0,4,1,0*LO + 4*IF,30620000000.0,30620000000.0,30620000292.7,292.70000076293945,292.70000076293945,-131.39684739570149,-105.67051130888854,1,-1,1,-1,1,-1,1,single,0.0,0,1000.0,10.0,,10,auto,peak,
