lo_index,if_index,point_index,lo_set_Hz,if_set_Hz,lo_model_Hz,if_model_Hz,mode,kind,m,n,sign,expression,expected_freq_Hz,expected_corr_freq_Hz,measured_freq_Hz,freq_error_Hz,freq_error_corr_Hz,power_dBm,rel_dBc_vs_desired,noise_limited,cluster_id,cluster_size,analytic_coincidence_id,analytic_coincidence_size,measured_coincidence_id,measured_coincidence_size,measurement_scope,cluster_window_half_width_Hz,cluster_window_fallback,span_Hz,rbw_Hz,vbw_Hz,avg_sweeps,marker_mode_global,marker_mode_effective,error
0,5,6,22000000000.0,6575000000.0,22000000000.0,6575000000.0,lo+if,desired,1,1,1,1*LO + 1*IF,28575000000.0,28575000000.0,28575000000.0,0.0,0.0,-25.64500376744288,0.0,0,-1,1,-1,1,-1,1,single,0.0,0,1000.0,10.0,,10,auto,peak,
0,5,6,22000000000.0,6575000000.0,22000000000.0,6575000000.0,lo+if,IF_harmonic,0,4,1,0*LO + 4*IF,26300000000.0,26300000000.0,26300000000.0,0.0,0.0,-120.38422697551992,-94.73922320807705,1,-1,1,-1,1,-1,1,single,0.0,0,1000.0,10.0,,10,auto,peak,
0,5,6,22000000000.0,6575000000.0,22000000000.0,6575000000.0,lo+if,spur,2,2,-1,2*LO - 2*IF,30850000000.0,30850000000.0,30850000000.0,0.0,0.0,-87.75949081460938,-62.1144870471665,0,-1,1,-1,1,-1,1,single,0.0,0,1000.0,10.0,,10,auto,peak,
0,5,6,22000000000.0,6575000000.0,22000000000.0,6575000000.0,lo+if,IF_harmonic,0,5,1,0*LO + 5*IF,32875000000.0,32875000000.0,32874999761.2,-238.79999923706055,-238.79999923706055,-131.51405046292342,-105.86904669548053,1,-1,1,-1,1,-1,1,single,0.0,0,1000.0,10.0,,10,auto,peak,
0,5,6,22000000000.0,6575000000.0,22000000000.0,6575000000.0,lo+if,spur,3,5,-1,3*LO - 5*IF,33125000000.0,33125000000.0,33124999598.4,-401.5999984741211,-401.5999984741211,-132.01585058995892,-106.37084682251603,1,-1,1,-1,1,-1,1,single,0.0,0,1000.0,10.0,,10,auto,peak,
