lo_index,if_index,point_index,lo_set_Hz,if_set_Hz,lo_model_Hz,if_model_Hz,mode,kind,m,n,sign,expression,expected_freq_Hz,expected_corr_freq_Hz,measured_freq_Hz,freq_error_Hz,freq_error_corr_Hz,power_dBm,rel_dBc_vs_desired,noise_limited,cluster_id,cluster_size,analytic_coincidence_id,analytic_coincidence_size,measured_coincidence_id,measured_coincidence_size,measurement_scope,cluster_window_half_width_Hz,cluster_window_fallback,span_Hz,rbw_Hz,vbw_Hz,avg_sweeps,marker_mode_global,marker_mode_effective,error
0,33,34,22000000000.0,6995000000.0,22000000000.0,6995000000.0,lo+if,desired,1,1,1,1*LO + 1*IF,28995000000.0,28995000000.0,28995000000.0,0.0,0.0,-25.611440918427565,0.0,0,-1,1,-1,1,-1,1,single,0.0,0,1000.0,10.0,,10,auto,peak,
0,33,34,22000000000.0,6995000000.0,22000000000.0,6995000000.0,lo+if,IF_harmonic,0,4,1,0*LO + 4*IF,27980000000.0,27980000000.0,27980000000.0,0.0,0.0,-110.31452536787106,-84.7030844494435,0,-1,1,-1,1,-1,1,single,0.0,0,1000.0,10.0,,10,auto,peak,
0,33,34,22000000000.0,6995000000.0,22000000000.0,6995000000.0,lo+if,spur,2,2,-1,2*LO - 2*IF,30010000000.0,30010000000.0,30010000000.0,0.0,0.0,-88.31293300403124,-62.701492085603675,0,-1,1,-1,1,-1,1,single,0.0,0,1000.0,10.0,,10,auto,peak,
0,33,34,22000000000.0,6995000000.0,22000000000.0,6995000000.0,lo+if,spur,3,5,-1,3*LO - 5*IF,31025000000.0,31025000000.0,31025000006.0,6.0,6.0,-130.67959745727595,-105.06815653884838,1,-1,1,-1,1,-1,1,single,0.0,0,1000.0,10.0,,10,auto,peak,
0,33,34,22000000000.0,6995000000.0,22000000000.0,6995000000.0,lo+if,IF_harmonic,0,5,1,0*LO + 5*IF,34975000000.0,34975000000.0,34974999915.1,-84.9000015258789,-84.9000015258789,-129.28154994775716,-103.6701090293296,1,-1,1,-1,1,-1,1,single,0.0,0,1000.0,10.0,,10,auto,peak,
