lo_index,if_index,point_index,lo_set_Hz,if_set_Hz,lo_model_Hz,if_model_Hz,mode,kind,m,n,sign,expression,expected_freq_Hz,expected_corr_freq_Hz,measured_freq_Hz,freq_error_Hz,freq_error_corr_Hz,power_dBm,rel_dBc_vs_desired,noise_limited,cluster_id,cluster_size,analytic_coincidence_id,analytic_coincidence_size,measured_coincidence_id,measured_coincidence_size,measurement_scope,cluster_window_half_width_Hz,cluster_window_fallback,span_Hz,rbw_Hz,vbw_Hz,avg_sweeps,marker_mode_global,marker_mode_effective,error
0,17,18,22000000000.0,6755000000.0,22000000000.0,6755000000.0,lo+if,desired,1,1,1,1*LO + 1*IF,28755000000.0,28755000000.0,28755000000.0,0.0,0.0,-26.54673436284582,0.0,0,-1,1,-1,1,-1,1,single,0.0,0,1000.0,10.0,,10,auto,peak,
0,17,18,22000000000.0,6755000000.0,22000000000.0,6755000000.0,lo+if,IF_harmonic,0,4,1,0*LO + 4*IF,27020000000.0,27020000000.0,27020000000.0,0.0,0.0,-112.27871974813233,-85.7319853852865,0,-1,1,-1,1,-1,1,single,0.0,0,1000.0,10.0,,10,auto,peak,
0,17,18,22000000000.0,6755000000.0,22000000000.0,6755000000.0,lo+if,spur,2,2,-1,2*LO - 2*IF,30490000000.0,30490000000.0,30490000000.0,0.0,0.0,-90.57867078779952,-64.0319364249537,0,-1,1,-1,1,-1,1,single,0.0,0,1000.0,10.0,,10,auto,peak,
0,17,18,22000000000.0,6755000000.0,22000000000.0,6755000000.0,lo+if,spur,3,5,-1,3*LO - 5*IF,32225000000.0,32225000000.0,32225000294.7,294.70000076293945,294.70000076293945,-131.96943868964806,-105.42270432680223,1,-1,1,-1,1,-1,1,single,0.0,0,1000.0,10.0,,10,auto,peak,
0,17,18,22000000000.0,6755000000.0,22000000000.0,6755000000.0,lo+if,IF_harmonic,0,5,1,0*LO + 5*IF,33775000000.0,33775000000.0,33774999987.0,-13.0,-13.0,-130.9991567898437,-104.45242242699788,1,-1,1,-1,1,-1,1,single,0.0,0,1000.0,10.0,,10,auto,peak,
