lo_index,if_index,point_index,lo_set_Hz,if_set_Hz,lo_model_Hz,if_model_Hz,mode,kind,m,n,sign,expression,expected_freq_Hz,expected_corr_freq_Hz,measured_freq_Hz,freq_error_Hz,freq_error_corr_Hz,power_dBm,rel_dBc_vs_desired,noise_limited,cluster_id,cluster_size,analytic_coincidence_id,analytic_coincidence_size,measured_coincidence_id,measured_coincidence_size,measurement_scope,cluster_window_half_width_Hz,cluster_window_fallback,span_Hz,rbw_Hz,vbw_Hz,avg_sweeps,marker_mode_global,marker_mode_effective,error
0,39,40,22000000000.0,7085000000.0,22000000000.0,7085000000.0,lo+if,desired,1,1,1,1*LO + 1*IF,29085000000.0,29085000000.0,29085000000.0,0.0,0.0,-24.749308736612416,0.0,0,-1,1,-1,1,-1,1,single,0.0,0,1000.0,10.0,,10,auto,peak,
0,39,40,22000000000.0,7085000000.0,22000000000.0,7085000000.0,lo+if,IF_harmonic,0,4,1,0*LO + 4*IF,28340000000.0,28340000000.0,28340000000.0,0.0,0.0,-120.78385516170468,-96.03454642509226,1,-1,1,-1,1,-1,1,single,0.0,0,1000.0,10.0,,10,auto,peak,
0,39,40,22000000000.0,7085000000.0,22000000000.0,7085000000.0,lo+if,spur,2,2,-1,2*LO - 2*IF,29830000000.0,29830000000.0,29830000000.0,0.0,0.0,-85.25089348636615,-60.50158474975373,0,-1,1,-1,1,-1,1,single,0.0,0,1000.0,10.0,,10,auto,peak,
0,39,40,22000000000.0,7085000000.0,22000000000.0,7085000000.0,lo+if,spur,3,5,-1,3*LO - 5*IF,30575000000.0,30575000000.0,30575000244.8,244.79999923706055,244.79999923706055,-133.27774091406044,-108.52843217744802,1,-1,1,-1,1,-1,1,single,0.0,0,1000.0,10.0,,10,auto,peak,
