lo_index,if_index,point_index,lo_set_Hz,if_set_Hz,lo_model_Hz,if_model_Hz,mode,kind,m,n,sign,expression,expected_freq_Hz,expected_corr_freq_Hz,measured_freq_Hz,freq_error_Hz,freq_error_corr_Hz,power_dBm,rel_dBc_vs_desired,noise_limited,cluster_id,cluster_size,analytic_coincidence_id,analytic_coincidence_size,measured_coincidence_id,measured_coincidence_size,measurement_scope,cluster_window_half_width_Hz,cluster_window_fallback,span_Hz,rbw_Hz,vbw_Hz,avg_sweeps,marker_mode_global,marker_mode_effective,error
0,86,87,22000000000.0,7790000000.0,22000000000.0,7790000000.0,lo+if,desired,1,1,1,1*LO + 1*IF,29790000000.0,29790000000.0,29790000000.0,0.0,0.0,-25.214544540061027,0.0,0,-1,1,-1,1,-1,1,single,0.0,0,1000.0,10.0,,10,auto,peak,
0,86,87,22000000000.0,7790000000.0,22000000000.0,7790000000.0,lo+if,spur,3,5,-1,3*LO - 5*IF,27050000000.0,27050000000.0,27050000075.9,75.9000015258789,75.9000015258789,-131.50307883569303,-106.288534295632,1,-1,1,-1,1,-1,1,single,0.0,0,1000.0,10.0,,10,auto,peak,
0,86,87,22000000000.0,7790000000.0,22000000000.0,7790000000.0,lo+if,spur,2,2,-1,2*LO - 2*IF,28420000000.0,28420000000.0,28420000000.0,0.0,0.0,-89.5922017135389,-64.37765717347787,0,-1,1,-1,1,-1,1,single,0.0,0,1000.0,10.0,,10,auto,peak,
0,86,87,22000000000.0,7790000000.0,22000000000.0,7790000000.0,lo+if,IF_harmonic,0,4,1,0*LO + 4*IF,31160000000.0,31160000000.0,31159999647.4,-352.5999984741211,-352.5999984741211,-131.60006172254268,-106.38551718248165,1,-1,1,-1,1,-1,1,single,0.0,0,1000.0,10.0,,10,auto,peak,
0,86,87,22000000000.0,7790000000.0,22000000000.0,7790000000.0,lo+if,spur,3,4,-1,3*LO - 4*IF,34840000000.0,34840000000.0,34840000091.9,91.9000015258789,91.9000015258789,-129.77652465371568,-104.56198011365466,1,-1,1,-1,1,-1,1,single,0.0,0,1000.0,10.0,,10,auto,peak,
