lo_index,if_index,point_index,lo_set_Hz,if_set_Hz,lo_model_Hz,if_model_Hz,mode,kind,m,n,sign,expression,expected_freq_Hz,expected_corr_freq_Hz,measured_freq_Hz,freq_error_Hz,freq_error_corr_Hz,power_dBm,rel_dBc_vs_desired,noise_limited,cluster_id,cluster_size,analytic_coincidence_id,analytic_coincidence_size,measured_coincidence_id,measured_coincidence_size,measurement_scope,cluster_window_half_width_Hz,cluster_window_fallback,span_Hz,rbw_Hz,vbw_Hz,avg_sweeps,marker_mode_global,marker_mode_effective,error
0,69,70,22000000000.0,7535000000.0,22000000000.0,7535000000.0,lo+if,desired,1,1,1,1*LO + 1*IF,29535000000.0,29535000000.0,29535000000.0,0.0,0.0,-25.260831592496842,0.0,0,-1,1,-1,1,-1,1,single,0.0,0,1000.0,10.0,,10,auto,peak,
0,69,70,22000000000.0,7535000000.0,22000000000.0,7535000000.0,lo+if,spur,3,5,-1,3*LO - 5*IF,28325000000.0,28325000000.0,28324999617.4,-382.5999984741211,-382.5999984741211,-131.09231618716643,-105.83148459466959,1,-1,1,-1,1,-1,1,single,0.0,0,1000.0,10.0,,10,auto,peak,
0,69,70,22000000000.0,7535000000.0,22000000000.0,7535000000.0,lo+if,spur,2,2,-1,2*LO - 2*IF,28930000000.0,28930000000.0,28930000000.0,0.0,0.0,-89.2655352412263,-64.00470364872946,0,-1,1,-1,1,-1,1,single,0.0,0,1000.0,10.0,,10,auto,peak,
0,69,70,22000000000.0,7535000000.0,22000000000.0,7535000000.0,lo+if,IF_harmonic,0,4,1,0*LO + 4*IF,30140000000.0,30140000000.0,30139999524.5,-475.5,-475.5,-132.45519588489023,-107.19436429239339,1,-1,1,-1,1,-1,1,single,0.0,0,1000.0,10.0,,10,auto,peak,
