lo_index,if_index,point_index,lo_set_Hz,if_set_Hz,lo_model_Hz,if_model_Hz,mode,kind,m,n,sign,expression,expected_freq_Hz,expected_corr_freq_Hz,measured_freq_Hz,freq_error_Hz,freq_error_corr_Hz,power_dBm,rel_dBc_vs_desired,noise_limited,cluster_id,cluster_size,analytic_coincidence_id,analytic_coincidence_size,measured_coincidence_id,measured_coincidence_size,measurement_scope,cluster_window_half_width_Hz,cluster_window_fallback,span_Hz,rbw_Hz,vbw_Hz,avg_sweeps,marker_mode_global,marker_mode_effective,error
0,29,30,22000000000.0,6935000000.0,22000000000.0,6935000000.0,lo+if,desired,1,1,1,1*LO + 1*IF,28935000000.0,28935000000.0,28935000000.0,0.0,0.0,-26.135608939314174,0.0,0,-1,1,-1,1,-1,1,single,0.0,0,1000.0,10.0,,10,auto,peak,
0,29,30,22000000000.0,6935000000.0,22000000000.0,6935000000.0,lo+if,IF_harmonic,0,4,1,0*LO + 4*IF,27740000000.0,27740000000.0,27740000000.0,0.0,0.0,-113.88437343760654,-87.74876449829236,0,-1,1,-1,1,-1,1,single,0.0,0,1000.0,10.0,,10,auto,peak,
0,29,30,22000000000.0,6935000000.0,22000000000.0,6935000000.0,lo+if,spur,2,2,-1,2*LO - 2*IF,30130000000.0,30130000000.0,30130000000.0,0.0,0.0,-89.3114928324281,-63.17588389311393,0,-1,1,-1,1,-1,1,single,0.0,0,1000.0,10.0,,10,auto,peak,
0,29,30,22000000000.0,6935000000.0,22000000000.0,6935000000.0,lo+if,spur,3,5,-1,3*LO - 5*IF,31325000000.0,31325000000.0,31325000296.7,296.70000076293945,296.70000076293945,-131.21711446638545,-105.08150552707127,1,-1,1,-1,1,-1,1,single,0.0,0,1000.0,10.0,,10,auto,peak,
0,29,30,22000000000.0,6935000000.0,22000000000.0,6935000000.0,lo+if,IF_harmonic,0,5,1,0*LO + 5*IF,34675000000.0,34675000000.0,34674999672.3,-327.6999969482422,-327.6999969482422,-128.48959321941663,-102.35398428010245,1,-1,1,-1,1,-1,1,single,0.0,0,1000.0,10.0,,10,auto,peak,
