lo_index,if_index,point_index,lo_set_Hz,if_set_Hz,lo_model_Hz,if_model_Hz,mode,kind,m,n,sign,expression,expected_freq_Hz,expected_corr_freq_Hz,measured_freq_Hz,freq_error_Hz,freq_error_corr_Hz,power_dBm,rel_dBc_vs_desired,noise_limited,cluster_id,cluster_size,analytic_coincidence_id,analytic_coincidence_size,measured_coincidence_id,measured_coincidence_size,measurement_scope,cluster_window_half_width_Hz,cluster_window_fallback,span_Hz,rbw_Hz,vbw_Hz,avg_sweeps,marker_mode_global,marker_mode_effective,error
0,31,32,22000000000.0,6965000000.0,22000000000.0,6965000000.0,lo+if,desired,1,1,1,1*LO + 1*IF,28965000000.0,28965000000.0,28965000000.0,0.0,0.0,-25.776894338290454,0.0,0,-1,1,-1,1,-1,1,single,0.0,0,1000.0,10.0,,10,auto,peak,
0,31,32,22000000000.0,6965000000.0,22000000000.0,6965000000.0,lo+if,IF_harmonic,0,4,1,0*LO + 4*IF,27860000000.0,27860000000.0,27860000000.0,0.0,0.0,-112.42606929333725,-86.64917495504679,0,-1,1,-1,1,-1,1,single,0.0,0,1000.0,10.0,,10,auto,peak,
0,31,32,22000000000.0,6965000000.0,22000000000.0,6965000000.0,lo+if,spur,2,2,-1,2*LO - 2*IF,30070000000.0,30070000000.0,30070000000.0,0.0,0.0,-88.03192186081577,-62.25502752252532,0,-1,1,-1,1,-1,1,single,0.0,0,1000.0,10.0,,10,auto,peak,
0,31,32,22000000000.0,6965000000.0,22000000000.0,6965000000.0,lo+if,spur,3,5,-1,3*LO - 5*IF,31175000000.0,31175000000.0,31175000288.7,288.70000076293945,288.70000076293945,-131.36453146460642,-105.58763712631597,1,-1,1,-1,1,-1,1,single,0.0,0,1000.0,10.0,,10,auto,peak,
0,31,32,22000000000.0,6965000000.0,22000000000.0,6965000000.0,lo+if,IF_harmonic,0,5,1,0*LO + 5*IF,34825000000.0,34825000000.0,34824999625.4,-374.5999984741211,-374.5999984741211,-129.6064479300029,-103.82955359171245,1,-1,1,-1,1,-1,1,single,0.0,0,1000.0,10.0,,10,auto,peak,
