lo_index,if_index,point_index,lo_set_Hz,if_set_Hz,lo_model_Hz,if_model_Hz,mode,kind,m,n,sign,expression,expected_freq_Hz,expected_corr_freq_Hz,measured_freq_Hz,freq_error_Hz,freq_error_corr_Hz,power_dBm,rel_dBc_vs_desired,noise_limited,cluster_id,cluster_size,analytic_coincidence_id,analytic_coincidence_size,measured_coincidence_id,measured_coincidence_size,measurement_scope,cluster_window_half_width_Hz,cluster_window_fallback,span_Hz,rbw_Hz,vbw_Hz,avg_sweeps,marker_mode_global,marker_mode_effective,error
0,25,26,22000000000.0,6875000000.0,22000000000.0,6875000000.0,lo+if,desired,1,1,1,1*LO + 1*IF,28875000000.0,28875000000.0,28875000000.0,0.0,0.0,-25.809271644271767,0.0,0,-1,1,-1,1,-1,1,single,0.0,0,1000.0,10.0,,10,auto,peak,
0,25,26,22000000000.0,6875000000.0,22000000000.0,6875000000.0,lo+if,IF_harmonic,0,4,1,0*LO + 4*IF,27500000000.0,27500000000.0,27500000000.0,0.0,0.0,-103.28270484890625,-77.47343320463449,0,-1,1,-1,1,-1,1,single,0.0,0,1000.0,10.0,,10,auto,peak,
0,25,26,22000000000.0,6875000000.0,22000000000.0,6875000000.0,lo+if,spur,2,2,-1,2*LO - 2*IF,30250000000.0,30250000000.0,30250000000.0,0.0,0.0,-87.79993720523889,-61.99066556096712,0,-1,1,-1,1,-1,1,single,0.0,0,1000.0,10.0,,10,auto,peak,
0,25,26,22000000000.0,6875000000.0,22000000000.0,6875000000.0,lo+if,spur,3,5,-1,3*LO - 5*IF,31625000000.0,31625000000.0,31625000244.8,244.79999923706055,244.79999923706055,-130.96174676425423,-105.15247511998245,1,-1,1,-1,1,-1,1,single,0.0,0,1000.0,10.0,,10,auto,peak,
0,25,26,22000000000.0,6875000000.0,22000000000.0,6875000000.0,lo+if,IF_harmonic,0,5,1,0*LO + 5*IF,34375000000.0,34375000000.0,34375000000.0,0.0,0.0,-111.96818145259576,-86.15890980832398,0,-1,1,-1,1,-1,1,single,0.0,0,1000.0,10.0,,10,auto,peak,
