lo_index,if_index,point_index,lo_set_Hz,if_set_Hz,lo_model_Hz,if_model_Hz,mode,kind,m,n,sign,expression,expected_freq_Hz,expected_corr_freq_Hz,measured_freq_Hz,freq_error_Hz,freq_error_corr_Hz,power_dBm,rel_dBc_vs_desired,noise_limited,cluster_id,cluster_size,analytic_coincidence_id,analytic_coincidence_size,measured_coincidence_id,measured_coincidence_size,measurement_scope,cluster_window_half_width_Hz,cluster_window_fallback,span_Hz,rbw_Hz,vbw_Hz,avg_sweeps,marker_mode_global,marker_mode_effective,error
0,26,27,22000000000.0,6890000000.0,22000000000.0,6890000000.0,lo+if,desired,1,1,1,1*LO + 1*IF,28890000000.0,28890000000.0,28890000000.0,0.0,0.0,-25.92427805197408,0.0,0,-1,1,-1,1,-1,1,single,0.0,0,1000.0,10.0,,10,auto,peak,
0,26,27,22000000000.0,6890000000.0,22000000000.0,6890000000.0,lo+if,IF_harmonic,0,4,1,0*LO + 4*IF,27560000000.0,27560000000.0,27560000000.0,0.0,0.0,-114.74704633798892,-88.82276828601483,0,-1,1,-1,1,-1,1,single,0.0,0,1000.0,10.0,,10,auto,peak,
0,26,27,22000000000.0,6890000000.0,22000000000.0,6890000000.0,lo+if,spur,2,2,-1,2*LO - 2*IF,30220000000.0,30220000000.0,30220000000.0,0.0,0.0,-90.03032253101516,-64.10604447904107,0,-1,1,-1,1,-1,1,single,0.0,0,1000.0,10.0,,10,auto,peak,
0,26,27,22000000000.0,6890000000.0,22000000000.0,6890000000.0,lo+if,spur,3,5,-1,3*LO - 5*IF,31550000000.0,31550000000.0,31550000190.8,190.79999923706055,190.79999923706055,-131.1287656871778,-105.20448763520372,1,-1,1,-1,1,-1,1,single,0.0,0,1000.0,10.0,,10,auto,peak,
0,26,27,22000000000.0,6890000000.0,22000000000.0,6890000000.0,lo+if,IF_harmonic,0,5,1,0*LO + 5*IF,34450000000.0,34450000000.0,34450000079.9,79.9000015258789,79.9000015258789,-130.13433873467807,-104.21006068270398,1,-1,1,-1,1,-1,1,single,0.0,0,1000.0,10.0,,10,auto,peak,
