lo_index,if_index,point_index,lo_set_Hz,if_set_Hz,lo_model_Hz,if_model_Hz,mode,kind,m,n,sign,expression,expected_freq_Hz,expected_corr_freq_Hz,measured_freq_Hz,freq_error_Hz,freq_error_corr_Hz,power_dBm,rel_dBc_vs_desired,noise_limited,cluster_id,cluster_size,analytic_coincidence_id,analytic_coincidence_size,measured_coincidence_id,measured_coincidence_size,measurement_scope,cluster_window_half_width_Hz,cluster_window_fallback,span_Hz,rbw_Hz,vbw_Hz,avg_sweeps,marker_mode_global,marker_mode_effective,error
0,55,56,22000000000.0,7325000000.0,22000000000.0,7325000000.0,lo+if,desired,1,1,1,1*LO + 1*IF,29325000000.0,29325000000.0,29325000000.0,0.0,0.0,-25.565458572955052,0.0,0,-1,1,-1,1,-1,1,single,0.0,0,1000.0,10.0,,10,auto,peak,
0,55,56,22000000000.0,7325000000.0,22000000000.0,7325000000.0,lo+if,IF_harmonic,0,4,1,0*LO + 4*IF,29300000000.0,29300000000.0,29300000264.7,264.70000076293945,264.70000076293945,-132.06634043433274,-106.50088186137769,1,-1,1,-1,1,-1,1,single,0.0,0,1000.0,10.0,,10,auto,peak,
0,55,56,22000000000.0,7325000000.0,22000000000.0,7325000000.0,lo+if,spur,2,2,-1,2*LO - 2*IF,29350000000.0,29350000000.0,29350000000.0,0.0,0.0,-87.53751536734804,-61.972056794392984,0,-1,1,-1,1,-1,1,single,0.0,0,1000.0,10.0,,10,auto,peak,
0,55,56,22000000000.0,7325000000.0,22000000000.0,7325000000.0,lo+if,spur,3,5,-1,3*LO - 5*IF,29375000000.0,29375000000.0,29375000205.8,205.79999923706055,205.79999923706055,-132.58560730517044,-107.02014873221539,1,-1,1,-1,1,-1,1,single,0.0,0,1000.0,10.0,,10,auto,peak,
