lo_index,if_index,point_index,lo_set_Hz,if_set_Hz,lo_model_Hz,if_model_Hz,mode,kind,m,n,sign,expression,expected_freq_Hz,expected_corr_freq_Hz,measured_freq_Hz,freq_error_Hz,freq_error_corr_Hz,power_dBm,rel_dBc_vs_desired,noise_limited,cluster_id,cluster_size,analytic_coincidence_id,analytic_coincidence_size,measured_coincidence_id,measured_coincidence_size,measurement_scope,cluster_window_half_width_Hz,cluster_window_fallback,span_Hz,rbw_Hz,vbw_Hz,avg_sweeps,marker_mode_global,marker_mode_effective,error
0,8,9,22000000000.0,6620000000.0,22000000000.0,6620000000.0,lo+if,desired,1,1,1,1*LO + 1*IF,28620000000.0,28620000000.0,28620000000.0,0.0,0.0,-24.752275067309775,0.0,0,-1,1,-1,1,-1,1,single,0.0,0,1000.0,10.0,,10,auto,peak,
0,8,9,22000000000.0,6620000000.0,22000000000.0,6620000000.0,lo+if,IF_harmonic,0,4,1,0*LO + 4*IF,26480000000.0,26480000000.0,26479999999.0,-1.0,-1.0,-123.47572488721538,-98.7234498199056,1,-1,1,-1,1,-1,1,single,0.0,0,1000.0,10.0,,10,auto,peak,
0,8,9,22000000000.0,6620000000.0,22000000000.0,6620000000.0,lo+if,spur,2,2,-1,2*LO - 2*IF,30760000000.0,30760000000.0,30760000000.0,0.0,0.0,-86.00224744836063,-61.24997238105086,0,-1,1,-1,1,-1,1,single,0.0,0,1000.0,10.0,,10,auto,peak,
0,8,9,22000000000.0,6620000000.0,22000000000.0,6620000000.0,lo+if,spur,3,5,-1,3*LO - 5*IF,32900000000.0,32900000000.0,32900000484.5,484.5,484.5,-131.34507647333575,-106.59280140602598,1,-1,1,-1,1,-1,1,single,0.0,0,1000.0,10.0,,10,auto,peak,
0,8,9,22000000000.0,6620000000.0,22000000000.0,6620000000.0,lo+if,IF_harmonic,0,5,1,0*LO + 5*IF,33100000000.0,33100000000.0,33100000178.8,178.79999923706055,178.79999923706055,-133.1329947838007,-108.38071971649094,1,-1,1,-1,1,-1,1,single,0.0,0,1000.0,10.0,,10,auto,peak,
