lo_index,if_index,point_index,lo_set_Hz,if_set_Hz,lo_model_Hz,if_model_Hz,mode,kind,m,n,sign,expression,expected_freq_Hz,expected_corr_freq_Hz,measured_freq_Hz,freq_error_Hz,freq_error_corr_Hz,power_dBm,rel_dBc_vs_desired,noise_limited,cluster_id,cluster_size,analytic_coincidence_id,analytic_coincidence_size,measured_coincidence_id,measured_coincidence_size,measurement_scope,cluster_window_half_width_Hz,cluster_window_fallback,span_Hz,rbw_Hz,vbw_Hz,avg_sweeps,marker_mode_global,marker_mode_effective,error
0,52,53,22000000000.0,7280000000.0,22000000000.0,7280000000.0,lo+if,desired,1,1,1,1*LO + 1*IF,29280000000.0,29280000000.0,29280000000.0,0.0,0.0,-26.0799178555834,0.0,0,-1,1,-1,1,-1,1,single,0.0,0,1000.0,10.0,,10,auto,peak,
0,52,53,22000000000.0,7280000000.0,22000000000.0,7280000000.0,lo+if,IF_harmonic,0,4,1,0*LO + 4*IF,29120000000.0,29120000000.0,29119999657.3,-342.70000076293945,-342.70000076293945,-131.71181528823303,-105.63189743264962,1,-1,1,-1,1,-1,1,single,0.0,0,1000.0,10.0,,10,auto,peak,
0,52,53,22000000000.0,7280000000.0,22000000000.0,7280000000.0,lo+if,spur,2,2,-1,2*LO - 2*IF,29440000000.0,29440000000.0,29440000000.0,0.0,0.0,-89.86720349876116,-63.78728564317775,0,-1,1,-1,1,-1,1,single,0.0,0,1000.0,10.0,,10,auto,peak,
0,52,53,22000000000.0,7280000000.0,22000000000.0,7280000000.0,lo+if,spur,3,5,-1,3*LO - 5*IF,29600000000.0,29600000000.0,29599999839.2,-160.79999923706055,-160.79999923706055,-132.31238414301717,-106.23246628743377,1,-1,1,-1,1,-1,1,single,0.0,0,1000.0,10.0,,10,auto,peak,
