lo_index,if_index,point_index,lo_set_Hz,if_set_Hz,lo_model_Hz,if_model_Hz,mode,kind,m,n,sign,expression,expected_freq_Hz,expected_corr_freq_Hz,measured_freq_Hz,freq_error_Hz,freq_error_corr_Hz,power_dBm,rel_dBc_vs_desired,noise_limited,cluster_id,cluster_size,analytic_coincidence_id,analytic_coincidence_size,measured_coincidence_id,measured_coincidence_size,measurement_scope,cluster_window_half_width_Hz,cluster_window_fallback,span_Hz,rbw_Hz,vbw_Hz,avg_sweeps,marker_mode_global,marker_mode_effective,error
0,100,101,22000000000.0,8000000000.0,22000000000.0,8000000000.0,lo+if,desired,1,1,1,1*LO + 1*IF,30000000000.0,30000000000.0,30000000000.0,0.0,0.0,-24.026615838686194,0.0,0,-1,1,-1,1,-1,1,single,0.0,0,1000.0,10.0,,10,auto,peak,
0,100,101,22000000000.0,8000000000.0,22000000000.0,8000000000.0,lo+if,spur,3,5,-1,3*LO - 5*IF,26000000000.0,26000000000.0,25999999870.1,-129.9000015258789,-129.9000015258789,-128.42972517750522,-104.40310933881902,1,-1,1,-1,1,-1,1,single,0.0,0,1000.0,10.0,,10,auto,peak,
0,100,101,22000000000.0,8000000000.0,22000000000.0,8000000000.0,lo+if,spur,2,2,-1,2*LO - 2*IF,28000000000.0,28000000000.0,28000000000.0,0.0,0.0,-88.5576606741273,-64.53104483544111,0,-1,1,-1,1,-1,1,single,0.0,0,1000.0,10.0,,10,auto,peak,
0,100,101,22000000000.0,8000000000.0,22000000000.0,8000000000.0,lo+if,IF_harmonic,0,4,1,0*LO + 4*IF,32000000000.0,32000000000.0,32000000005.0,5.0,5.0,-131.39231389255792,-107.36569805387172,1,-1,1,-1,1,-1,1,single,0.0,0,1000.0,10.0,,10,auto,peak,
0,100,101,22000000000.0,8000000000.0,22000000000.0,8000000000.0,lo+if,spur,3,4,-1,3*LO - 4*IF,34000000000.0,34000000000.0,34000000263.7,263.70000076293945,263.70000076293945,-130.695285220452,-106.66866938176581,1,-1,1,-1,1,-1,1,single,0.0,0,1000.0,10.0,,10,auto,peak,
