lo_index,if_index,point_index,lo_set_Hz,if_set_Hz,lo_model_Hz,if_model_Hz,mode,kind,m,n,sign,expression,expected_freq_Hz,expected_corr_freq_Hz,measured_freq_Hz,freq_error_Hz,freq_error_corr_Hz,power_dBm,rel_dBc_vs_desired,noise_limited,cluster_id,cluster_size,analytic_coincidence_id,analytic_coincidence_size,measured_coincidence_id,measured_coincidence_size,measurement_scope,cluster_window_half_width_Hz,cluster_window_fallback,span_Hz,rbw_Hz,vbw_Hz,avg_sweeps,marker_mode_global,marker_mode_effective,error
0,59,60,22000000000.0,7385000000.0,22000000000.0,7385000000.0,lo+if,desired,1,1,1,1*LO + 1*IF,29385000000.0,29385000000.0,29385000000.0,0.0,0.0,-26.35209053715471,0.0,0,-1,1,-1,1,-1,1,single,0.0,0,1000.0,10.0,,10,auto,peak,
0,59,60,22000000000.0,7385000000.0,22000000000.0,7385000000.0,lo+if,spur,3,5,-1,3*LO - 5*IF,29075000000.0,29075000000.0,29074999575.4,-424.5999984741211,-424.5999984741211,-132.23452186065225,-105.88243132349754,1,-1,1,-1,1,-1,1,single,0.0,0,1000.0,10.0,,10,auto,peak,
0,59,60,22000000000.0,7385000000.0,22000000000.0,7385000000.0,lo+if,spur,2,2,-1,2*LO - 2*IF,29230000000.0,29230000000.0,29230000000.0,0.0,0.0,-92.08696767959793,-65.73487714244322,0,-1,1,-1,1,-1,1,single,0.0,0,1000.0,10.0,,10,auto,peak,
0,59,60,22000000000.0,7385000000.0,22000000000.0,7385000000.0,lo+if,IF_harmonic,0,4,1,0*LO + 4*IF,29540000000.0,29540000000.0,29540000248.8,248.79999923706055,248.79999923706055,-131.6781821606207,-105.326091623466,1,-1,1,-1,1,-1,1,single,0.0,0,1000.0,10.0,,10,auto,peak,
