lo_index,if_index,point_index,lo_set_Hz,if_set_Hz,lo_model_Hz,if_model_Hz,mode,kind,m,n,sign,expression,expected_freq_Hz,expected_corr_freq_Hz,measured_freq_Hz,freq_error_Hz,freq_error_corr_Hz,power_dBm,rel_dBc_vs_desired,noise_limited,cluster_id,cluster_size,analytic_coincidence_id,analytic_coincidence_size,measured_coincidence_id,measured_coincidence_size,measurement_scope,cluster_window_half_width_Hz,cluster_window_fallback,span_Hz,rbw_Hz,vbw_Hz,avg_sweeps,marker_mode_global,marker_mode_effective,error
0,96,97,22000000000.0,7940000000.0,22000000000.0,7940000000.0,lo+if,desired,1,1,1,1*LO + 1*IF,29940000000.0,29940000000.0,29940000000.0,0.0,0.0,-24.72491032677182,0.0,0,-1,1,-1,1,-1,1,single,0.0,0,1000.0,10.0,,10,auto,peak,
0,96,97,22000000000.0,7940000000.0,22000000000.0,7940000000.0,lo+if,spur,3,5,-1,3*LO - 5*IF,26300000000.0,26300000000.0,26299999606.4,-393.5999984741211,-393.5999984741211,-129.7405386469307,-105.01562832015888,1,-1,1,-1,1,-1,1,single,0.0,0,1000.0,10.0,,10,auto,peak,
0,96,97,22000000000.0,7940000000.0,22000000000.0,7940000000.0,lo+if,spur,2,2,-1,2*LO - 2*IF,28120000000.0,28120000000.0,28120000000.0,0.0,0.0,-86.09914350964267,-61.37423318287085,0,-1,1,-1,1,-1,1,single,0.0,0,1000.0,10.0,,10,auto,peak,
0,96,97,22000000000.0,7940000000.0,22000000000.0,7940000000.0,lo+if,IF_harmonic,0,4,1,0*LO + 4*IF,31760000000.0,31760000000.0,31760000231.8,231.79999923706055,231.79999923706055,-131.20359834918472,-106.4786880224129,1,-1,1,-1,1,-1,1,single,0.0,0,1000.0,10.0,,10,auto,peak,
0,96,97,22000000000.0,7940000000.0,22000000000.0,7940000000.0,lo+if,spur,3,4,-1,3*LO - 4*IF,34240000000.0,34240000000.0,34240000000.0,0.0,0.0,-130.10647950978867,-105.38156918301685,1,-1,1,-1,1,-1,1,single,0.0,0,1000.0,10.0,,10,auto,peak,
