lo_index,if_index,point_index,lo_set_Hz,if_set_Hz,lo_model_Hz,if_model_Hz,mode,kind,m,n,sign,expression,expected_freq_Hz,expected_corr_freq_Hz,measured_freq_Hz,freq_error_Hz,freq_error_corr_Hz,power_dBm,rel_dBc_vs_desired,noise_limited,cluster_id,cluster_size,analytic_coincidence_id,analytic_coincidence_size,measured_coincidence_id,measured_coincidence_size,measurement_scope,cluster_window_half_width_Hz,cluster_window_fallback,span_Hz,rbw_Hz,vbw_Hz,avg_sweeps,marker_mode_global,marker_mode_effective,error
0,74,75,23000000000.0,7610000000.0,23000000000.0,7610000000.0,lo+if,desired,1,1,1,1*LO + 1*IF,30610000000.0,30610000000.0,30610000000.0,0.0,0.0,-24.92497955678164,0.0,0,-1,1,-1,1,-1,1,single,0.0,0,1000.0,10.0,,10,auto,peak,
0,74,75,23000000000.0,7610000000.0,23000000000.0,7610000000.0,lo+if,IF_harmonic,0,4,1,0*LO + 4*IF,30440000000.0,30440000000.0,30440000000.0,0.0,0.0,-124.59123507563456,-99.66625551885292,1,-1,1,-1,1,-1,1,single,0.0,0,1000.0,10.0,,10,auto,peak,
0,74,75,23000000000.0,7610000000.0,23000000000.0,7610000000.0,lo+if,spur,2,2,-1,2*LO - 2*IF,30780000000.0,30780000000.0,30780000000.0,0.0,0.0,-94.7318216154615,-69.80684205867986,0,-1,1,-1,1,-1,1,single,0.0,0,1000.0,10.0,,10,auto,peak,
0,74,75,23000000000.0,7610000000.0,23000000000.0,7610000000.0,lo+if,spur,3,5,-1,3*LO - 5*IF,30950000000.0,30950000000.0,30950000330.7,330.70000076293945,330.70000076293945,-131.6318581519402,-106.70687859515857,1,-1,1,-1,1,-1,1,single,0.0,0,1000.0,10.0,,10,auto,peak,
