lo_index,if_index,point_index,lo_set_Hz,if_set_Hz,lo_model_Hz,if_model_Hz,mode,kind,m,n,sign,expression,expected_freq_Hz,expected_corr_freq_Hz,measured_freq_Hz,freq_error_Hz,freq_error_corr_Hz,power_dBm,rel_dBc_vs_desired,noise_limited,cluster_id,cluster_size,analytic_coincidence_id,analytic_coincidence_size,measured_coincidence_id,measured_coincidence_size,measurement_scope,cluster_window_half_width_Hz,cluster_window_fallback,span_Hz,rbw_Hz,vbw_Hz,avg_sweeps,marker_mode_global,marker_mode_effective,error
0,84,85,23000000000.0,7760000000.0,23000000000.0,7760000000.0,lo+if,desired,1,1,1,1*LO + 1*IF,30760000000.0,30760000000.0,30760000000.0,0.0,0.0,-25.296028533196946,0.0,0,-1,1,-1,1,-1,1,single,0.0,0,1000.0,10.0,,10,auto,peak,
0,84,85,23000000000.0,7760000000.0,23000000000.0,7760000000.0,lo+if,spur,3,5,-1,3*LO - 5*IF,30200000000.0,30200000000.0,30199999813.2,-186.79999923706055,-186.79999923706055,-131.41372080525804,-106.11769227206109,1,-1,1,-1,1,-1,1,single,0.0,0,1000.0,10.0,,10,auto,peak,
0,84,85,23000000000.0,7760000000.0,23000000000.0,7760000000.0,lo+if,spur,2,2,-1,2*LO - 2*IF,30480000000.0,30480000000.0,30480000000.0,0.0,0.0,-95.96478228115703,-70.66875374796008,0,-1,1,-1,1,-1,1,single,0.0,0,1000.0,10.0,,10,auto,peak,
0,84,85,23000000000.0,7760000000.0,23000000000.0,7760000000.0,lo+if,IF_harmonic,0,4,1,0*LO + 4*IF,31040000000.0,31040000000.0,31040000000.0,0.0,0.0,-127.25584427867673,-101.95981574547979,1,-1,1,-1,1,-1,1,single,0.0,0,1000.0,10.0,,10,auto,peak,
