lo_index,if_index,point_index,lo_set_Hz,if_set_Hz,lo_model_Hz,if_model_Hz,mode,kind,m,n,sign,expression,expected_freq_Hz,expected_corr_freq_Hz,measured_freq_Hz,freq_error_Hz,freq_error_corr_Hz,power_dBm,rel_dBc_vs_desired,noise_limited,cluster_id,cluster_size,analytic_coincidence_id,analytic_coincidence_size,measured_coincidence_id,measured_coincidence_size,measurement_scope,cluster_window_half_width_Hz,cluster_window_fallback,span_Hz,rbw_Hz,vbw_Hz,avg_sweeps,marker_mode_global,marker_mode_effective,error
0,18,19,23000000000.0,6770000000.0,23000000000.0,6770000000.0,lo+if,desired,1,1,1,1*LO + 1*IF,29770000000.0,29770000000.0,29770000000.0,0.0,0.0,-25.431619342511276,0.0,0,-1,1,-1,1,-1,1,single,0.0,0,1000.0,10.0,,10,auto,peak,
0,18,19,23000000000.0,6770000000.0,23000000000.0,6770000000.0,lo+if,spur,2,3,-1,2*LO - 3*IF,25690000000.0,25690000000.0,25690000000.0,0.0,0.0,-109.6654190688514,-84.23379972634012,0,-1,1,-1,1,-1,1,single,0.0,0,1000.0,10.0,,10,auto,peak,
0,18,19,23000000000.0,6770000000.0,23000000000.0,6770000000.0,lo+if,IF_harmonic,0,4,1,0*LO + 4*IF,27080000000.0,27080000000.0,27080000000.0,0.0,0.0,-101.89319706042886,-76.46157771791758,0,-1,1,-1,1,-1,1,single,0.0,0,1000.0,10.0,,10,auto,peak,
0,18,19,23000000000.0,6770000000.0,23000000000.0,6770000000.0,lo+if,spur,2,2,-1,2*LO - 2*IF,32460000000.0,32460000000.0,32460000000.0,0.0,0.0,-96.56196800613657,-71.13034866362528,0,-1,1,-1,1,-1,1,single,0.0,0,1000.0,10.0,,10,auto,peak,
0,18,19,23000000000.0,6770000000.0,23000000000.0,6770000000.0,lo+if,IF_harmonic,0,5,1,0*LO + 5*IF,33850000000.0,33850000000.0,33850000001.0,1.0,1.0,-125.5205855182357,-100.08896617572444,1,-1,1,-1,1,-1,1,single,0.0,0,1000.0,10.0,,10,auto,peak,
