lo_index,if_index,point_index,lo_set_Hz,if_set_Hz,lo_model_Hz,if_model_Hz,mode,kind,m,n,sign,expression,expected_freq_Hz,expected_corr_freq_Hz,measured_freq_Hz,freq_error_Hz,freq_error_corr_Hz,power_dBm,rel_dBc_vs_desired,noise_limited,cluster_id,cluster_size,analytic_coincidence_id,analytic_coincidence_size,measured_coincidence_id,measured_coincidence_size,measurement_scope,cluster_window_half_width_Hz,cluster_window_fallback,span_Hz,rbw_Hz,vbw_Hz,avg_sweeps,marker_mode_global,marker_mode_effective,error
0,59,60,23000000000.0,7385000000.0,23000000000.0,7385000000.0,lo+if,desired,1,1,1,1*LO + 1*IF,30385000000.0,30385000000.0,30385000000.0,0.0,0.0,-24.735800923670507,0.0,0,-1,1,-1,1,-1,1,single,0.0,0,1000.0,10.0,,10,auto,peak,
0,59,60,23000000000.0,7385000000.0,23000000000.0,7385000000.0,lo+if,IF_harmonic,0,4,1,0*LO + 4*IF,29540000000.0,29540000000.0,29539999999.0,-1.0,-1.0,-123.50192615150077,-98.76612522783026,1,-1,1,-1,1,-1,1,single,0.0,0,1000.0,10.0,,10,auto,peak,
0,59,60,23000000000.0,7385000000.0,23000000000.0,7385000000.0,lo+if,spur,2,2,-1,2*LO - 2*IF,31230000000.0,31230000000.0,31230000000.0,0.0,0.0,-92.92847608403514,-68.19267516036463,0,-1,1,-1,1,-1,1,single,0.0,0,1000.0,10.0,,10,auto,peak,
0,59,60,23000000000.0,7385000000.0,23000000000.0,7385000000.0,lo+if,spur,3,5,-1,3*LO - 5*IF,32075000000.0,32075000000.0,32075000499.5,499.5,499.5,-132.07947894124533,-107.34367801757482,1,-1,1,-1,1,-1,1,single,0.0,0,1000.0,10.0,,10,auto,peak,
