lo_index,if_index,point_index,lo_set_Hz,if_set_Hz,lo_model_Hz,if_model_Hz,mode,kind,m,n,sign,expression,expected_freq_Hz,expected_corr_freq_Hz,measured_freq_Hz,freq_error_Hz,freq_error_corr_Hz,power_dBm,rel_dBc_vs_desired,noise_limited,cluster_id,cluster_size,analytic_coincidence_id,analytic_coincidence_size,measured_coincidence_id,measured_coincidence_size,measurement_scope,cluster_window_half_width_Hz,cluster_window_fallback,span_Hz,rbw_Hz,vbw_Hz,avg_sweeps,marker_mode_global,marker_mode_effective,error
0,55,56,23000000000.0,7325000000.0,23000000000.0,7325000000.0,lo+if,desired,1,1,1,1*LO + 1*IF,30325000000.0,30325000000.0,30325000000.0,0.0,0.0,-25.600487700336657,0.0,0,-1,1,-1,1,-1,1,single,0.0,0,1000.0,10.0,,10,auto,peak,
0,55,56,23000000000.0,7325000000.0,23000000000.0,7325000000.0,lo+if,IF_harmonic,0,4,1,0*LO + 4*IF,29300000000.0,29300000000.0,29300000001.0,1.0,1.0,-126.94277451691279,-101.34228681657613,1,-1,1,-1,1,-1,1,single,0.0,0,1000.0,10.0,,10,auto,peak,
0,55,56,23000000000.0,7325000000.0,23000000000.0,7325000000.0,lo+if,spur,2,2,-1,2*LO - 2*IF,31350000000.0,31350000000.0,31350000000.0,0.0,0.0,-98.29692081706314,-72.69643311672648,0,-1,1,-1,1,-1,1,single,0.0,0,1000.0,10.0,,10,auto,peak,
0,55,56,23000000000.0,7325000000.0,23000000000.0,7325000000.0,lo+if,spur,3,5,-1,3*LO - 5*IF,32375000000.0,32375000000.0,32374999815.2,-184.79999923706055,-184.79999923706055,-131.6822526357318,-106.08176493539514,1,-1,1,-1,1,-1,1,single,0.0,0,1000.0,10.0,,10,auto,peak,
