lo_index,if_index,point_index,lo_set_Hz,if_set_Hz,lo_model_Hz,if_model_Hz,mode,kind,m,n,sign,expression,expected_freq_Hz,expected_corr_freq_Hz,measured_freq_Hz,freq_error_Hz,freq_error_corr_Hz,power_dBm,rel_dBc_vs_desired,noise_limited,cluster_id,cluster_size,analytic_coincidence_id,analytic_coincidence_size,measured_coincidence_id,measured_coincidence_size,measurement_scope,cluster_window_half_width_Hz,cluster_window_fallback,span_Hz,rbw_Hz,vbw_Hz,avg_sweeps,marker_mode_global,marker_mode_effective,error
0,45,46,23000000000.0,7175000000.0,23000000000.0,7175000000.0,lo+if,desired,1,1,1,1*LO + 1*IF,30175000000.0,30175000000.0,30175000000.0,0.0,0.0,-25.795595733249645,0.0,0,-1,1,-1,1,-1,1,single,0.0,0,1000.0,10.0,,10,auto,peak,
0,45,46,23000000000.0,7175000000.0,23000000000.0,7175000000.0,lo+if,IF_harmonic,0,4,1,0*LO + 4*IF,28700000000.0,28700000000.0,28700000000.0,0.0,0.0,-129.71726282514996,-103.92166709190032,1,-1,1,-1,1,-1,1,single,0.0,0,1000.0,10.0,,10,auto,peak,
0,45,46,23000000000.0,7175000000.0,23000000000.0,7175000000.0,lo+if,spur,2,2,-1,2*LO - 2*IF,31650000000.0,31650000000.0,31650000000.0,0.0,0.0,-97.76311951505456,-71.96752378180491,0,-1,1,-1,1,-1,1,single,0.0,0,1000.0,10.0,,10,auto,peak,
0,45,46,23000000000.0,7175000000.0,23000000000.0,7175000000.0,lo+if,spur,3,5,-1,3*LO - 5*IF,33125000000.0,33125000000.0,33125000021.0,21.0,21.0,-132.41854906504057,-106.62295333179092,1,-1,1,-1,1,-1,1,single,0.0,0,1000.0,10.0,,10,auto,peak,
