lo_index,if_index,point_index,lo_set_Hz,if_set_Hz,lo_model_Hz,if_model_Hz,mode,kind,m,n,sign,expression,expected_freq_Hz,expected_corr_freq_Hz,measured_freq_Hz,freq_error_Hz,freq_error_corr_Hz,power_dBm,rel_dBc_vs_desired,noise_limited,cluster_id,cluster_size,analytic_coincidence_id,analytic_coincidence_size,measured_coincidence_id,measured_coincidence_size,measurement_scope,cluster_window_half_width_Hz,cluster_window_fallback,span_Hz,rbw_Hz,vbw_Hz,avg_sweeps,marker_mode_global,marker_mode_effective,error
0,1,2,23000000000.0,6515000000.0,23000000000.0,6515000000.0,lo+if,desired,1,1,1,1*LO + 1*IF,29515000000.0,29515000000.0,29515000000.0,0.0,0.0,-25.198856870950493,0.0,0,-1,1,-1,1,-1,1,single,0.0,0,1000.0,10.0,,10,auto,peak,
0,1,2,23000000000.0,6515000000.0,23000000000.0,6515000000.0,lo+if,IF_harmonic,0,4,1,0*LO + 4*IF,26060000000.0,26060000000.0,26060000000.0,0.0,0.0,-109.08857365255383,-83.88971678160334,0,-1,1,-1,1,-1,1,single,0.0,0,1000.0,10.0,,10,auto,peak,
0,1,2,23000000000.0,6515000000.0,23000000000.0,6515000000.0,lo+if,spur,2,3,-1,2*LO - 3*IF,26455000000.0,26455000000.0,26455000000.0,0.0,0.0,-110.46623588591986,-85.26737901496936,0,-1,1,-1,1,-1,1,single,0.0,0,1000.0,10.0,,10,auto,peak,
0,1,2,23000000000.0,6515000000.0,23000000000.0,6515000000.0,lo+if,IF_harmonic,0,5,1,0*LO + 5*IF,32575000000.0,32575000000.0,32574999999.0,-1.0,-1.0,-123.96913413801076,-98.77027726706027,1,-1,1,-1,1,-1,1,single,0.0,0,1000.0,10.0,,10,auto,peak,
0,1,2,23000000000.0,6515000000.0,23000000000.0,6515000000.0,lo+if,spur,2,2,-1,2*LO - 2*IF,32970000000.0,32970000000.0,32970000000.0,0.0,0.0,-97.32513245923039,-72.1262755882799,0,-1,1,-1,1,-1,1,single,0.0,0,1000.0,10.0,,10,auto,peak,
