lo_index,if_index,point_index,lo_set_Hz,if_set_Hz,lo_model_Hz,if_model_Hz,mode,kind,m,n,sign,expression,expected_freq_Hz,expected_corr_freq_Hz,measured_freq_Hz,freq_error_Hz,freq_error_corr_Hz,power_dBm,rel_dBc_vs_desired,noise_limited,cluster_id,cluster_size,analytic_coincidence_id,analytic_coincidence_size,measured_coincidence_id,measured_coincidence_size,measurement_scope,cluster_window_half_width_Hz,cluster_window_fallback,span_Hz,rbw_Hz,vbw_Hz,avg_sweeps,marker_mode_global,marker_mode_effective,error
0,87,88,23000000000.0,7805000000.0,23000000000.0,7805000000.0,lo+if,desired,1,1,1,1*LO + 1*IF,30805000000.0,30805000000.0,30805000000.0,0.0,0.0,-25.18079179802566,0.0,0,-1,1,-1,1,-1,1,single,0.0,0,1000.0,10.0,,10,auto,peak,
0,87,88,23000000000.0,7805000000.0,23000000000.0,7805000000.0,lo+if,spur,3,5,-1,3*LO - 5*IF,29975000000.0,29975000000.0,29975000370.6,370.5999984741211,370.5999984741211,-132.90086058056738,-107.72006878254172,1,-1,1,-1,1,-1,1,single,0.0,0,1000.0,10.0,,10,auto,peak,
0,87,88,23000000000.0,7805000000.0,23000000000.0,7805000000.0,lo+if,spur,2,2,-1,2*LO - 2*IF,30390000000.0,30390000000.0,30390000000.0,0.0,0.0,-97.4773871315382,-72.29659533351253,0,-1,1,-1,1,-1,1,single,0.0,0,1000.0,10.0,,10,auto,peak,
0,87,88,23000000000.0,7805000000.0,23000000000.0,7805000000.0,lo+if,IF_harmonic,0,4,1,0*LO + 4*IF,31220000000.0,31220000000.0,31219999998.0,-2.0,-2.0,-126.5260862107404,-101.34529441271474,1,-1,1,-1,1,-1,1,single,0.0,0,1000.0,10.0,,10,auto,peak,
