lo_index,if_index,point_index,lo_set_Hz,if_set_Hz,lo_model_Hz,if_model_Hz,mode,kind,m,n,sign,expression,expected_freq_Hz,expected_corr_freq_Hz,measured_freq_Hz,freq_error_Hz,freq_error_corr_Hz,power_dBm,rel_dBc_vs_desired,noise_limited,cluster_id,cluster_size,analytic_coincidence_id,analytic_coincidence_size,measured_coincidence_id,measured_coincidence_size,measurement_scope,cluster_window_half_width_Hz,cluster_window_fallback,span_Hz,rbw_Hz,vbw_Hz,avg_sweeps,marker_mode_global,marker_mode_effective,error
0,52,53,23000000000.0,7280000000.0,23000000000.0,7280000000.0,lo+if,desired,1,1,1,1*LO + 1*IF,30280000000.0,30280000000.0,30280000000.0,0.0,0.0,-25.902242140938768,0.0,0,-1,1,-1,1,-1,1,single,0.0,0,1000.0,10.0,,10,auto,peak,
0,52,53,23000000000.0,7280000000.0,23000000000.0,7280000000.0,lo+if,IF_harmonic,0,4,1,0*LO + 4*IF,29120000000.0,29120000000.0,29119999998.0,-2.0,-2.0,-125.73362274811365,-99.83138060717488,1,-1,1,-1,1,-1,1,single,0.0,0,1000.0,10.0,,10,auto,peak,
0,52,53,23000000000.0,7280000000.0,23000000000.0,7280000000.0,lo+if,spur,2,2,-1,2*LO - 2*IF,31440000000.0,31440000000.0,31440000000.0,0.0,0.0,-99.35902313254769,-73.45678099160892,0,-1,1,-1,1,-1,1,single,0.0,0,1000.0,10.0,,10,auto,peak,
0,52,53,23000000000.0,7280000000.0,23000000000.0,7280000000.0,lo+if,spur,3,5,-1,3*LO - 5*IF,32600000000.0,32600000000.0,32599999580.4,-419.5999984741211,-419.5999984741211,-131.96869849426207,-106.0664563533233,1,-1,1,-1,1,-1,1,single,0.0,0,1000.0,10.0,,10,auto,peak,
