lo_index,if_index,point_index,lo_set_Hz,if_set_Hz,lo_model_Hz,if_model_Hz,mode,kind,m,n,sign,expression,expected_freq_Hz,expected_corr_freq_Hz,measured_freq_Hz,freq_error_Hz,freq_error_corr_Hz,power_dBm,rel_dBc_vs_desired,noise_limited,cluster_id,cluster_size,analytic_coincidence_id,analytic_coincidence_size,measured_coincidence_id,measured_coincidence_size,measurement_scope,cluster_window_half_width_Hz,cluster_window_fallback,span_Hz,rbw_Hz,vbw_Hz,avg_sweeps,marker_mode_global,marker_mode_effective,error
0,5,6,23000000000.0,6575000000.0,23000000000.0,6575000000.0,lo+if,desired,1,1,1,1*LO + 1*IF,29575000000.0,29575000000.0,29575000000.0,0.0,0.0,-26.116421970903293,0.0,0,-1,1,-1,1,-1,1,single,0.0,0,1000.0,10.0,,10,auto,peak,
0,5,6,23000000000.0,6575000000.0,23000000000.0,6575000000.0,lo+if,spur,2,3,-1,2*LO - 3*IF,26275000000.0,26275000000.0,26275000000.0,0.0,0.0,-109.81287662795711,-83.69645465705382,0,-1,1,-1,1,-1,1,single,0.0,0,1000.0,10.0,,10,auto,peak,
0,5,6,23000000000.0,6575000000.0,23000000000.0,6575000000.0,lo+if,IF_harmonic,0,4,1,0*LO + 4*IF,26300000000.0,26300000000.0,26300000000.0,0.0,0.0,-108.84163687661595,-82.72521490571266,0,-1,1,-1,1,-1,1,single,0.0,0,1000.0,10.0,,10,auto,peak,
0,5,6,23000000000.0,6575000000.0,23000000000.0,6575000000.0,lo+if,spur,2,2,-1,2*LO - 2*IF,32850000000.0,32850000000.0,32850000000.0,0.0,0.0,-98.19578032524724,-72.07935835434395,0,-1,1,-1,1,-1,1,single,0.0,0,1000.0,10.0,,10,auto,peak,
0,5,6,23000000000.0,6575000000.0,23000000000.0,6575000000.0,lo+if,IF_harmonic,0,5,1,0*LO + 5*IF,32875000000.0,32875000000.0,32874999999.0,-1.0,-1.0,-126.27007236758656,-100.15365039668328,1,-1,1,-1,1,-1,1,single,0.0,0,1000.0,10.0,,10,auto,peak,
