lo_index,if_index,point_index,lo_set_Hz,if_set_Hz,lo_model_Hz,if_model_Hz,mode,kind,m,n,sign,expression,expected_freq_Hz,expected_corr_freq_Hz,measured_freq_Hz,freq_error_Hz,freq_error_corr_Hz,power_dBm,rel_dBc_vs_desired,noise_limited,cluster_id,cluster_size,analytic_coincidence_id,analytic_coincidence_size,measured_coincidence_id,measured_coincidence_size,measurement_scope,cluster_window_half_width_Hz,cluster_window_fallback,span_Hz,rbw_Hz,vbw_Hz,avg_sweeps,marker_mode_global,marker_mode_effective,error
0,67,68,23000000000.0,7505000000.0,23000000000.0,7505000000.0,lo+if,desired,1,1,1,1*LO + 1*IF,30505000000.0,30505000000.0,30505000000.0,0.0,0.0,-26.31475387446672,0.0,0,-1,1,-1,1,-1,1,single,0.0,0,1000.0,10.0,,10,auto,peak,
0,67,68,23000000000.0,7505000000.0,23000000000.0,7505000000.0,lo+if,IF_harmonic,0,4,1,0*LO + 4*IF,30020000000.0,30020000000.0,30020000001.0,1.0,1.0,-129.39798278254412,-103.0832289080774,1,-1,1,-1,1,-1,1,single,0.0,0,1000.0,10.0,,10,auto,peak,
0,67,68,23000000000.0,7505000000.0,23000000000.0,7505000000.0,lo+if,spur,2,2,-1,2*LO - 2*IF,30990000000.0,30990000000.0,30990000000.0,0.0,0.0,-96.42968437563138,-70.11493050116466,0,-1,1,-1,1,-1,1,single,0.0,0,1000.0,10.0,,10,auto,peak,
0,67,68,23000000000.0,7505000000.0,23000000000.0,7505000000.0,lo+if,spur,3,5,-1,3*LO - 5*IF,31475000000.0,31475000000.0,31475000349.7,349.70000076293945,349.70000076293945,-131.32294637489326,-105.00819250042655,1,-1,1,-1,1,-1,1,single,0.0,0,1000.0,10.0,,10,auto,peak,
