lo_index,if_index,point_index,lo_set_Hz,if_set_Hz,lo_model_Hz,if_model_Hz,mode,kind,m,n,sign,expression,expected_freq_Hz,expected_corr_freq_Hz,measured_freq_Hz,freq_error_Hz,freq_error_corr_Hz,power_dBm,rel_dBc_vs_desired,noise_limited,cluster_id,cluster_size,analytic_coincidence_id,analytic_coincidence_size,measured_coincidence_id,measured_coincidence_size,measurement_scope,cluster_window_half_width_Hz,cluster_window_fallback,span_Hz,rbw_Hz,vbw_Hz,avg_sweeps,marker_mode_global,marker_mode_effective,error
0,13,14,23000000000.0,6695000000.0,23000000000.0,6695000000.0,lo+if,desired,1,1,1,1*LO + 1*IF,29695000000.0,29695000000.0,29695000000.0,0.0,0.0,-25.21087992805612,0.0,0,-1,1,-1,1,-1,1,single,0.0,0,1000.0,10.0,,10,auto,peak,
0,13,14,23000000000.0,6695000000.0,23000000000.0,6695000000.0,lo+if,spur,2,3,-1,2*LO - 3*IF,25915000000.0,25915000000.0,25915000000.0,0.0,0.0,-108.74374923022648,-83.53286930217037,0,-1,1,-1,1,-1,1,single,0.0,0,1000.0,10.0,,10,auto,peak,
0,13,14,23000000000.0,6695000000.0,23000000000.0,6695000000.0,lo+if,IF_harmonic,0,4,1,0*LO + 4*IF,26780000000.0,26780000000.0,26780000000.0,0.0,0.0,-118.52652767961801,-93.3156477515619,0,-1,1,-1,1,-1,1,single,0.0,0,1000.0,10.0,,10,auto,peak,
0,13,14,23000000000.0,6695000000.0,23000000000.0,6695000000.0,lo+if,spur,2,2,-1,2*LO - 2*IF,32610000000.0,32610000000.0,32610000000.0,0.0,0.0,-99.49532212698875,-74.28444219893264,0,-1,1,-1,1,-1,1,single,0.0,0,1000.0,10.0,,10,auto,peak,
0,13,14,23000000000.0,6695000000.0,23000000000.0,6695000000.0,lo+if,IF_harmonic,0,5,1,0*LO + 5*IF,33475000000.0,33475000000.0,33475000001.0,1.0,1.0,-128.29767184587172,-103.0867919178156,1,-1,1,-1,1,-1,1,single,0.0,0,1000.0,10.0,,10,auto,peak,
