lo_index,if_index,point_index,lo_set_Hz,if_set_Hz,lo_model_Hz,if_model_Hz,mode,kind,m,n,sign,expression,expected_freq_Hz,expected_corr_freq_Hz,measured_freq_Hz,freq_error_Hz,freq_error_corr_Hz,power_dBm,rel_dBc_vs_desired,noise_limited,cluster_id,cluster_size,analytic_coincidence_id,analytic_coincidence_size,measured_coincidence_id,measured_coincidence_size,measurement_scope,cluster_window_half_width_Hz,cluster_window_fallback,span_Hz,rbw_Hz,vbw_Hz,avg_sweeps,marker_mode_global,marker_mode_effective,error
0,39,40,23000000000.0,7085000000.0,23000000000.0,7085000000.0,lo+if,desired,1,1,1,1*LO + 1*IF,30085000000.0,30085000000.0,30085000000.0,0.0,0.0,-26.090352045845037,0.0,0,-1,1,-1,1,-1,1,single,0.0,0,1000.0,10.0,,10,auto,peak,
0,39,40,23000000000.0,7085000000.0,23000000000.0,7085000000.0,lo+if,IF_harmonic,0,4,1,0*LO + 4*IF,28340000000.0,28340000000.0,28340000000.0,0.0,0.0,-111.68576498796591,-85.59541294212087,0,-1,1,-1,1,-1,1,single,0.0,0,1000.0,10.0,,10,auto,peak,
0,39,40,23000000000.0,7085000000.0,23000000000.0,7085000000.0,lo+if,spur,2,2,-1,2*LO - 2*IF,31830000000.0,31830000000.0,31830000000.0,0.0,0.0,-97.55096286960202,-71.46061082375698,0,-1,1,-1,1,-1,1,single,0.0,0,1000.0,10.0,,10,auto,peak,
0,39,40,23000000000.0,7085000000.0,23000000000.0,7085000000.0,lo+if,spur,3,5,-1,3*LO - 5*IF,33575000000.0,33575000000.0,33575000456.5,456.5,456.5,-132.19519147789447,-106.10483943204943,1,-1,1,-1,1,-1,1,single,0.0,0,1000.0,10.0,,10,auto,peak,
