lo_index,if_index,point_index,lo_set_Hz,if_set_Hz,lo_model_Hz,if_model_Hz,mode,kind,m,n,sign,expression,expected_freq_Hz,expected_corr_freq_Hz,measured_freq_Hz,freq_error_Hz,freq_error_corr_Hz,power_dBm,rel_dBc_vs_desired,noise_limited,cluster_id,cluster_size,analytic_coincidence_id,analytic_coincidence_size,measured_coincidence_id,measured_coincidence_size,measurement_scope,cluster_window_half_width_Hz,cluster_window_fallback,span_Hz,rbw_Hz,vbw_Hz,avg_sweeps,marker_mode_global,marker_mode_effective,error
0,76,77,23000000000.0,7640000000.0,23000000000.0,7640000000.0,lo+if,desired,1,1,1,1*LO + 1*IF,30640000000.0,30640000000.0,30640000000.0,0.0,0.0,-24.90086296792144,0.0,0,-1,1,-1,1,-1,1,single,0.0,0,1000.0,10.0,,10,auto,peak,
0,76,77,23000000000.0,7640000000.0,23000000000.0,7640000000.0,lo+if,IF_harmonic,0,4,1,0*LO + 4*IF,30560000000.0,30560000000.0,30560000000.0,0.0,0.0,-124.03749673727728,-99.13663376935584,1,-1,1,-1,1,-1,1,single,0.0,0,1000.0,10.0,,10,auto,peak,
0,76,77,23000000000.0,7640000000.0,23000000000.0,7640000000.0,lo+if,spur,2,2,-1,2*LO - 2*IF,30720000000.0,30720000000.0,30720000000.0,0.0,0.0,-92.051369070507,-67.15050610258555,0,-1,1,-1,1,-1,1,single,0.0,0,1000.0,10.0,,10,auto,peak,
0,76,77,23000000000.0,7640000000.0,23000000000.0,7640000000.0,lo+if,spur,3,5,-1,3*LO - 5*IF,30800000000.0,30800000000.0,30800000396.6,396.5999984741211,396.5999984741211,-131.21418781146016,-106.31332484353872,1,-1,1,-1,1,-1,1,single,0.0,0,1000.0,10.0,,10,auto,peak,
