lo_index,if_index,point_index,lo_set_Hz,if_set_Hz,lo_model_Hz,if_model_Hz,mode,kind,m,n,sign,expression,expected_freq_Hz,expected_corr_freq_Hz,measured_freq_Hz,freq_error_Hz,freq_error_corr_Hz,power_dBm,rel_dBc_vs_desired,noise_limited,cluster_id,cluster_size,analytic_coincidence_id,analytic_coincidence_size,measured_coincidence_id,measured_coincidence_size,measurement_scope,cluster_window_half_width_Hz,cluster_window_fallback,span_Hz,rbw_Hz,vbw_Hz,avg_sweeps,marker_mode_global,marker_mode_effective,error
0,60,61,23000000000.0,7400000000.0,23000000000.0,7400000000.0,lo+if,desired,1,1,1,1*LO + 1*IF,30400000000.0,30400000000.0,30400000000.0,0.0,0.0,-24.744024181999542,0.0,0,-1,1,-1,1,-1,1,single,0.0,0,1000.0,10.0,,10,auto,peak,
0,60,61,23000000000.0,7400000000.0,23000000000.0,7400000000.0,lo+if,IF_harmonic,0,4,1,0*LO + 4*IF,29600000000.0,29600000000.0,29600000001.0,1.0,1.0,-124.23589937715843,-99.49187519515888,1,-1,1,-1,1,-1,1,single,0.0,0,1000.0,10.0,,10,auto,peak,
0,60,61,23000000000.0,7400000000.0,23000000000.0,7400000000.0,lo+if,spur,2,2,-1,2*LO - 2*IF,31200000000.0,31200000000.0,31200000000.0,0.0,0.0,-92.6397724625811,-67.89574828058156,0,-1,1,-1,1,-1,1,single,0.0,0,1000.0,10.0,,10,auto,peak,
0,60,61,23000000000.0,7400000000.0,23000000000.0,7400000000.0,lo+if,spur,3,5,-1,3*LO - 5*IF,32000000000.0,32000000000.0,32000000003.0,3.0,3.0,-131.37649581889028,-106.63247163689073,1,-1,1,-1,1,-1,1,single,0.0,0,1000.0,10.0,,10,auto,peak,
