lo_index,if_index,point_index,lo_set_Hz,if_set_Hz,lo_model_Hz,if_model_Hz,mode,kind,m,n,sign,expression,expected_freq_Hz,expected_corr_freq_Hz,measured_freq_Hz,freq_error_Hz,freq_error_corr_Hz,power_dBm,rel_dBc_vs_desired,noise_limited,cluster_id,cluster_size,analytic_coincidence_id,analytic_coincidence_size,measured_coincidence_id,measured_coincidence_size,measurement_scope,cluster_window_half_width_Hz,cluster_window_fallback,span_Hz,rbw_Hz,vbw_Hz,avg_sweeps,marker_mode_global,marker_mode_effective,error
0,62,63,23000000000.0,7430000000.0,23000000000.0,7430000000.0,lo+if,desired,1,1,1,1*LO + 1*IF,30430000000.0,30430000000.0,30430000000.0,0.0,0.0,-24.998905463204977,0.0,0,-1,1,-1,1,-1,1,single,0.0,0,1000.0,10.0,,10,auto,peak,
0,62,63,23000000000.0,7430000000.0,23000000000.0,7430000000.0,lo+if,IF_harmonic,0,4,1,0*LO + 4*IF,29720000000.0,29720000000.0,29720000000.0,0.0,0.0,-124.66932693867187,-99.6704214754669,1,-1,1,-1,1,-1,1,single,0.0,0,1000.0,10.0,,10,auto,peak,
0,62,63,23000000000.0,7430000000.0,23000000000.0,7430000000.0,lo+if,spur,2,2,-1,2*LO - 2*IF,31140000000.0,31140000000.0,31140000000.0,0.0,0.0,-93.92252681573402,-68.92362135252904,0,-1,1,-1,1,-1,1,single,0.0,0,1000.0,10.0,,10,auto,peak,
0,62,63,23000000000.0,7430000000.0,23000000000.0,7430000000.0,lo+if,spur,3,5,-1,3*LO - 5*IF,31850000000.0,31850000000.0,31850000275.7,275.70000076293945,275.70000076293945,-130.8317138715322,-105.83280840832722,1,-1,1,-1,1,-1,1,single,0.0,0,1000.0,10.0,,10,auto,peak,
