lo_index,if_index,point_index,lo_set_Hz,if_set_Hz,lo_model_Hz,if_model_Hz,mode,kind,m,n,sign,expression,expected_freq_Hz,expected_corr_freq_Hz,measured_freq_Hz,freq_error_Hz,freq_error_corr_Hz,power_dBm,rel_dBc_vs_desired,noise_limited,cluster_id,cluster_size,analytic_coincidence_id,analytic_coincidence_size,measured_coincidence_id,measured_coincidence_size,measurement_scope,cluster_window_half_width_Hz,cluster_window_fallback,span_Hz,rbw_Hz,vbw_Hz,avg_sweeps,marker_mode_global,marker_mode_effective,error
0,12,13,23000000000.0,6680000000.0,23000000000.0,6680000000.0,lo+if,desired,1,1,1,1*LO + 1*IF,29680000000.0,29680000000.0,29680000000.0,0.0,0.0,-25.414072911124535,0.0,0,-1,1,-1,1,-1,1,single,0.0,0,1000.0,10.0,,10,auto,peak,
0,12,13,23000000000.0,6680000000.0,23000000000.0,6680000000.0,lo+if,spur,2,3,-1,2*LO - 3*IF,25960000000.0,25960000000.0,25960000000.0,0.0,0.0,-108.56070463745019,-83.14663172632565,0,-1,1,-1,1,-1,1,single,0.0,0,1000.0,10.0,,10,auto,peak,
0,12,13,23000000000.0,6680000000.0,23000000000.0,6680000000.0,lo+if,IF_harmonic,0,4,1,0*LO + 4*IF,26720000000.0,26720000000.0,26720000000.0,0.0,0.0,-118.24002049533851,-92.82594758421398,0,-1,1,-1,1,-1,1,single,0.0,0,1000.0,10.0,,10,auto,peak,
0,12,13,23000000000.0,6680000000.0,23000000000.0,6680000000.0,lo+if,spur,2,2,-1,2*LO - 2*IF,32640000000.0,32640000000.0,32640000000.0,0.0,0.0,-99.22766707577821,-73.81359416465368,0,-1,1,-1,1,-1,1,single,0.0,0,1000.0,10.0,,10,auto,peak,
0,12,13,23000000000.0,6680000000.0,23000000000.0,6680000000.0,lo+if,IF_harmonic,0,5,1,0*LO + 5*IF,33400000000.0,33400000000.0,33400000001.0,1.0,1.0,-129.14815038493563,-103.7340774738111,1,-1,1,-1,1,-1,1,single,0.0,0,1000.0,10.0,,10,auto,peak,
