lo_index,if_index,point_index,lo_set_Hz,if_set_Hz,lo_model_Hz,if_model_Hz,mode,kind,m,n,sign,expression,expected_freq_Hz,expected_corr_freq_Hz,measured_freq_Hz,freq_error_Hz,freq_error_corr_Hz,power_dBm,rel_dBc_vs_desired,noise_limited,cluster_id,cluster_size,analytic_coincidence_id,analytic_coincidence_size,measured_coincidence_id,measured_coincidence_size,measurement_scope,cluster_window_half_width_Hz,cluster_window_fallback,span_Hz,rbw_Hz,vbw_Hz,avg_sweeps,marker_mode_global,marker_mode_effective,error
0,96,97,23000000000.0,7940000000.0,23000000000.0,7940000000.0,lo+if,desired,1,1,1,1*LO + 1*IF,30940000000.0,30940000000.0,30940000000.0,0.0,0.0,-25.026382714615035,0.0,0,-1,1,-1,1,-1,1,single,0.0,0,1000.0,10.0,,10,auto,peak,
0,96,97,23000000000.0,7940000000.0,23000000000.0,7940000000.0,lo+if,spur,3,5,-1,3*LO - 5*IF,29300000000.0,29300000000.0,29299999731.3,-268.70000076293945,-268.70000076293945,-131.71444656771448,-106.68806385309944,1,-1,1,-1,1,-1,1,single,0.0,0,1000.0,10.0,,10,auto,peak,
0,96,97,23000000000.0,7940000000.0,23000000000.0,7940000000.0,lo+if,spur,2,2,-1,2*LO - 2*IF,30120000000.0,30120000000.0,30120000000.0,0.0,0.0,-94.58857615840175,-69.56219344378671,0,-1,1,-1,1,-1,1,single,0.0,0,1000.0,10.0,,10,auto,peak,
0,96,97,23000000000.0,7940000000.0,23000000000.0,7940000000.0,lo+if,IF_harmonic,0,4,1,0*LO + 4*IF,31760000000.0,31760000000.0,31759999999.0,-1.0,-1.0,-123.76555030289397,-98.73916758827893,1,-1,1,-1,1,-1,1,single,0.0,0,1000.0,10.0,,10,auto,peak,
