lo_index,if_index,point_index,lo_set_Hz,if_set_Hz,lo_model_Hz,if_model_Hz,mode,kind,m,n,sign,expression,expected_freq_Hz,expected_corr_freq_Hz,measured_freq_Hz,freq_error_Hz,freq_error_corr_Hz,power_dBm,rel_dBc_vs_desired,noise_limited,cluster_id,cluster_size,analytic_coincidence_id,analytic_coincidence_size,measured_coincidence_id,measured_coincidence_size,measurement_scope,cluster_window_half_width_Hz,cluster_window_fallback,span_Hz,rbw_Hz,vbw_Hz,avg_sweeps,marker_mode_global,marker_mode_effective,error
0,83,84,23000000000.0,7745000000.0,23000000000.0,7745000000.0,lo+if,desired,1,1,1,1*LO + 1*IF,30745000000.0,30745000000.0,30745000000.0,0.0,0.0,-25.10934459324546,0.0,0,-1,1,-1,1,-1,1,single,0.0,0,1000.0,10.0,,10,auto,peak,
0,83,84,23000000000.0,7745000000.0,23000000000.0,7745000000.0,lo+if,spur,3,5,-1,3*LO - 5*IF,30275000000.0,30275000000.0,30275000479.5,479.5,479.5,-131.80024034692144,-106.69089575367599,1,-1,1,-1,1,-1,1,single,0.0,0,1000.0,10.0,,10,auto,peak,
0,83,84,23000000000.0,7745000000.0,23000000000.0,7745000000.0,lo+if,spur,2,2,-1,2*LO - 2*IF,30510000000.0,30510000000.0,30510000000.0,0.0,0.0,-96.23480527885496,-71.12546068560951,0,-1,1,-1,1,-1,1,single,0.0,0,1000.0,10.0,,10,auto,peak,
0,83,84,23000000000.0,7745000000.0,23000000000.0,7745000000.0,lo+if,IF_harmonic,0,4,1,0*LO + 4*IF,30980000000.0,30980000000.0,30980000002.0,2.0,2.0,-127.53999372782657,-102.4306491345811,1,-1,1,-1,1,-1,1,single,0.0,0,1000.0,10.0,,10,auto,peak,
