lo_index,if_index,point_index,lo_set_Hz,if_set_Hz,lo_model_Hz,if_model_Hz,mode,kind,m,n,sign,expression,expected_freq_Hz,expected_corr_freq_Hz,measured_freq_Hz,freq_error_Hz,freq_error_corr_Hz,power_dBm,rel_dBc_vs_desired,noise_limited,cluster_id,cluster_size,analytic_coincidence_id,analytic_coincidence_size,measured_coincidence_id,measured_coincidence_size,measurement_scope,cluster_window_half_width_Hz,cluster_window_fallback,span_Hz,rbw_Hz,vbw_Hz,avg_sweeps,marker_mode_global,marker_mode_effective,error
0,21,22,23000000000.0,6815000000.0,23000000000.0,6815000000.0,lo+if,desired,1,1,1,1*LO + 1*IF,29815000000.0,29815000000.0,29815000000.0,0.0,0.0,-25.530943137936994,0.0,0,-1,1,-1,1,-1,1,single,0.0,0,1000.0,10.0,,10,auto,peak,
0,21,22,23000000000.0,6815000000.0,23000000000.0,6815000000.0,lo+if,spur,2,3,-1,2*LO - 3*IF,25555000000.0,25555000000.0,25555000000.0,0.0,0.0,-109.94387116865198,-84.412928030715,0,-1,1,-1,1,-1,1,single,0.0,0,1000.0,10.0,,10,auto,peak,
0,21,22,23000000000.0,6815000000.0,23000000000.0,6815000000.0,lo+if,IF_harmonic,0,4,1,0*LO + 4*IF,27260000000.0,27260000000.0,27260000000.0,0.0,0.0,-101.51361827755991,-75.98267513962293,0,-1,1,-1,1,-1,1,single,0.0,0,1000.0,10.0,,10,auto,peak,
0,21,22,23000000000.0,6815000000.0,23000000000.0,6815000000.0,lo+if,spur,2,2,-1,2*LO - 2*IF,32370000000.0,32370000000.0,32370000000.0,0.0,0.0,-96.16317342052088,-70.63223028258389,0,-1,1,-1,1,-1,1,single,0.0,0,1000.0,10.0,,10,auto,peak,
0,21,22,23000000000.0,6815000000.0,23000000000.0,6815000000.0,lo+if,IF_harmonic,0,5,1,0*LO + 5*IF,34075000000.0,34075000000.0,34074999999.0,-1.0,-1.0,-127.69882681918274,-102.16788368124574,1,-1,1,-1,1,-1,1,single,0.0,0,1000.0,10.0,,10,auto,peak,
0,21,22,23000000000.0,6815000000.0,23000000000.0,6815000000.0,lo+if,spur,3,5,-1,3*LO - 5*IF,34925000000.0,34925000000.0,34925000143.9,143.9000015258789,143.9000015258789,-130.14813261112442,-104.61718947318744,1,-1,1,-1,1,-1,1,single,0.0,0,1000.0,10.0,,10,auto,peak,
