lo_index,if_index,point_index,lo_set_Hz,if_set_Hz,lo_model_Hz,if_model_Hz,mode,kind,m,n,sign,expression,expected_freq_Hz,expected_corr_freq_Hz,measured_freq_Hz,freq_error_Hz,freq_error_corr_Hz,power_dBm,rel_dBc_vs_desired,noise_limited,cluster_id,cluster_size,analytic_coincidence_id,analytic_coincidence_size,measured_coincidence_id,measured_coincidence_size,measurement_scope,cluster_window_half_width_Hz,cluster_window_fallback,span_Hz,rbw_Hz,vbw_Hz,avg_sweeps,marker_mode_global,marker_mode_effective,error
0,97,98,23000000000.0,7955000000.0,23000000000.0,7955000000.0,lo+if,desired,1,1,1,1*LO + 1*IF,30955000000.0,30955000000.0,30955000000.0,0.0,0.0,-25.183517230845997,0.0,0,-1,1,-1,1,-1,1,single,0.0,0,1000.0,10.0,,10,auto,peak,
0,97,98,23000000000.0,7955000000.0,23000000000.0,7955000000.0,lo+if,spur,3,5,-1,3*LO - 5*IF,29225000000.0,29225000000.0,29224999797.2,-202.79999923706055,-202.79999923706055,-131.25400530875427,-106.07048807790828,1,-1,1,-1,1,-1,1,single,0.0,0,1000.0,10.0,,10,auto,peak,
0,97,98,23000000000.0,7955000000.0,23000000000.0,7955000000.0,lo+if,spur,2,2,-1,2*LO - 2*IF,30090000000.0,30090000000.0,30090000000.0,0.0,0.0,-95.11696800882648,-69.93345077798048,0,-1,1,-1,1,-1,1,single,0.0,0,1000.0,10.0,,10,auto,peak,
0,97,98,23000000000.0,7955000000.0,23000000000.0,7955000000.0,lo+if,IF_harmonic,0,4,1,0*LO + 4*IF,31820000000.0,31820000000.0,31819999999.0,-1.0,-1.0,-127.2498630853178,-102.0663458544718,1,-1,1,-1,1,-1,1,single,0.0,0,1000.0,10.0,,10,auto,peak,
