lo_index,if_index,point_index,lo_set_Hz,if_set_Hz,lo_model_Hz,if_model_Hz,mode,kind,m,n,sign,expression,expected_freq_Hz,expected_corr_freq_Hz,measured_freq_Hz,freq_error_Hz,freq_error_corr_Hz,power_dBm,rel_dBc_vs_desired,noise_limited,cluster_id,cluster_size,analytic_coincidence_id,analytic_coincidence_size,measured_coincidence_id,measured_coincidence_size,measurement_scope,cluster_window_half_width_Hz,cluster_window_fallback,span_Hz,rbw_Hz,vbw_Hz,avg_sweeps,marker_mode_global,marker_mode_effective,error
0,24,25,23000000000.0,6860000000.0,23000000000.0,6860000000.0,lo+if,desired,1,1,1,1*LO + 1*IF,29860000000.0,29860000000.0,29860000000.0,0.0,0.0,-25.158939536648923,0.0,0,-1,1,-1,1,-1,1,single,0.0,0,1000.0,10.0,,10,auto,peak,
0,24,25,23000000000.0,6860000000.0,23000000000.0,6860000000.0,lo+if,spur,2,3,-1,2*LO - 3*IF,25420000000.0,25420000000.0,25420000000.0,0.0,0.0,-107.61761009894074,-82.45867056229181,0,-1,1,-1,1,-1,1,single,0.0,0,1000.0,10.0,,10,auto,peak,
0,24,25,23000000000.0,6860000000.0,23000000000.0,6860000000.0,lo+if,IF_harmonic,0,4,1,0*LO + 4*IF,27440000000.0,27440000000.0,27440000000.0,0.0,0.0,-104.55498379745265,-79.39604426080373,0,-1,1,-1,1,-1,1,single,0.0,0,1000.0,10.0,,10,auto,peak,
0,24,25,23000000000.0,6860000000.0,23000000000.0,6860000000.0,lo+if,spur,2,2,-1,2*LO - 2*IF,32280000000.0,32280000000.0,32280000000.0,0.0,0.0,-94.32820421476802,-69.1692646781191,0,-1,1,-1,1,-1,1,single,0.0,0,1000.0,10.0,,10,auto,peak,
0,24,25,23000000000.0,6860000000.0,23000000000.0,6860000000.0,lo+if,IF_harmonic,0,5,1,0*LO + 5*IF,34300000000.0,34300000000.0,34299999523.5,-476.5,-476.5,-130.82429385569947,-105.66535431905055,1,-1,1,-1,1,-1,1,single,0.0,0,1000.0,10.0,,10,auto,peak,
0,24,25,23000000000.0,6860000000.0,23000000000.0,6860000000.0,lo+if,spur,3,5,-1,3*LO - 5*IF,34700000000.0,34700000000.0,34700000071.9,71.9000015258789,71.9000015258789,-129.79018687429894,-104.63124733765002,1,-1,1,-1,1,-1,1,single,0.0,0,1000.0,10.0,,10,auto,peak,
