lo_index,if_index,point_index,lo_set_Hz,if_set_Hz,lo_model_Hz,if_model_Hz,mode,kind,m,n,sign,expression,expected_freq_Hz,expected_corr_freq_Hz,measured_freq_Hz,freq_error_Hz,freq_error_corr_Hz,power_dBm,rel_dBc_vs_desired,noise_limited,cluster_id,cluster_size,analytic_coincidence_id,analytic_coincidence_size,measured_coincidence_id,measured_coincidence_size,measurement_scope,cluster_window_half_width_Hz,cluster_window_fallback,span_Hz,rbw_Hz,vbw_Hz,avg_sweeps,marker_mode_global,marker_mode_effective,error
0,49,50,23000000000.0,7235000000.0,23000000000.0,7235000000.0,lo+if,desired,1,1,1,1*LO + 1*IF,30235000000.0,30235000000.0,30235000000.0,0.0,0.0,-25.775437386188955,0.0,0,-1,1,-1,1,-1,1,single,0.0,0,1000.0,10.0,,10,auto,peak,
0,49,50,23000000000.0,7235000000.0,23000000000.0,7235000000.0,lo+if,IF_harmonic,0,4,1,0*LO + 4*IF,28940000000.0,28940000000.0,28940000000.0,0.0,0.0,-125.61440316280304,-99.83896577661409,1,-1,1,-1,1,-1,1,single,0.0,0,1000.0,10.0,,10,auto,peak,
0,49,50,23000000000.0,7235000000.0,23000000000.0,7235000000.0,lo+if,spur,2,2,-1,2*LO - 2*IF,31530000000.0,31530000000.0,31530000000.0,0.0,0.0,-100.09209827701781,-74.31666089082886,0,-1,1,-1,1,-1,1,single,0.0,0,1000.0,10.0,,10,auto,peak,
0,49,50,23000000000.0,7235000000.0,23000000000.0,7235000000.0,lo+if,spur,3,5,-1,3*LO - 5*IF,32825000000.0,32825000000.0,32824999530.5,-469.5,-469.5,-131.81907934307387,-106.04364195688491,1,-1,1,-1,1,-1,1,single,0.0,0,1000.0,10.0,,10,auto,peak,
