lo_index,if_index,point_index,lo_set_Hz,if_set_Hz,lo_model_Hz,if_model_Hz,mode,kind,m,n,sign,expression,expected_freq_Hz,expected_corr_freq_Hz,measured_freq_Hz,freq_error_Hz,freq_error_corr_Hz,power_dBm,rel_dBc_vs_desired,noise_limited,cluster_id,cluster_size,analytic_coincidence_id,analytic_coincidence_size,measured_coincidence_id,measured_coincidence_size,measurement_scope,cluster_window_half_width_Hz,cluster_window_fallback,span_Hz,rbw_Hz,vbw_Hz,avg_sweeps,marker_mode_global,marker_mode_effective,error
0,10,11,23000000000.0,6650000000.0,23000000000.0,6650000000.0,lo+if,desired,1,1,1,1*LO + 1*IF,29650000000.0,29650000000.0,29650000000.0,0.0,0.0,-25.559879062239602,0.0,0,-1,1,-1,1,-1,1,single,0.0,0,1000.0,10.0,,10,auto,peak,
0,10,11,23000000000.0,6650000000.0,23000000000.0,6650000000.0,lo+if,spur,2,3,-1,2*LO - 3*IF,26050000000.0,26050000000.0,26050000000.0,0.0,0.0,-108.59564962038844,-83.03577055814884,0,-1,1,-1,1,-1,1,single,0.0,0,1000.0,10.0,,10,auto,peak,
0,10,11,23000000000.0,6650000000.0,23000000000.0,6650000000.0,lo+if,IF_harmonic,0,4,1,0*LO + 4*IF,26600000000.0,26600000000.0,26600000000.0,0.0,0.0,-113.03759947873945,-87.47772041649985,0,-1,1,-1,1,-1,1,single,0.0,0,1000.0,10.0,,10,auto,peak,
0,10,11,23000000000.0,6650000000.0,23000000000.0,6650000000.0,lo+if,spur,2,2,-1,2*LO - 2*IF,32700000000.0,32700000000.0,32700000000.0,0.0,0.0,-97.96765322246833,-72.40777416022873,0,-1,1,-1,1,-1,1,single,0.0,0,1000.0,10.0,,10,auto,peak,
0,10,11,23000000000.0,6650000000.0,23000000000.0,6650000000.0,lo+if,IF_harmonic,0,5,1,0*LO + 5*IF,33250000000.0,33250000000.0,33250000006.0,6.0,6.0,-130.83016830527876,-105.27028924303916,1,-1,1,-1,1,-1,1,single,0.0,0,1000.0,10.0,,10,auto,peak,
