lo_index,if_index,point_index,lo_set_Hz,if_set_Hz,lo_model_Hz,if_model_Hz,mode,kind,m,n,sign,expression,expected_freq_Hz,expected_corr_freq_Hz,measured_freq_Hz,freq_error_Hz,freq_error_corr_Hz,power_dBm,rel_dBc_vs_desired,noise_limited,cluster_id,cluster_size,analytic_coincidence_id,analytic_coincidence_size,measured_coincidence_id,measured_coincidence_size,measurement_scope,cluster_window_half_width_Hz,cluster_window_fallback,span_Hz,rbw_Hz,vbw_Hz,avg_sweeps,marker_mode_global,marker_mode_effective,error
0,27,28,23000000000.0,6905000000.0,23000000000.0,6905000000.0,lo+if,desired,1,1,1,1*LO + 1*IF,29905000000.0,29905000000.0,29905000000.0,0.0,0.0,-25.174546876201717,0.0,0,-1,1,-1,1,-1,1,single,0.0,0,1000.0,10.0,,10,auto,peak,
0,27,28,23000000000.0,6905000000.0,23000000000.0,6905000000.0,lo+if,spur,2,3,-1,2*LO - 3*IF,25285000000.0,25285000000.0,25285000000.0,0.0,0.0,-107.04650271038659,-81.87195583418487,0,-1,1,-1,1,-1,1,single,0.0,0,1000.0,10.0,,10,auto,peak,
0,27,28,23000000000.0,6905000000.0,23000000000.0,6905000000.0,lo+if,IF_harmonic,0,4,1,0*LO + 4*IF,27620000000.0,27620000000.0,27620000000.0,0.0,0.0,-105.67296690488999,-80.49842002868827,0,-1,1,-1,1,-1,1,single,0.0,0,1000.0,10.0,,10,auto,peak,
0,27,28,23000000000.0,6905000000.0,23000000000.0,6905000000.0,lo+if,spur,2,2,-1,2*LO - 2*IF,32190000000.0,32190000000.0,32190000000.0,0.0,0.0,-92.97012578917912,-67.7955789129774,0,-1,1,-1,1,-1,1,single,0.0,0,1000.0,10.0,,10,auto,peak,
0,27,28,23000000000.0,6905000000.0,23000000000.0,6905000000.0,lo+if,spur,3,5,-1,3*LO - 5*IF,34475000000.0,34475000000.0,34475000155.8,155.8000030517578,155.8000030517578,-130.05929667577502,-104.8847497995733,1,-1,1,-1,1,-1,1,single,0.0,0,1000.0,10.0,,10,auto,peak,
0,27,28,23000000000.0,6905000000.0,23000000000.0,6905000000.0,lo+if,IF_harmonic,0,5,1,0*LO + 5*IF,34525000000.0,34525000000.0,34525000001.0,1.0,1.0,-129.25538597701313,-104.08083910081142,1,-1,1,-1,1,-1,1,single,0.0,0,1000.0,10.0,,10,auto,peak,
