lo_index,if_index,point_index,lo_set_Hz,if_set_Hz,lo_model_Hz,if_model_Hz,mode,kind,m,n,sign,expression,expected_freq_Hz,expected_corr_freq_Hz,measured_freq_Hz,freq_error_Hz,freq_error_corr_Hz,power_dBm,rel_dBc_vs_desired,noise_limited,cluster_id,cluster_size,analytic_coincidence_id,analytic_coincidence_size,measured_coincidence_id,measured_coincidence_size,measurement_scope,cluster_window_half_width_Hz,cluster_window_fallback,span_Hz,rbw_Hz,vbw_Hz,avg_sweeps,marker_mode_global,marker_mode_effective,error
0,29,30,23000000000.0,6935000000.0,23000000000.0,6935000000.0,lo+if,desired,1,1,1,1*LO + 1*IF,29935000000.0,29935000000.0,29935000000.0,0.0,0.0,-25.389930144387563,0.0,0,-1,1,-1,1,-1,1,single,0.0,0,1000.0,10.0,,10,auto,peak,
0,29,30,23000000000.0,6935000000.0,23000000000.0,6935000000.0,lo+if,spur,2,3,-1,2*LO - 3*IF,25195000000.0,25195000000.0,25195000000.0,0.0,0.0,-107.39119497911241,-82.00126483472485,0,-1,1,-1,1,-1,1,single,0.0,0,1000.0,10.0,,10,auto,peak,
0,29,30,23000000000.0,6935000000.0,23000000000.0,6935000000.0,lo+if,IF_harmonic,0,4,1,0*LO + 4*IF,27740000000.0,27740000000.0,27740000000.0,0.0,0.0,-104.83454423708201,-79.44461409269445,0,-1,1,-1,1,-1,1,single,0.0,0,1000.0,10.0,,10,auto,peak,
0,29,30,23000000000.0,6935000000.0,23000000000.0,6935000000.0,lo+if,spur,2,2,-1,2*LO - 2*IF,32130000000.0,32130000000.0,32130000000.0,0.0,0.0,-95.54709290922312,-70.15716276483556,0,-1,1,-1,1,-1,1,single,0.0,0,1000.0,10.0,,10,auto,peak,
0,29,30,23000000000.0,6935000000.0,23000000000.0,6935000000.0,lo+if,spur,3,5,-1,3*LO - 5*IF,34325000000.0,34325000000.0,34324999579.4,-420.5999984741211,-420.5999984741211,-130.83183338915202,-105.44190324476446,1,-1,1,-1,1,-1,1,single,0.0,0,1000.0,10.0,,10,auto,peak,
0,29,30,23000000000.0,6935000000.0,23000000000.0,6935000000.0,lo+if,IF_harmonic,0,5,1,0*LO + 5*IF,34675000000.0,34675000000.0,34675000005.0,5.0,5.0,-128.94028043704006,-103.5503502926525,1,-1,1,-1,1,-1,1,single,0.0,0,1000.0,10.0,,10,auto,peak,
