lo_index,if_index,point_index,lo_set_Hz,if_set_Hz,lo_model_Hz,if_model_Hz,mode,kind,m,n,sign,expression,expected_freq_Hz,expected_corr_freq_Hz,measured_freq_Hz,freq_error_Hz,freq_error_corr_Hz,power_dBm,rel_dBc_vs_desired,noise_limited,cluster_id,cluster_size,analytic_coincidence_id,analytic_coincidence_size,measured_coincidence_id,measured_coincidence_size,measurement_scope,cluster_window_half_width_Hz,cluster_window_fallback,span_Hz,rbw_Hz,vbw_Hz,avg_sweeps,marker_mode_global,marker_mode_effective,error
0,22,23,23000000000.0,6830000000.0,23000000000.0,6830000000.0,lo+if,desired,1,1,1,1*LO + 1*IF,29830000000.0,29830000000.0,29830000000.0,0.0,0.0,-25.40157262683249,0.0,0,-1,1,-1,1,-1,1,single,0.0,0,1000.0,10.0,,10,auto,peak,
0,22,23,23000000000.0,6830000000.0,23000000000.0,6830000000.0,lo+if,spur,2,3,-1,2*LO - 3*IF,25510000000.0,25510000000.0,25510000000.0,0.0,0.0,-110.54489753505693,-85.14332490822444,0,-1,1,-1,1,-1,1,single,0.0,0,1000.0,10.0,,10,auto,peak,
0,22,23,23000000000.0,6830000000.0,23000000000.0,6830000000.0,lo+if,IF_harmonic,0,4,1,0*LO + 4*IF,27320000000.0,27320000000.0,27320000000.0,0.0,0.0,-103.89700993214575,-78.49543730531326,0,-1,1,-1,1,-1,1,single,0.0,0,1000.0,10.0,,10,auto,peak,
0,22,23,23000000000.0,6830000000.0,23000000000.0,6830000000.0,lo+if,spur,2,2,-1,2*LO - 2*IF,32340000000.0,32340000000.0,32340000000.0,0.0,0.0,-95.69412930544728,-70.29255667861479,0,-1,1,-1,1,-1,1,single,0.0,0,1000.0,10.0,,10,auto,peak,
0,22,23,23000000000.0,6830000000.0,23000000000.0,6830000000.0,lo+if,IF_harmonic,0,5,1,0*LO + 5*IF,34150000000.0,34150000000.0,34150000001.0,1.0,1.0,-128.69304315841356,-103.29147053158107,1,-1,1,-1,1,-1,1,single,0.0,0,1000.0,10.0,,10,auto,peak,
0,22,23,23000000000.0,6830000000.0,23000000000.0,6830000000.0,lo+if,spur,3,5,-1,3*LO - 5*IF,34850000000.0,34850000000.0,34849999500.5,-499.5,-499.5,-129.87012567160963,-104.46855304477714,1,-1,1,-1,1,-1,1,single,0.0,0,1000.0,10.0,,10,auto,peak,
