lo_index,if_index,point_index,lo_set_Hz,if_set_Hz,lo_model_Hz,if_model_Hz,mode,kind,m,n,sign,expression,expected_freq_Hz,expected_corr_freq_Hz,measured_freq_Hz,freq_error_Hz,freq_error_corr_Hz,power_dBm,rel_dBc_vs_desired,noise_limited,cluster_id,cluster_size,analytic_coincidence_id,analytic_coincidence_size,measured_coincidence_id,measured_coincidence_size,measurement_scope,cluster_window_half_width_Hz,cluster_window_fallback,span_Hz,rbw_Hz,vbw_Hz,avg_sweeps,marker_mode_global,marker_mode_effective,error
0,44,45,23000000000.0,7160000000.0,23000000000.0,7160000000.0,lo+if,desired,1,1,1,1*LO + 1*IF,30160000000.0,30160000000.0,30160000000.0,0.0,0.0,-25.696135914074418,0.0,0,-1,1,-1,1,-1,1,single,0.0,0,1000.0,10.0,,10,auto,peak,
0,44,45,23000000000.0,7160000000.0,23000000000.0,7160000000.0,lo+if,IF_harmonic,0,4,1,0*LO + 4*IF,28640000000.0,28640000000.0,28640000001.0,1.0,1.0,-130.74302214879384,-105.04688623471942,1,-1,1,-1,1,-1,1,single,0.0,0,1000.0,10.0,,10,auto,peak,
0,44,45,23000000000.0,7160000000.0,23000000000.0,7160000000.0,lo+if,spur,2,2,-1,2*LO - 2*IF,31680000000.0,31680000000.0,31680000000.0,0.0,0.0,-96.71679758205356,-71.02066166797914,0,-1,1,-1,1,-1,1,single,0.0,0,1000.0,10.0,,10,auto,peak,
0,44,45,23000000000.0,7160000000.0,23000000000.0,7160000000.0,lo+if,spur,3,5,-1,3*LO - 5*IF,33200000000.0,33200000000.0,33200000063.9,63.900001525878906,63.900001525878906,-131.19412305408932,-105.4979871400149,1,-1,1,-1,1,-1,1,single,0.0,0,1000.0,10.0,,10,auto,peak,
