lo_index,if_index,point_index,lo_set_Hz,if_set_Hz,lo_model_Hz,if_model_Hz,mode,kind,m,n,sign,expression,expected_freq_Hz,expected_corr_freq_Hz,measured_freq_Hz,freq_error_Hz,freq_error_corr_Hz,power_dBm,rel_dBc_vs_desired,noise_limited,cluster_id,cluster_size,analytic_coincidence_id,analytic_coincidence_size,measured_coincidence_id,measured_coincidence_size,measurement_scope,cluster_window_half_width_Hz,cluster_window_fallback,span_Hz,rbw_Hz,vbw_Hz,avg_sweeps,marker_mode_global,marker_mode_effective,error
0,26,27,23000000000.0,6890000000.0,23000000000.0,6890000000.0,lo+if,desired,1,1,1,1*LO + 1*IF,29890000000.0,29890000000.0,29890000000.0,0.0,0.0,-25.1085833504558,0.0,0,-1,1,-1,1,-1,1,single,0.0,0,1000.0,10.0,,10,auto,peak,
0,26,27,23000000000.0,6890000000.0,23000000000.0,6890000000.0,lo+if,spur,2,3,-1,2*LO - 3*IF,25330000000.0,25330000000.0,25330000000.0,0.0,0.0,-106.87244108899719,-81.76385773854139,0,-1,1,-1,1,-1,1,single,0.0,0,1000.0,10.0,,10,auto,peak,
0,26,27,23000000000.0,6890000000.0,23000000000.0,6890000000.0,lo+if,IF_harmonic,0,4,1,0*LO + 4*IF,27560000000.0,27560000000.0,27560000000.0,0.0,0.0,-107.44236024677417,-82.33377689631837,0,-1,1,-1,1,-1,1,single,0.0,0,1000.0,10.0,,10,auto,peak,
0,26,27,23000000000.0,6890000000.0,23000000000.0,6890000000.0,lo+if,spur,2,2,-1,2*LO - 2*IF,32220000000.0,32220000000.0,32220000000.0,0.0,0.0,-92.33668567782215,-67.22810232736634,0,-1,1,-1,1,-1,1,single,0.0,0,1000.0,10.0,,10,auto,peak,
0,26,27,23000000000.0,6890000000.0,23000000000.0,6890000000.0,lo+if,IF_harmonic,0,5,1,0*LO + 5*IF,34450000000.0,34450000000.0,34449999647.4,-352.5999984741211,-352.5999984741211,-129.98993550177994,-104.88135215132414,1,-1,1,-1,1,-1,1,single,0.0,0,1000.0,10.0,,10,auto,peak,
0,26,27,23000000000.0,6890000000.0,23000000000.0,6890000000.0,lo+if,spur,3,5,-1,3*LO - 5*IF,34550000000.0,34550000000.0,34550000047.0,47.0,47.0,-129.1959223845422,-104.0873390340864,1,-1,1,-1,1,-1,1,single,0.0,0,1000.0,10.0,,10,auto,peak,
