lo_index,if_index,point_index,lo_set_Hz,if_set_Hz,lo_model_Hz,if_model_Hz,mode,kind,m,n,sign,expression,expected_freq_Hz,expected_corr_freq_Hz,measured_freq_Hz,freq_error_Hz,freq_error_corr_Hz,power_dBm,rel_dBc_vs_desired,noise_limited,cluster_id,cluster_size,analytic_coincidence_id,analytic_coincidence_size,measured_coincidence_id,measured_coincidence_size,measurement_scope,cluster_window_half_width_Hz,cluster_window_fallback,span_Hz,rbw_Hz,vbw_Hz,avg_sweeps,marker_mode_global,marker_mode_effective,error
0,68,69,23000000000.0,7520000000.0,23000000000.0,7520000000.0,lo+if,desired,1,1,1,1*LO + 1*IF,30520000000.0,30520000000.0,30520000000.0,0.0,0.0,-26.193040969645125,0.0,0,-1,1,-1,1,-1,1,single,0.0,0,1000.0,10.0,,10,auto,peak,
0,68,69,23000000000.0,7520000000.0,23000000000.0,7520000000.0,lo+if,IF_harmonic,0,4,1,0*LO + 4*IF,30080000000.0,30080000000.0,30079999999.0,-1.0,-1.0,-129.62490654158967,-103.43186557194454,1,-1,1,-1,1,-1,1,single,0.0,0,1000.0,10.0,,10,auto,peak,
0,68,69,23000000000.0,7520000000.0,23000000000.0,7520000000.0,lo+if,spur,2,2,-1,2*LO - 2*IF,30960000000.0,30960000000.0,30960000000.0,0.0,0.0,-96.14618417390659,-69.95314320426147,0,-1,1,-1,1,-1,1,single,0.0,0,1000.0,10.0,,10,auto,peak,
0,68,69,23000000000.0,7520000000.0,23000000000.0,7520000000.0,lo+if,spur,3,5,-1,3*LO - 5*IF,31400000000.0,31400000000.0,31399999770.2,-229.79999923706055,-229.79999923706055,-131.56929325184956,-105.37625228220443,1,-1,1,-1,1,-1,1,single,0.0,0,1000.0,10.0,,10,auto,peak,
