lo_index,if_index,point_index,lo_set_Hz,if_set_Hz,lo_model_Hz,if_model_Hz,mode,kind,m,n,sign,expression,expected_freq_Hz,expected_corr_freq_Hz,measured_freq_Hz,freq_error_Hz,freq_error_corr_Hz,power_dBm,rel_dBc_vs_desired,noise_limited,cluster_id,cluster_size,analytic_coincidence_id,analytic_coincidence_size,measured_coincidence_id,measured_coincidence_size,measurement_scope,cluster_window_half_width_Hz,cluster_window_fallback,span_Hz,rbw_Hz,vbw_Hz,avg_sweeps,marker_mode_global,marker_mode_effective,error
0,58,59,23000000000.0,7370000000.0,23000000000.0,7370000000.0,lo+if,desired,1,1,1,1*LO + 1*IF,30370000000.0,30370000000.0,30370000000.0,0.0,0.0,-24.886790917637647,0.0,0,-1,1,-1,1,-1,1,single,0.0,0,1000.0,10.0,,10,auto,peak,
0,58,59,23000000000.0,7370000000.0,23000000000.0,7370000000.0,lo+if,IF_harmonic,0,4,1,0*LO + 4*IF,29480000000.0,29480000000.0,29480000000.0,0.0,0.0,-123.9145712810649,-99.02778036342724,1,-1,1,-1,1,-1,1,single,0.0,0,1000.0,10.0,,10,auto,peak,
0,58,59,23000000000.0,7370000000.0,23000000000.0,7370000000.0,lo+if,spur,2,2,-1,2*LO - 2*IF,31260000000.0,31260000000.0,31260000000.0,0.0,0.0,-94.2776644966045,-69.39087357896685,0,-1,1,-1,1,-1,1,single,0.0,0,1000.0,10.0,,10,auto,peak,
0,58,59,23000000000.0,7370000000.0,23000000000.0,7370000000.0,lo+if,spur,3,5,-1,3*LO - 5*IF,32150000000.0,32150000000.0,32150000404.6,404.5999984741211,404.5999984741211,-131.91408169919316,-107.02729078155551,1,-1,1,-1,1,-1,1,single,0.0,0,1000.0,10.0,,10,auto,peak,
