lo_index,if_index,point_index,lo_set_Hz,if_set_Hz,lo_model_Hz,if_model_Hz,mode,kind,m,n,sign,expression,expected_freq_Hz,expected_corr_freq_Hz,measured_freq_Hz,freq_error_Hz,freq_error_corr_Hz,power_dBm,rel_dBc_vs_desired,noise_limited,cluster_id,cluster_size,analytic_coincidence_id,analytic_coincidence_size,measured_coincidence_id,measured_coincidence_size,measurement_scope,cluster_window_half_width_Hz,cluster_window_fallback,span_Hz,rbw_Hz,vbw_Hz,avg_sweeps,marker_mode_global,marker_mode_effective,error
0,89,90,23000000000.0,7835000000.0,23000000000.0,7835000000.0,lo+if,desired,1,1,1,1*LO + 1*IF,30835000000.0,30835000000.0,30835000000.0,0.0,0.0,-24.754252004404286,0.0,0,-1,1,-1,1,-1,1,single,0.0,0,1000.0,10.0,,10,auto,peak,
0,89,90,23000000000.0,7835000000.0,23000000000.0,7835000000.0,lo+if,spur,3,5,-1,3*LO - 5*IF,29825000000.0,29825000000.0,29824999961.0,-39.0,-39.0,-131.95195387314374,-107.19770186873944,1,-1,1,-1,1,-1,1,single,0.0,0,1000.0,10.0,,10,auto,peak,
0,89,90,23000000000.0,7835000000.0,23000000000.0,7835000000.0,lo+if,spur,2,2,-1,2*LO - 2*IF,30330000000.0,30330000000.0,30330000000.0,0.0,0.0,-95.53925129025642,-70.78499928585214,0,-1,1,-1,1,-1,1,single,0.0,0,1000.0,10.0,,10,auto,peak,
0,89,90,23000000000.0,7835000000.0,23000000000.0,7835000000.0,lo+if,IF_harmonic,0,4,1,0*LO + 4*IF,31340000000.0,31340000000.0,31339999999.0,-1.0,-1.0,-122.05977700927619,-97.3055250048719,1,-1,1,-1,1,-1,1,single,0.0,0,1000.0,10.0,,10,auto,peak,
