lo_index,if_index,point_index,lo_set_Hz,if_set_Hz,lo_model_Hz,if_model_Hz,mode,kind,m,n,sign,expression,expected_freq_Hz,expected_corr_freq_Hz,measured_freq_Hz,freq_error_Hz,freq_error_corr_Hz,power_dBm,rel_dBc_vs_desired,noise_limited,cluster_id,cluster_size,analytic_coincidence_id,analytic_coincidence_size,measured_coincidence_id,measured_coincidence_size,measurement_scope,cluster_window_half_width_Hz,cluster_window_fallback,span_Hz,rbw_Hz,vbw_Hz,avg_sweeps,marker_mode_global,marker_mode_effective,error
0,93,94,23000000000.0,7895000000.0,23000000000.0,7895000000.0,lo+if,desired,1,1,1,1*LO + 1*IF,30895000000.0,30895000000.0,30895000000.0,0.0,0.0,-24.63141737886064,0.0,0,-1,1,-1,1,-1,1,single,0.0,0,1000.0,10.0,,10,auto,peak,
0,93,94,23000000000.0,7895000000.0,23000000000.0,7895000000.0,lo+if,spur,3,5,-1,3*LO - 5*IF,29525000000.0,29525000000.0,29525000395.6,395.5999984741211,395.5999984741211,-132.0348257475466,-107.40340836868594,1,-1,1,-1,1,-1,1,single,0.0,0,1000.0,10.0,,10,auto,peak,
0,93,94,23000000000.0,7895000000.0,23000000000.0,7895000000.0,lo+if,spur,2,2,-1,2*LO - 2*IF,30210000000.0,30210000000.0,30210000000.0,0.0,0.0,-91.74751492607184,-67.11609754721121,0,-1,1,-1,1,-1,1,single,0.0,0,1000.0,10.0,,10,auto,peak,
0,93,94,23000000000.0,7895000000.0,23000000000.0,7895000000.0,lo+if,IF_harmonic,0,4,1,0*LO + 4*IF,31580000000.0,31580000000.0,31580000000.0,0.0,0.0,-117.57172610969153,-92.94030873083088,0,-1,1,-1,1,-1,1,single,0.0,0,1000.0,10.0,,10,auto,peak,
