lo_index,if_index,point_index,lo_set_Hz,if_set_Hz,lo_model_Hz,if_model_Hz,mode,kind,m,n,sign,expression,expected_freq_Hz,expected_corr_freq_Hz,measured_freq_Hz,freq_error_Hz,freq_error_corr_Hz,power_dBm,rel_dBc_vs_desired,noise_limited,cluster_id,cluster_size,analytic_coincidence_id,analytic_coincidence_size,measured_coincidence_id,measured_coincidence_size,measurement_scope,cluster_window_half_width_Hz,cluster_window_fallback,span_Hz,rbw_Hz,vbw_Hz,avg_sweeps,marker_mode_global,marker_mode_effective,error
0,66,67,23000000000.0,7490000000.0,23000000000.0,7490000000.0,lo+if,desired,1,1,1,1*LO + 1*IF,30490000000.0,30490000000.0,30490000000.0,0.0,0.0,-26.148213474980004,0.0,0,-1,1,-1,1,-1,1,single,0.0,0,1000.0,10.0,,10,auto,peak,
0,66,67,23000000000.0,7490000000.0,23000000000.0,7490000000.0,lo+if,IF_harmonic,0,4,1,0*LO + 4*IF,29960000000.0,29960000000.0,29960000001.0,1.0,1.0,-127.61036201258733,-101.46214853760733,1,-1,1,-1,1,-1,1,single,0.0,0,1000.0,10.0,,10,auto,peak,
0,66,67,23000000000.0,7490000000.0,23000000000.0,7490000000.0,lo+if,spur,2,2,-1,2*LO - 2*IF,31020000000.0,31020000000.0,31020000000.0,0.0,0.0,-96.94369139347161,-70.7954779184916,0,-1,1,-1,1,-1,1,single,0.0,0,1000.0,10.0,,10,auto,peak,
0,66,67,23000000000.0,7490000000.0,23000000000.0,7490000000.0,lo+if,spur,3,5,-1,3*LO - 5*IF,31550000000.0,31550000000.0,31549999936.1,-63.900001525878906,-63.900001525878906,-131.7370342345885,-105.5888207596085,1,-1,1,-1,1,-1,1,single,0.0,0,1000.0,10.0,,10,auto,peak,
