lo_index,if_index,point_index,lo_set_Hz,if_set_Hz,lo_model_Hz,if_model_Hz,mode,kind,m,n,sign,expression,expected_freq_Hz,expected_corr_freq_Hz,measured_freq_Hz,freq_error_Hz,freq_error_corr_Hz,power_dBm,rel_dBc_vs_desired,noise_limited,cluster_id,cluster_size,analytic_coincidence_id,analytic_coincidence_size,measured_coincidence_id,measured_coincidence_size,measurement_scope,cluster_window_half_width_Hz,cluster_window_fallback,span_Hz,rbw_Hz,vbw_Hz,avg_sweeps,marker_mode_global,marker_mode_effective,error
0,25,26,23000000000.0,6875000000.0,23000000000.0,6875000000.0,lo+if,desired,1,1,1,1*LO + 1*IF,29875000000.0,29875000000.0,29875000000.0,0.0,0.0,-25.08425329080174,0.0,0,-1,1,-1,1,-1,1,single,0.0,0,1000.0,10.0,,10,auto,peak,
0,25,26,23000000000.0,6875000000.0,23000000000.0,6875000000.0,lo+if,spur,2,3,-1,2*LO - 3*IF,25375000000.0,25375000000.0,25375000000.0,0.0,0.0,-107.30740905821455,-82.2231557674128,0,-1,1,-1,1,-1,1,single,0.0,0,1000.0,10.0,,10,auto,peak,
0,25,26,23000000000.0,6875000000.0,23000000000.0,6875000000.0,lo+if,IF_harmonic,0,4,1,0*LO + 4*IF,27500000000.0,27500000000.0,27500000000.0,0.0,0.0,-105.66275189709003,-80.57849860628829,0,-1,1,-1,1,-1,1,single,0.0,0,1000.0,10.0,,10,auto,peak,
0,25,26,23000000000.0,6875000000.0,23000000000.0,6875000000.0,lo+if,spur,2,2,-1,2*LO - 2*IF,32250000000.0,32250000000.0,32250000000.0,0.0,0.0,-92.96334288354593,-67.8790895927442,0,-1,1,-1,1,-1,1,single,0.0,0,1000.0,10.0,,10,auto,peak,
0,25,26,23000000000.0,6875000000.0,23000000000.0,6875000000.0,lo+if,IF_harmonic,0,5,1,0*LO + 5*IF,34375000000.0,34375000000.0,34375000018.0,18.0,18.0,-129.73960873031052,-104.65535543950878,1,-1,1,-1,1,-1,1,single,0.0,0,1000.0,10.0,,10,auto,peak,
0,25,26,23000000000.0,6875000000.0,23000000000.0,6875000000.0,lo+if,spur,3,5,-1,3*LO - 5*IF,34625000000.0,34625000000.0,34625000463.5,463.5,463.5,-128.82138793872954,-103.7371346479278,1,-1,1,-1,1,-1,1,single,0.0,0,1000.0,10.0,,10,auto,peak,
