lo_index,if_index,point_index,lo_set_Hz,if_set_Hz,lo_model_Hz,if_model_Hz,mode,kind,m,n,sign,expression,expected_freq_Hz,expected_corr_freq_Hz,measured_freq_Hz,freq_error_Hz,freq_error_corr_Hz,power_dBm,rel_dBc_vs_desired,noise_limited,cluster_id,cluster_size,analytic_coincidence_id,analytic_coincidence_size,measured_coincidence_id,measured_coincidence_size,measurement_scope,cluster_window_half_width_Hz,cluster_window_fallback,span_Hz,rbw_Hz,vbw_Hz,avg_sweeps,marker_mode_global,marker_mode_effective,error
0,32,33,23000000000.0,6980000000.0,23000000000.0,6980000000.0,lo+if,desired,1,1,1,1*LO + 1*IF,29980000000.0,29980000000.0,29980000000.0,0.0,0.0,-25.56766704082338,0.0,0,-1,1,-1,1,-1,1,single,0.0,0,1000.0,10.0,,10,auto,peak,
0,32,33,23000000000.0,6980000000.0,23000000000.0,6980000000.0,lo+if,spur,2,3,-1,2*LO - 3*IF,25060000000.0,25060000000.0,25060000000.0,0.0,0.0,-109.8142054798341,-84.24653843901072,0,-1,1,-1,1,-1,1,single,0.0,0,1000.0,10.0,,10,auto,peak,
0,32,33,23000000000.0,6980000000.0,23000000000.0,6980000000.0,lo+if,IF_harmonic,0,4,1,0*LO + 4*IF,27920000000.0,27920000000.0,27920000000.0,0.0,0.0,-103.51123304148982,-77.94356600066644,0,-1,1,-1,1,-1,1,single,0.0,0,1000.0,10.0,,10,auto,peak,
0,32,33,23000000000.0,6980000000.0,23000000000.0,6980000000.0,lo+if,spur,2,2,-1,2*LO - 2*IF,32040000000.0,32040000000.0,32040000000.0,0.0,0.0,-98.4327025781348,-72.86503553731141,0,-1,1,-1,1,-1,1,single,0.0,0,1000.0,10.0,,10,auto,peak,
0,32,33,23000000000.0,6980000000.0,23000000000.0,6980000000.0,lo+if,spur,3,5,-1,3*LO - 5*IF,34100000000.0,34100000000.0,34099999705.3,-294.70000076293945,-294.70000076293945,-130.87907276317665,-105.31140572235327,1,-1,1,-1,1,-1,1,single,0.0,0,1000.0,10.0,,10,auto,peak,
0,32,33,23000000000.0,6980000000.0,23000000000.0,6980000000.0,lo+if,IF_harmonic,0,5,1,0*LO + 5*IF,34900000000.0,34900000000.0,34900000423.6,423.5999984741211,423.5999984741211,-129.48922451619327,-103.9215574753699,1,-1,1,-1,1,-1,1,single,0.0,0,1000.0,10.0,,10,auto,peak,
