lo_index,if_index,point_index,lo_set_Hz,if_set_Hz,lo_model_Hz,if_model_Hz,mode,kind,m,n,sign,expression,expected_freq_Hz,expected_corr_freq_Hz,measured_freq_Hz,freq_error_Hz,freq_error_corr_Hz,power_dBm,rel_dBc_vs_desired,noise_limited,cluster_id,cluster_size,analytic_coincidence_id,analytic_coincidence_size,measured_coincidence_id,measured_coincidence_size,measurement_scope,cluster_window_half_width_Hz,cluster_window_fallback,span_Hz,rbw_Hz,vbw_Hz,avg_sweeps,marker_mode_global,marker_mode_effective,error
0,4,5,23000000000.0,6560000000.0,23000000000.0,6560000000.0,lo+if,desired,1,1,1,1*LO + 1*IF,29560000000.0,29560000000.0,29560000000.0,0.0,0.0,-26.04184516647864,0.0,0,-1,1,-1,1,-1,1,single,0.0,0,1000.0,10.0,,10,auto,peak,
0,4,5,23000000000.0,6560000000.0,23000000000.0,6560000000.0,lo+if,IF_harmonic,0,4,1,0*LO + 4*IF,26240000000.0,26240000000.0,26240000000.0,0.0,0.0,-108.18726387494931,-82.14541870847067,0,-1,1,-1,1,-1,1,single,0.0,0,1000.0,10.0,,10,auto,peak,
0,4,5,23000000000.0,6560000000.0,23000000000.0,6560000000.0,lo+if,spur,2,3,-1,2*LO - 3*IF,26320000000.0,26320000000.0,26320000000.0,0.0,0.0,-109.74000838226864,-83.69816321579,0,-1,1,-1,1,-1,1,single,0.0,0,1000.0,10.0,,10,auto,peak,
0,4,5,23000000000.0,6560000000.0,23000000000.0,6560000000.0,lo+if,IF_harmonic,0,5,1,0*LO + 5*IF,32800000000.0,32800000000.0,32800000000.0,0.0,0.0,-123.62175584944478,-97.57991068296614,1,-1,1,-1,1,-1,1,single,0.0,0,1000.0,10.0,,10,auto,peak,
0,4,5,23000000000.0,6560000000.0,23000000000.0,6560000000.0,lo+if,spur,2,2,-1,2*LO - 2*IF,32880000000.0,32880000000.0,32880000000.0,0.0,0.0,-97.52590825673789,-71.48406309025926,0,-1,1,-1,1,-1,1,single,0.0,0,1000.0,10.0,,10,auto,peak,
