lo_index,if_index,point_index,lo_set_Hz,if_set_Hz,lo_model_Hz,if_model_Hz,mode,kind,m,n,sign,expression,expected_freq_Hz,expected_corr_freq_Hz,measured_freq_Hz,freq_error_Hz,freq_error_corr_Hz,power_dBm,rel_dBc_vs_desired,noise_limited,cluster_id,cluster_size,analytic_coincidence_id,analytic_coincidence_size,measured_coincidence_id,measured_coincidence_size,measurement_scope,cluster_window_half_width_Hz,cluster_window_fallback,span_Hz,rbw_Hz,vbw_Hz,avg_sweeps,marker_mode_global,marker_mode_effective,error
0,98,99,23000000000.0,7970000000.0,23000000000.0,7970000000.0,lo+if,desired,1,1,1,1*LO + 1*IF,30970000000.0,30970000000.0,30970000000.0,0.0,0.0,-25.348155687456178,0.0,0,-1,1,-1,1,-1,1,single,0.0,0,1000.0,10.0,,10,auto,peak,
0,98,99,23000000000.0,7970000000.0,23000000000.0,7970000000.0,lo+if,spur,3,5,-1,3*LO - 5*IF,29150000000.0,29150000000.0,29149999882.1,-117.9000015258789,-117.9000015258789,-131.49455486023493,-106.14639917277876,1,-1,1,-1,1,-1,1,single,0.0,0,1000.0,10.0,,10,auto,peak,
0,98,99,23000000000.0,7970000000.0,23000000000.0,7970000000.0,lo+if,spur,2,2,-1,2*LO - 2*IF,30060000000.0,30060000000.0,30060000000.0,0.0,0.0,-95.27973943716472,-69.93158374970855,0,-1,1,-1,1,-1,1,single,0.0,0,1000.0,10.0,,10,auto,peak,
0,98,99,23000000000.0,7970000000.0,23000000000.0,7970000000.0,lo+if,IF_harmonic,0,4,1,0*LO + 4*IF,31880000000.0,31880000000.0,31879999794.2,-205.79999923706055,-205.79999923706055,-130.73655997556153,-105.38840428810536,1,-1,1,-1,1,-1,1,single,0.0,0,1000.0,10.0,,10,auto,peak,
