lo_index,if_index,point_index,lo_set_Hz,if_set_Hz,lo_model_Hz,if_model_Hz,mode,kind,m,n,sign,expression,expected_freq_Hz,expected_corr_freq_Hz,measured_freq_Hz,freq_error_Hz,freq_error_corr_Hz,power_dBm,rel_dBc_vs_desired,noise_limited,cluster_id,cluster_size,analytic_coincidence_id,analytic_coincidence_size,measured_coincidence_id,measured_coincidence_size,measurement_scope,cluster_window_half_width_Hz,cluster_window_fallback,span_Hz,rbw_Hz,vbw_Hz,avg_sweeps,marker_mode_global,marker_mode_effective,error
0,90,91,23000000000.0,7850000000.0,23000000000.0,7850000000.0,lo+if,desired,1,1,1,1*LO + 1*IF,30850000000.0,30850000000.0,30850000000.0,0.0,0.0,-24.636567945870198,0.0,0,-1,1,-1,1,-1,1,single,0.0,0,1000.0,10.0,,10,auto,peak,
0,90,91,23000000000.0,7850000000.0,23000000000.0,7850000000.0,lo+if,spur,3,5,-1,3*LO - 5*IF,29750000000.0,29750000000.0,29749999897.1,-102.9000015258789,-102.9000015258789,-131.91805619155392,-107.28148824568372,1,-1,1,-1,1,-1,1,single,0.0,0,1000.0,10.0,,10,auto,peak,
0,90,91,23000000000.0,7850000000.0,23000000000.0,7850000000.0,lo+if,spur,2,2,-1,2*LO - 2*IF,30300000000.0,30300000000.0,30300000000.0,0.0,0.0,-94.04366114594316,-69.40709320007296,0,-1,1,-1,1,-1,1,single,0.0,0,1000.0,10.0,,10,auto,peak,
0,90,91,23000000000.0,7850000000.0,23000000000.0,7850000000.0,lo+if,IF_harmonic,0,4,1,0*LO + 4*IF,31400000000.0,31400000000.0,31399999999.0,-1.0,-1.0,-120.37957651136922,-95.74300856549903,1,-1,1,-1,1,-1,1,single,0.0,0,1000.0,10.0,,10,auto,peak,
