lo_index,if_index,point_index,lo_set_Hz,if_set_Hz,lo_model_Hz,if_model_Hz,mode,kind,m,n,sign,expression,expected_freq_Hz,expected_corr_freq_Hz,measured_freq_Hz,freq_error_Hz,freq_error_corr_Hz,power_dBm,rel_dBc_vs_desired,noise_limited,cluster_id,cluster_size,analytic_coincidence_id,analytic_coincidence_size,measured_coincidence_id,measured_coincidence_size,measurement_scope,cluster_window_half_width_Hz,cluster_window_fallback,span_Hz,rbw_Hz,vbw_Hz,avg_sweeps,marker_mode_global,marker_mode_effective,error
0,72,73,23000000000.0,7580000000.0,23000000000.0,7580000000.0,lo+if,desired,1,1,1,1*LO + 1*IF,30580000000.0,30580000000.0,30580000000.0,0.0,0.0,-25.659824291978527,0.0,0,-1,1,-1,1,-1,1,single,0.0,0,1000.0,10.0,,10,auto,peak,
0,72,73,23000000000.0,7580000000.0,23000000000.0,7580000000.0,lo+if,IF_harmonic,0,4,1,0*LO + 4*IF,30320000000.0,30320000000.0,30320000001.0,1.0,1.0,-123.9687687841062,-98.30894449212768,1,-1,1,-1,1,-1,1,single,0.0,0,1000.0,10.0,,10,auto,peak,
0,72,73,23000000000.0,7580000000.0,23000000000.0,7580000000.0,lo+if,spur,2,2,-1,2*LO - 2*IF,30840000000.0,30840000000.0,30840000000.0,0.0,0.0,-96.64973318535816,-70.98990889337963,0,-1,1,-1,1,-1,1,single,0.0,0,1000.0,10.0,,10,auto,peak,
0,72,73,23000000000.0,7580000000.0,23000000000.0,7580000000.0,lo+if,spur,3,5,-1,3*LO - 5*IF,31100000000.0,31100000000.0,31099999576.4,-423.5999984741211,-423.5999984741211,-131.1986811262259,-105.53885683424737,1,-1,1,-1,1,-1,1,single,0.0,0,1000.0,10.0,,10,auto,peak,
