lo_index,if_index,point_index,lo_set_Hz,if_set_Hz,lo_model_Hz,if_model_Hz,mode,kind,m,n,sign,expression,expected_freq_Hz,expected_corr_freq_Hz,measured_freq_Hz,freq_error_Hz,freq_error_corr_Hz,power_dBm,rel_dBc_vs_desired,noise_limited,cluster_id,cluster_size,analytic_coincidence_id,analytic_coincidence_size,measured_coincidence_id,measured_coincidence_size,measurement_scope,cluster_window_half_width_Hz,cluster_window_fallback,span_Hz,rbw_Hz,vbw_Hz,avg_sweeps,marker_mode_global,marker_mode_effective,error
0,33,34,23000000000.0,6995000000.0,23000000000.0,6995000000.0,lo+if,desired,1,1,1,1*LO + 1*IF,29995000000.0,29995000000.0,29995000000.0,0.0,0.0,-25.65341997031515,0.0,0,-1,1,-1,1,-1,1,single,0.0,0,1000.0,10.0,,10,auto,peak,
0,33,34,23000000000.0,6995000000.0,23000000000.0,6995000000.0,lo+if,spur,2,3,-1,2*LO - 3*IF,25015000000.0,25015000000.0,25015000000.0,0.0,0.0,-110.36129947676103,-84.70787950644589,0,-1,1,-1,1,-1,1,single,0.0,0,1000.0,10.0,,10,auto,peak,
0,33,34,23000000000.0,6995000000.0,23000000000.0,6995000000.0,lo+if,IF_harmonic,0,4,1,0*LO + 4*IF,27980000000.0,27980000000.0,27980000000.0,0.0,0.0,-102.87883265781107,-77.22541268749592,0,-1,1,-1,1,-1,1,single,0.0,0,1000.0,10.0,,10,auto,peak,
0,33,34,23000000000.0,6995000000.0,23000000000.0,6995000000.0,lo+if,spur,2,2,-1,2*LO - 2*IF,32010000000.0,32010000000.0,32010000000.0,0.0,0.0,-98.44731741692672,-72.79389744661157,0,-1,1,-1,1,-1,1,single,0.0,0,1000.0,10.0,,10,auto,peak,
0,33,34,23000000000.0,6995000000.0,23000000000.0,6995000000.0,lo+if,spur,3,5,-1,3*LO - 5*IF,34025000000.0,34025000000.0,34025000045.0,45.0,45.0,-130.56815841294238,-104.91473844262723,1,-1,1,-1,1,-1,1,single,0.0,0,1000.0,10.0,,10,auto,peak,
0,33,34,23000000000.0,6995000000.0,23000000000.0,6995000000.0,lo+if,IF_harmonic,0,5,1,0*LO + 5*IF,34975000000.0,34975000000.0,34974999999.0,-1.0,-1.0,-129.61406859326192,-103.96064862294676,1,-1,1,-1,1,-1,1,single,0.0,0,1000.0,10.0,,10,auto,peak,
