lo_index,if_index,point_index,lo_set_Hz,if_set_Hz,lo_model_Hz,if_model_Hz,mode,kind,m,n,sign,expression,expected_freq_Hz,expected_corr_freq_Hz,measured_freq_Hz,freq_error_Hz,freq_error_corr_Hz,power_dBm,rel_dBc_vs_desired,noise_limited,cluster_id,cluster_size,analytic_coincidence_id,analytic_coincidence_size,measured_coincidence_id,measured_coincidence_size,measurement_scope,cluster_window_half_width_Hz,cluster_window_fallback,span_Hz,rbw_Hz,vbw_Hz,avg_sweeps,marker_mode_global,marker_mode_effective,error
0,2,3,23000000000.0,6530000000.0,23000000000.0,6530000000.0,lo+if,desired,1,1,1,1*LO + 1*IF,29530000000.0,29530000000.0,29530000000.0,0.0,0.0,-25.49140314935471,0.0,0,-1,1,-1,1,-1,1,single,0.0,0,1000.0,10.0,,10,auto,peak,
0,2,3,23000000000.0,6530000000.0,23000000000.0,6530000000.0,lo+if,IF_harmonic,0,4,1,0*LO + 4*IF,26120000000.0,26120000000.0,26120000000.0,0.0,0.0,-108.50560711690787,-83.01420396755316,0,-1,1,-1,1,-1,1,single,0.0,0,1000.0,10.0,,10,auto,peak,
0,2,3,23000000000.0,6530000000.0,23000000000.0,6530000000.0,lo+if,spur,2,3,-1,2*LO - 3*IF,26410000000.0,26410000000.0,26410000000.0,0.0,0.0,-110.86267216065322,-85.37126901129851,0,-1,1,-1,1,-1,1,single,0.0,0,1000.0,10.0,,10,auto,peak,
0,2,3,23000000000.0,6530000000.0,23000000000.0,6530000000.0,lo+if,IF_harmonic,0,5,1,0*LO + 5*IF,32650000000.0,32650000000.0,32649999999.0,-1.0,-1.0,-122.7755739726151,-97.2841708232604,1,-1,1,-1,1,-1,1,single,0.0,0,1000.0,10.0,,10,auto,peak,
0,2,3,23000000000.0,6530000000.0,23000000000.0,6530000000.0,lo+if,spur,2,2,-1,2*LO - 2*IF,32940000000.0,32940000000.0,32940000000.0,0.0,0.0,-97.86836924004456,-72.37696609068985,0,-1,1,-1,1,-1,1,single,0.0,0,1000.0,10.0,,10,auto,peak,
