lo_index,if_index,point_index,lo_set_Hz,if_set_Hz,lo_model_Hz,if_model_Hz,mode,kind,m,n,sign,expression,expected_freq_Hz,expected_corr_freq_Hz,measured_freq_Hz,freq_error_Hz,freq_error_corr_Hz,power_dBm,rel_dBc_vs_desired,noise_limited,cluster_id,cluster_size,analytic_coincidence_id,analytic_coincidence_size,measured_coincidence_id,measured_coincidence_size,measurement_scope,cluster_window_half_width_Hz,cluster_window_fallback,span_Hz,rbw_Hz,vbw_Hz,avg_sweeps,marker_mode_global,marker_mode_effective,error
0,26,27,23000000000.0,6890000000.0,23000000000.0,6890000000.0,lo+if,desired,1,1,1,1*LO + 1*IF,29890000000.0,29890000000.0,29890000000.0,0.0,0.0,-25.50253312024755,0.0,0,-1,1,-1,1,-1,1,single,0.0,0,1000.0,10.0,,10,auto,peak,
0,26,27,23000000000.0,6890000000.0,23000000000.0,6890000000.0,lo+if,spur,2,3,-1,2*LO - 3*IF,25330000000.0,25330000000.0,25330000000.0,0.0,0.0,-122.75075964342008,-97.24822652317253,1,-1,1,-1,1,-1,1,single,0.0,0,1000.0,10.0,,10,auto,peak,
0,26,27,23000000000.0,6890000000.0,23000000000.0,6890000000.0,lo+if,IF_harmonic,0,4,1,0*LO + 4*IF,27560000000.0,27560000000.0,27560000000.0,0.0,0.0,-114.88930772295578,-89.38677460270823,0,-1,1,-1,1,-1,1,single,0.0,0,1000.0,10.0,,10,auto,peak,
0,26,27,23000000000.0,6890000000.0,23000000000.0,6890000000.0,lo+if,spur,2,2,-1,2*LO - 2*IF,32220000000.0,32220000000.0,32220000000.0,0.0,0.0,-85.86062477411075,-60.3580916538632,0,-1,1,-1,1,-1,1,single,0.0,0,1000.0,10.0,,10,auto,peak,
0,26,27,23000000000.0,6890000000.0,23000000000.0,6890000000.0,lo+if,IF_harmonic,0,5,1,0*LO + 5*IF,34450000000.0,34450000000.0,34449999774.2,-225.8000030517578,-225.8000030517578,-130.22373417281696,-104.72120105256941,1,-1,1,-1,1,-1,1,single,0.0,0,1000.0,10.0,,10,auto,peak,
0,26,27,23000000000.0,6890000000.0,23000000000.0,6890000000.0,lo+if,spur,3,5,-1,3*LO - 5*IF,34550000000.0,34550000000.0,34549999990.0,-10.0,-10.0,-128.92257902513342,-103.42004590488587,1,-1,1,-1,1,-1,1,single,0.0,0,1000.0,10.0,,10,auto,peak,
