lo_index,if_index,point_index,lo_set_Hz,if_set_Hz,lo_model_Hz,if_model_Hz,mode,kind,m,n,sign,expression,expected_freq_Hz,expected_corr_freq_Hz,measured_freq_Hz,freq_error_Hz,freq_error_corr_Hz,power_dBm,rel_dBc_vs_desired,noise_limited,cluster_id,cluster_size,analytic_coincidence_id,analytic_coincidence_size,measured_coincidence_id,measured_coincidence_size,measurement_scope,cluster_window_half_width_Hz,cluster_window_fallback,span_Hz,rbw_Hz,vbw_Hz,avg_sweeps,marker_mode_global,marker_mode_effective,error
0,51,52,23000000000.0,7265000000.0,23000000000.0,7265000000.0,lo+if,desired,1,1,1,1*LO + 1*IF,30265000000.0,30265000000.0,30265000000.0,0.0,0.0,-26.306037138075872,0.0,0,-1,1,-1,1,-1,1,single,0.0,0,1000.0,10.0,,10,auto,peak,
0,51,52,23000000000.0,7265000000.0,23000000000.0,7265000000.0,lo+if,IF_harmonic,0,4,1,0*LO + 4*IF,29060000000.0,29060000000.0,29060000019.0,19.0,19.0,-132.1171976324037,-105.81116049432782,1,-1,1,-1,1,-1,1,single,0.0,0,1000.0,10.0,,10,auto,peak,
0,51,52,23000000000.0,7265000000.0,23000000000.0,7265000000.0,lo+if,spur,2,2,-1,2*LO - 2*IF,31470000000.0,31470000000.0,31470000000.0,0.0,0.0,-88.1218412272323,-61.81580408915642,0,-1,1,-1,1,-1,1,single,0.0,0,1000.0,10.0,,10,auto,peak,
0,51,52,23000000000.0,7265000000.0,23000000000.0,7265000000.0,lo+if,spur,3,5,-1,3*LO - 5*IF,32675000000.0,32675000000.0,32674999992.0,-8.0,-8.0,-131.64986376297793,-105.34382662490205,1,-1,1,-1,1,-1,1,single,0.0,0,1000.0,10.0,,10,auto,peak,
