lo_index,if_index,point_index,lo_set_Hz,if_set_Hz,lo_model_Hz,if_model_Hz,mode,kind,m,n,sign,expression,expected_freq_Hz,expected_corr_freq_Hz,measured_freq_Hz,freq_error_Hz,freq_error_corr_Hz,power_dBm,rel_dBc_vs_desired,noise_limited,cluster_id,cluster_size,analytic_coincidence_id,analytic_coincidence_size,measured_coincidence_id,measured_coincidence_size,measurement_scope,cluster_window_half_width_Hz,cluster_window_fallback,span_Hz,rbw_Hz,vbw_Hz,avg_sweeps,marker_mode_global,marker_mode_effective,error
0,57,58,23000000000.0,7355000000.0,23000000000.0,7355000000.0,lo+if,desired,1,1,1,1*LO + 1*IF,30355000000.0,30355000000.0,30355000000.0,0.0,0.0,-25.93572232873582,0.0,0,-1,1,-1,1,-1,1,single,0.0,0,1000.0,10.0,,10,auto,peak,
0,57,58,23000000000.0,7355000000.0,23000000000.0,7355000000.0,lo+if,IF_harmonic,0,4,1,0*LO + 4*IF,29420000000.0,29420000000.0,29419999780.2,-219.79999923706055,-219.79999923706055,-132.45790199748635,-106.52217966875052,1,-1,1,-1,1,-1,1,single,0.0,0,1000.0,10.0,,10,auto,peak,
0,57,58,23000000000.0,7355000000.0,23000000000.0,7355000000.0,lo+if,spur,2,2,-1,2*LO - 2*IF,31290000000.0,31290000000.0,31290000000.0,0.0,0.0,-83.30786875781114,-57.372146429075315,0,-1,1,-1,1,-1,1,single,0.0,0,1000.0,10.0,,10,auto,peak,
0,57,58,23000000000.0,7355000000.0,23000000000.0,7355000000.0,lo+if,spur,3,5,-1,3*LO - 5*IF,32225000000.0,32225000000.0,32224999914.1,-85.9000015258789,-85.9000015258789,-132.45706686404236,-106.52134453530654,1,-1,1,-1,1,-1,1,single,0.0,0,1000.0,10.0,,10,auto,peak,
