lo_index,if_index,point_index,lo_set_Hz,if_set_Hz,lo_model_Hz,if_model_Hz,mode,kind,m,n,sign,expression,expected_freq_Hz,expected_corr_freq_Hz,measured_freq_Hz,freq_error_Hz,freq_error_corr_Hz,power_dBm,rel_dBc_vs_desired,noise_limited,cluster_id,cluster_size,analytic_coincidence_id,analytic_coincidence_size,measured_coincidence_id,measured_coincidence_size,measurement_scope,cluster_window_half_width_Hz,cluster_window_fallback,span_Hz,rbw_Hz,vbw_Hz,avg_sweeps,marker_mode_global,marker_mode_effective,error
0,67,68,23000000000.0,7505000000.0,23000000000.0,7505000000.0,lo+if,desired,1,1,1,1*LO + 1*IF,30505000000.0,30505000000.0,30505000000.0,0.0,0.0,-25.594773683174115,0.0,0,-1,1,-1,1,-1,1,single,0.0,0,1000.0,10.0,,10,auto,peak,
0,67,68,23000000000.0,7505000000.0,23000000000.0,7505000000.0,lo+if,IF_harmonic,0,4,1,0*LO + 4*IF,30020000000.0,30020000000.0,30019999589.4,-410.5999984741211,-410.5999984741211,-132.3315321646024,-106.7367584814283,1,-1,1,-1,1,-1,1,single,0.0,0,1000.0,10.0,,10,auto,peak,
0,67,68,23000000000.0,7505000000.0,23000000000.0,7505000000.0,lo+if,spur,2,2,-1,2*LO - 2*IF,30990000000.0,30990000000.0,30990000000.0,0.0,0.0,-85.92009414268355,-60.32532045950944,0,-1,1,-1,1,-1,1,single,0.0,0,1000.0,10.0,,10,auto,peak,
0,67,68,23000000000.0,7505000000.0,23000000000.0,7505000000.0,lo+if,spur,3,5,-1,3*LO - 5*IF,31475000000.0,31475000000.0,31474999902.1,-97.9000015258789,-97.9000015258789,-131.33916190479408,-105.74438822161997,1,-1,1,-1,1,-1,1,single,0.0,0,1000.0,10.0,,10,auto,peak,
