lo_index,if_index,point_index,lo_set_Hz,if_set_Hz,lo_model_Hz,if_model_Hz,mode,kind,m,n,sign,expression,expected_freq_Hz,expected_corr_freq_Hz,measured_freq_Hz,freq_error_Hz,freq_error_corr_Hz,power_dBm,rel_dBc_vs_desired,noise_limited,cluster_id,cluster_size,analytic_coincidence_id,analytic_coincidence_size,measured_coincidence_id,measured_coincidence_size,measurement_scope,cluster_window_half_width_Hz,cluster_window_fallback,span_Hz,rbw_Hz,vbw_Hz,avg_sweeps,marker_mode_global,marker_mode_effective,error
0,77,78,23000000000.0,7655000000.0,23000000000.0,7655000000.0,lo+if,desired,1,1,1,1*LO + 1*IF,30655000000.0,30655000000.0,30655000000.0,0.0,0.0,-25.278470506454305,0.0,0,-1,1,-1,1,-1,1,single,0.0,0,1000.0,10.0,,10,auto,peak,
0,77,78,23000000000.0,7655000000.0,23000000000.0,7655000000.0,lo+if,IF_harmonic,0,4,1,0*LO + 4*IF,30620000000.0,30620000000.0,30620000256.7,256.70000076293945,256.70000076293945,-131.18320494563085,-105.90473443917654,1,-1,1,-1,1,-1,1,single,0.0,0,1000.0,10.0,,10,auto,peak,
0,77,78,23000000000.0,7655000000.0,23000000000.0,7655000000.0,lo+if,spur,2,2,-1,2*LO - 2*IF,30690000000.0,30690000000.0,30690000000.0,0.0,0.0,-84.19798526761676,-58.91951476116245,0,-1,1,-1,1,-1,1,single,0.0,0,1000.0,10.0,,10,auto,peak,
0,77,78,23000000000.0,7655000000.0,23000000000.0,7655000000.0,lo+if,spur,3,5,-1,3*LO - 5*IF,30725000000.0,30725000000.0,30724999849.2,-150.79999923706055,-150.79999923706055,-131.494329766456,-106.21585926000168,1,-1,1,-1,1,-1,1,single,0.0,0,1000.0,10.0,,10,auto,peak,
