lo_index,if_index,point_index,lo_set_Hz,if_set_Hz,lo_model_Hz,if_model_Hz,mode,kind,m,n,sign,expression,expected_freq_Hz,expected_corr_freq_Hz,measured_freq_Hz,freq_error_Hz,freq_error_corr_Hz,power_dBm,rel_dBc_vs_desired,noise_limited,cluster_id,cluster_size,analytic_coincidence_id,analytic_coincidence_size,measured_coincidence_id,measured_coincidence_size,measurement_scope,cluster_window_half_width_Hz,cluster_window_fallback,span_Hz,rbw_Hz,vbw_Hz,avg_sweeps,marker_mode_global,marker_mode_effective,error
0,23,24,23000000000.0,6845000000.0,23000000000.0,6845000000.0,lo+if,desired,1,1,1,1*LO + 1*IF,29845000000.0,29845000000.0,29845000000.0,0.0,0.0,-25.655141138230846,0.0,0,-1,1,-1,1,-1,1,single,0.0,0,1000.0,10.0,,10,auto,peak,
0,23,24,23000000000.0,6845000000.0,23000000000.0,6845000000.0,lo+if,spur,2,3,-1,2*LO - 3*IF,25465000000.0,25465000000.0,25465000000.0,0.0,0.0,-124.50334084644402,-98.84819970821317,1,-1,1,-1,1,-1,1,single,0.0,0,1000.0,10.0,,10,auto,peak,
0,23,24,23000000000.0,6845000000.0,23000000000.0,6845000000.0,lo+if,IF_harmonic,0,4,1,0*LO + 4*IF,27380000000.0,27380000000.0,27380000000.0,0.0,0.0,-113.47133351760874,-87.8161923793779,0,-1,1,-1,1,-1,1,single,0.0,0,1000.0,10.0,,10,auto,peak,
0,23,24,23000000000.0,6845000000.0,23000000000.0,6845000000.0,lo+if,spur,2,2,-1,2*LO - 2*IF,32310000000.0,32310000000.0,32310000000.0,0.0,0.0,-85.42333148764642,-59.768190349415576,0,-1,1,-1,1,-1,1,single,0.0,0,1000.0,10.0,,10,auto,peak,
0,23,24,23000000000.0,6845000000.0,23000000000.0,6845000000.0,lo+if,IF_harmonic,0,5,1,0*LO + 5*IF,34225000000.0,34225000000.0,34225000000.0,0.0,0.0,-130.21020292504153,-104.55506178681068,1,-1,1,-1,1,-1,1,single,0.0,0,1000.0,10.0,,10,auto,peak,
0,23,24,23000000000.0,6845000000.0,23000000000.0,6845000000.0,lo+if,spur,3,5,-1,3*LO - 5*IF,34775000000.0,34775000000.0,34775000448.6,448.5999984741211,448.5999984741211,-129.6912951719921,-104.03615403376125,1,-1,1,-1,1,-1,1,single,0.0,0,1000.0,10.0,,10,auto,peak,
