lo_index,if_index,point_index,lo_set_Hz,if_set_Hz,lo_model_Hz,if_model_Hz,mode,kind,m,n,sign,expression,expected_freq_Hz,expected_corr_freq_Hz,measured_freq_Hz,freq_error_Hz,freq_error_corr_Hz,power_dBm,rel_dBc_vs_desired,noise_limited,cluster_id,cluster_size,analytic_coincidence_id,analytic_coincidence_size,measured_coincidence_id,measured_coincidence_size,measurement_scope,cluster_window_half_width_Hz,cluster_window_fallback,span_Hz,rbw_Hz,vbw_Hz,avg_sweeps,marker_mode_global,marker_mode_effective,error
0,44,45,23000000000.0,7160000000.0,23000000000.0,7160000000.0,lo+if,desired,1,1,1,1*LO + 1*IF,30160000000.0,30160000000.0,30160000000.0,0.0,0.0,-26.36062787645819,0.0,0,-1,1,-1,1,-1,1,single,0.0,0,1000.0,10.0,,10,auto,peak,
0,44,45,23000000000.0,7160000000.0,23000000000.0,7160000000.0,lo+if,IF_harmonic,0,4,1,0*LO + 4*IF,28640000000.0,28640000000.0,28640000086.9,86.9000015258789,86.9000015258789,-130.83430762913648,-104.4736797526783,1,-1,1,-1,1,-1,1,single,0.0,0,1000.0,10.0,,10,auto,peak,
0,44,45,23000000000.0,7160000000.0,23000000000.0,7160000000.0,lo+if,spur,2,2,-1,2*LO - 2*IF,31680000000.0,31680000000.0,31680000000.0,0.0,0.0,-87.95563692242743,-61.59500904596924,0,-1,1,-1,1,-1,1,single,0.0,0,1000.0,10.0,,10,auto,peak,
0,44,45,23000000000.0,7160000000.0,23000000000.0,7160000000.0,lo+if,spur,3,5,-1,3*LO - 5*IF,33200000000.0,33200000000.0,33200000347.7,347.70000076293945,347.70000076293945,-131.1801691525135,-104.81954127605533,1,-1,1,-1,1,-1,1,single,0.0,0,1000.0,10.0,,10,auto,peak,
