lo_index,if_index,point_index,lo_set_Hz,if_set_Hz,lo_model_Hz,if_model_Hz,mode,kind,m,n,sign,expression,expected_freq_Hz,expected_corr_freq_Hz,measured_freq_Hz,freq_error_Hz,freq_error_corr_Hz,power_dBm,rel_dBc_vs_desired,noise_limited,cluster_id,cluster_size,analytic_coincidence_id,analytic_coincidence_size,measured_coincidence_id,measured_coincidence_size,measurement_scope,cluster_window_half_width_Hz,cluster_window_fallback,span_Hz,rbw_Hz,vbw_Hz,avg_sweeps,marker_mode_global,marker_mode_effective,error
0,8,9,23000000000.0,6620000000.0,23000000000.0,6620000000.0,lo+if,desired,1,1,1,1*LO + 1*IF,29620000000.0,29620000000.0,29620000000.0,0.0,0.0,-25.282070024425323,0.0,0,-1,1,-1,1,-1,1,single,0.0,0,1000.0,10.0,,10,auto,peak,
0,8,9,23000000000.0,6620000000.0,23000000000.0,6620000000.0,lo+if,spur,2,3,-1,2*LO - 3*IF,26140000000.0,26140000000.0,26140000001.0,1.0,1.0,-121.32066444566408,-96.03859442123876,1,-1,1,-1,1,-1,1,single,0.0,0,1000.0,10.0,,10,auto,peak,
0,8,9,23000000000.0,6620000000.0,23000000000.0,6620000000.0,lo+if,IF_harmonic,0,4,1,0*LO + 4*IF,26480000000.0,26480000000.0,26480000000.0,0.0,0.0,-124.18268944499505,-98.90061942056973,1,-1,1,-1,1,-1,1,single,0.0,0,1000.0,10.0,,10,auto,peak,
0,8,9,23000000000.0,6620000000.0,23000000000.0,6620000000.0,lo+if,spur,2,2,-1,2*LO - 2*IF,32760000000.0,32760000000.0,32760000000.0,0.0,0.0,-85.78493966081815,-60.50286963639283,0,-1,1,-1,1,-1,1,single,0.0,0,1000.0,10.0,,10,auto,peak,
0,8,9,23000000000.0,6620000000.0,23000000000.0,6620000000.0,lo+if,IF_harmonic,0,5,1,0*LO + 5*IF,33100000000.0,33100000000.0,33100000450.5,450.5,450.5,-132.8988312230807,-107.61676119865537,1,-1,1,-1,1,-1,1,single,0.0,0,1000.0,10.0,,10,auto,peak,
