lo_index,if_index,point_index,lo_set_Hz,if_set_Hz,lo_model_Hz,if_model_Hz,mode,kind,m,n,sign,expression,expected_freq_Hz,expected_corr_freq_Hz,measured_freq_Hz,freq_error_Hz,freq_error_corr_Hz,power_dBm,rel_dBc_vs_desired,noise_limited,cluster_id,cluster_size,analytic_coincidence_id,analytic_coincidence_size,measured_coincidence_id,measured_coincidence_size,measurement_scope,cluster_window_half_width_Hz,cluster_window_fallback,span_Hz,rbw_Hz,vbw_Hz,avg_sweeps,marker_mode_global,marker_mode_effective,error
0,25,26,23000000000.0,6875000000.0,23000000000.0,6875000000.0,lo+if,desired,1,1,1,1*LO + 1*IF,29875000000.0,29875000000.0,29875000000.0,0.0,0.0,-25.489509418049522,0.0,0,-1,1,-1,1,-1,1,single,0.0,0,1000.0,10.0,,10,auto,peak,
0,25,26,23000000000.0,6875000000.0,23000000000.0,6875000000.0,lo+if,spur,2,3,-1,2*LO - 3*IF,25375000000.0,25375000000.0,25374999999.0,-1.0,-1.0,-122.36683631509936,-96.87732689704984,1,-1,1,-1,1,-1,1,single,0.0,0,1000.0,10.0,,10,auto,peak,
0,25,26,23000000000.0,6875000000.0,23000000000.0,6875000000.0,lo+if,IF_harmonic,0,4,1,0*LO + 4*IF,27500000000.0,27500000000.0,27500000000.0,0.0,0.0,-112.76538986204991,-87.27588044400039,0,-1,1,-1,1,-1,1,single,0.0,0,1000.0,10.0,,10,auto,peak,
0,25,26,23000000000.0,6875000000.0,23000000000.0,6875000000.0,lo+if,spur,2,2,-1,2*LO - 2*IF,32250000000.0,32250000000.0,32250000000.0,0.0,0.0,-85.37893224682733,-59.88942282877781,0,-1,1,-1,1,-1,1,single,0.0,0,1000.0,10.0,,10,auto,peak,
0,25,26,23000000000.0,6875000000.0,23000000000.0,6875000000.0,lo+if,IF_harmonic,0,5,1,0*LO + 5*IF,34375000000.0,34375000000.0,34375000018.0,18.0,18.0,-131.14235539505043,-105.65284597700091,1,-1,1,-1,1,-1,1,single,0.0,0,1000.0,10.0,,10,auto,peak,
0,25,26,23000000000.0,6875000000.0,23000000000.0,6875000000.0,lo+if,spur,3,5,-1,3*LO - 5*IF,34625000000.0,34625000000.0,34624999615.4,-384.5999984741211,-384.5999984741211,-128.89062177630785,-103.40111235825833,1,-1,1,-1,1,-1,1,single,0.0,0,1000.0,10.0,,10,auto,peak,
