lo_index,if_index,point_index,lo_set_Hz,if_set_Hz,lo_model_Hz,if_model_Hz,mode,kind,m,n,sign,expression,expected_freq_Hz,expected_corr_freq_Hz,measured_freq_Hz,freq_error_Hz,freq_error_corr_Hz,power_dBm,rel_dBc_vs_desired,noise_limited,cluster_id,cluster_size,analytic_coincidence_id,analytic_coincidence_size,measured_coincidence_id,measured_coincidence_size,measurement_scope,cluster_window_half_width_Hz,cluster_window_fallback,span_Hz,rbw_Hz,vbw_Hz,avg_sweeps,marker_mode_global,marker_mode_effective,error
0,70,71,23000000000.0,7550000000.0,23000000000.0,7550000000.0,lo+if,desired,1,1,1,1*LO + 1*IF,30550000000.0,30550000000.0,30550000000.0,0.0,0.0,-25.562968958188456,0.0,0,-1,1,-1,1,-1,1,single,0.0,0,1000.0,10.0,,10,auto,peak,
0,70,71,23000000000.0,7550000000.0,23000000000.0,7550000000.0,lo+if,IF_harmonic,0,4,1,0*LO + 4*IF,30200000000.0,30200000000.0,30200000435.6,435.5999984741211,435.5999984741211,-130.67312671175983,-105.11015775357137,1,-1,1,-1,1,-1,1,single,0.0,0,1000.0,10.0,,10,auto,peak,
0,70,71,23000000000.0,7550000000.0,23000000000.0,7550000000.0,lo+if,spur,2,2,-1,2*LO - 2*IF,30900000000.0,30900000000.0,30900000000.0,0.0,0.0,-83.6272116917236,-58.064242733535146,0,-1,1,-1,1,-1,1,single,0.0,0,1000.0,10.0,,10,auto,peak,
0,70,71,23000000000.0,7550000000.0,23000000000.0,7550000000.0,lo+if,spur,3,5,-1,3*LO - 5*IF,31250000000.0,31250000000.0,31250000017.0,17.0,17.0,-131.45271938133493,-105.88975042314647,1,-1,1,-1,1,-1,1,single,0.0,0,1000.0,10.0,,10,auto,peak,
