lo_index,if_index,point_index,lo_set_Hz,if_set_Hz,lo_model_Hz,if_model_Hz,mode,kind,m,n,sign,expression,expected_freq_Hz,expected_corr_freq_Hz,measured_freq_Hz,freq_error_Hz,freq_error_corr_Hz,power_dBm,rel_dBc_vs_desired,noise_limited,cluster_id,cluster_size,analytic_coincidence_id,analytic_coincidence_size,measured_coincidence_id,measured_coincidence_size,measurement_scope,cluster_window_half_width_Hz,cluster_window_fallback,span_Hz,rbw_Hz,vbw_Hz,avg_sweeps,marker_mode_global,marker_mode_effective,error
0,66,67,23000000000.0,7490000000.0,23000000000.0,7490000000.0,lo+if,desired,1,1,1,1*LO + 1*IF,30490000000.0,30490000000.0,30490000000.0,0.0,0.0,-25.76677442217223,0.0,0,-1,1,-1,1,-1,1,single,0.0,0,1000.0,10.0,,10,auto,peak,
0,66,67,23000000000.0,7490000000.0,23000000000.0,7490000000.0,lo+if,IF_harmonic,0,4,1,0*LO + 4*IF,29960000000.0,29960000000.0,29959999659.3,-340.70000076293945,-340.70000076293945,-132.23636935955614,-106.4695949373839,1,-1,1,-1,1,-1,1,single,0.0,0,1000.0,10.0,,10,auto,peak,
0,66,67,23000000000.0,7490000000.0,23000000000.0,7490000000.0,lo+if,spur,2,2,-1,2*LO - 2*IF,31020000000.0,31020000000.0,31020000000.0,0.0,0.0,-85.66704566310744,-59.90027124093521,0,-1,1,-1,1,-1,1,single,0.0,0,1000.0,10.0,,10,auto,peak,
0,66,67,23000000000.0,7490000000.0,23000000000.0,7490000000.0,lo+if,spur,3,5,-1,3*LO - 5*IF,31550000000.0,31550000000.0,31550000380.6,380.5999984741211,380.5999984741211,-131.30244749041964,-105.5356730682474,1,-1,1,-1,1,-1,1,single,0.0,0,1000.0,10.0,,10,auto,peak,
