lo_index,if_index,point_index,lo_set_Hz,if_set_Hz,lo_model_Hz,if_model_Hz,mode,kind,m,n,sign,expression,expected_freq_Hz,expected_corr_freq_Hz,measured_freq_Hz,freq_error_Hz,freq_error_corr_Hz,power_dBm,rel_dBc_vs_desired,noise_limited,cluster_id,cluster_size,analytic_coincidence_id,analytic_coincidence_size,measured_coincidence_id,measured_coincidence_size,measurement_scope,cluster_window_half_width_Hz,cluster_window_fallback,span_Hz,rbw_Hz,vbw_Hz,avg_sweeps,marker_mode_global,marker_mode_effective,error
0,41,42,23000000000.0,7115000000.0,23000000000.0,7115000000.0,lo+if,desired,1,1,1,1*LO + 1*IF,30115000000.0,30115000000.0,30115000000.0,0.0,0.0,-25.44521855426378,0.0,0,-1,1,-1,1,-1,1,single,0.0,0,1000.0,10.0,,10,auto,peak,
0,41,42,23000000000.0,7115000000.0,23000000000.0,7115000000.0,lo+if,IF_harmonic,0,4,1,0*LO + 4*IF,28460000000.0,28460000000.0,28459999999.0,-1.0,-1.0,-127.31901076334495,-101.87379220908117,1,-1,1,-1,1,-1,1,single,0.0,0,1000.0,10.0,,10,auto,peak,
0,41,42,23000000000.0,7115000000.0,23000000000.0,7115000000.0,lo+if,spur,2,2,-1,2*LO - 2*IF,31770000000.0,31770000000.0,31770000000.0,0.0,0.0,-85.71790262152767,-60.272684067263896,0,-1,1,-1,1,-1,1,single,0.0,0,1000.0,10.0,,10,auto,peak,
0,41,42,23000000000.0,7115000000.0,23000000000.0,7115000000.0,lo+if,spur,3,5,-1,3*LO - 5*IF,33425000000.0,33425000000.0,33424999733.3,-266.70000076293945,-266.70000076293945,-131.03319698731133,-105.58797843304755,1,-1,1,-1,1,-1,1,single,0.0,0,1000.0,10.0,,10,auto,peak,
