lo_index,if_index,point_index,lo_set_Hz,if_set_Hz,lo_model_Hz,if_model_Hz,mode,kind,m,n,sign,expression,expected_freq_Hz,expected_corr_freq_Hz,measured_freq_Hz,freq_error_Hz,freq_error_corr_Hz,power_dBm,rel_dBc_vs_desired,noise_limited,cluster_id,cluster_size,analytic_coincidence_id,analytic_coincidence_size,measured_coincidence_id,measured_coincidence_size,measurement_scope,cluster_window_half_width_Hz,cluster_window_fallback,span_Hz,rbw_Hz,vbw_Hz,avg_sweeps,marker_mode_global,marker_mode_effective,error
0,20,21,23000000000.0,6800000000.0,23000000000.0,6800000000.0,lo+if,desired,1,1,1,1*LO + 1*IF,29800000000.0,29800000000.0,29800000000.0,0.0,0.0,-26.15712534115099,0.0,0,-1,1,-1,1,-1,1,single,0.0,0,1000.0,10.0,,10,auto,peak,
0,20,21,23000000000.0,6800000000.0,23000000000.0,6800000000.0,lo+if,spur,2,3,-1,2*LO - 3*IF,25600000000.0,25600000000.0,25599999999.0,-1.0,-1.0,-122.13434247676226,-95.97721713561127,1,-1,1,-1,1,-1,1,single,0.0,0,1000.0,10.0,,10,auto,peak,
0,20,21,23000000000.0,6800000000.0,23000000000.0,6800000000.0,lo+if,IF_harmonic,0,4,1,0*LO + 4*IF,27200000000.0,27200000000.0,27200000000.0,0.0,0.0,-107.81345639594896,-81.65633105479797,0,-1,1,-1,1,-1,1,single,0.0,0,1000.0,10.0,,10,auto,peak,
0,20,21,23000000000.0,6800000000.0,23000000000.0,6800000000.0,lo+if,spur,2,2,-1,2*LO - 2*IF,32400000000.0,32400000000.0,32400000000.0,0.0,0.0,-87.10056882806632,-60.94344348691533,0,-1,1,-1,1,-1,1,single,0.0,0,1000.0,10.0,,10,auto,peak,
0,20,21,23000000000.0,6800000000.0,23000000000.0,6800000000.0,lo+if,IF_harmonic,0,5,1,0*LO + 5*IF,34000000000.0,34000000000.0,33999999776.2,-223.79999923706055,-223.79999923706055,-129.8495492986511,-103.69242395750013,1,-1,1,-1,1,-1,1,single,0.0,0,1000.0,10.0,,10,auto,peak,
0,20,21,23000000000.0,6800000000.0,23000000000.0,6800000000.0,lo+if,spur,3,5,-1,3*LO - 5*IF,35000000000.0,35000000000.0,35000000343.7,343.6999969482422,343.6999969482422,-129.4009987798565,-103.24387343870552,1,-1,1,-1,1,-1,1,single,0.0,0,1000.0,10.0,,10,auto,peak,
