lo_index,if_index,point_index,lo_set_Hz,if_set_Hz,lo_model_Hz,if_model_Hz,mode,kind,m,n,sign,expression,expected_freq_Hz,expected_corr_freq_Hz,measured_freq_Hz,freq_error_Hz,freq_error_corr_Hz,power_dBm,rel_dBc_vs_desired,noise_limited,cluster_id,cluster_size,analytic_coincidence_id,analytic_coincidence_size,measured_coincidence_id,measured_coincidence_size,measurement_scope,cluster_window_half_width_Hz,cluster_window_fallback,span_Hz,rbw_Hz,vbw_Hz,avg_sweeps,marker_mode_global,marker_mode_effective,error
0,32,33,23000000000.0,6980000000.0,23000000000.0,6980000000.0,lo+if,desired,1,1,1,1*LO + 1*IF,29980000000.0,29980000000.0,29980000000.0,0.0,0.0,-25.767275097102868,0.0,0,-1,1,-1,1,-1,1,single,0.0,0,1000.0,10.0,,10,auto,peak,
0,32,33,23000000000.0,6980000000.0,23000000000.0,6980000000.0,lo+if,spur,2,3,-1,2*LO - 3*IF,25060000000.0,25060000000.0,25060000000.0,0.0,0.0,-123.52091563715312,-97.75364054005026,1,-1,1,-1,1,-1,1,single,0.0,0,1000.0,10.0,,10,auto,peak,
0,32,33,23000000000.0,6980000000.0,23000000000.0,6980000000.0,lo+if,IF_harmonic,0,4,1,0*LO + 4*IF,27920000000.0,27920000000.0,27920000000.0,0.0,0.0,-110.11783645776035,-84.35056136065748,0,-1,1,-1,1,-1,1,single,0.0,0,1000.0,10.0,,10,auto,peak,
0,32,33,23000000000.0,6980000000.0,23000000000.0,6980000000.0,lo+if,spur,2,2,-1,2*LO - 2*IF,32040000000.0,32040000000.0,32040000000.0,0.0,0.0,-87.17533112607867,-61.40805602897581,0,-1,1,-1,1,-1,1,single,0.0,0,1000.0,10.0,,10,auto,peak,
0,32,33,23000000000.0,6980000000.0,23000000000.0,6980000000.0,lo+if,spur,3,5,-1,3*LO - 5*IF,34100000000.0,34100000000.0,34099999982.0,-18.0,-18.0,-130.10074248670747,-104.3334673896046,1,-1,1,-1,1,-1,1,single,0.0,0,1000.0,10.0,,10,auto,peak,
0,32,33,23000000000.0,6980000000.0,23000000000.0,6980000000.0,lo+if,IF_harmonic,0,5,1,0*LO + 5*IF,34900000000.0,34900000000.0,34899999587.4,-412.5999984741211,-412.5999984741211,-129.53323672540537,-103.7659616283025,1,-1,1,-1,1,-1,1,single,0.0,0,1000.0,10.0,,10,auto,peak,
