lo_index,if_index,point_index,lo_set_Hz,if_set_Hz,lo_model_Hz,if_model_Hz,mode,kind,m,n,sign,expression,expected_freq_Hz,expected_corr_freq_Hz,measured_freq_Hz,freq_error_Hz,freq_error_corr_Hz,power_dBm,rel_dBc_vs_desired,noise_limited,cluster_id,cluster_size,analytic_coincidence_id,analytic_coincidence_size,measured_coincidence_id,measured_coincidence_size,measurement_scope,cluster_window_half_width_Hz,cluster_window_fallback,span_Hz,rbw_Hz,vbw_Hz,avg_sweeps,marker_mode_global,marker_mode_effective,error
0,87,88,23000000000.0,7805000000.0,23000000000.0,7805000000.0,lo+if,desired,1,1,1,1*LO + 1*IF,30805000000.0,30805000000.0,30805000000.0,0.0,0.0,-25.733372052272124,0.0,0,-1,1,-1,1,-1,1,single,0.0,0,1000.0,10.0,,10,auto,peak,
0,87,88,23000000000.0,7805000000.0,23000000000.0,7805000000.0,lo+if,spur,3,5,-1,3*LO - 5*IF,29975000000.0,29975000000.0,29974999661.3,-338.70000076293945,-338.70000076293945,-132.9530503309867,-107.21967827871458,1,-1,1,-1,1,-1,1,single,0.0,0,1000.0,10.0,,10,auto,peak,
0,87,88,23000000000.0,7805000000.0,23000000000.0,7805000000.0,lo+if,spur,2,2,-1,2*LO - 2*IF,30390000000.0,30390000000.0,30390000000.0,0.0,0.0,-82.33386553101022,-56.600493478738095,0,-1,1,-1,1,-1,1,single,0.0,0,1000.0,10.0,,10,auto,peak,
0,87,88,23000000000.0,7805000000.0,23000000000.0,7805000000.0,lo+if,IF_harmonic,0,4,1,0*LO + 4*IF,31220000000.0,31220000000.0,31220000166.8,166.79999923706055,166.79999923706055,-130.80202594009643,-105.0686538878243,1,-1,1,-1,1,-1,1,single,0.0,0,1000.0,10.0,,10,auto,peak,
