lo_index,if_index,point_index,lo_set_Hz,if_set_Hz,lo_model_Hz,if_model_Hz,mode,kind,m,n,sign,expression,expected_freq_Hz,expected_corr_freq_Hz,measured_freq_Hz,freq_error_Hz,freq_error_corr_Hz,power_dBm,rel_dBc_vs_desired,noise_limited,cluster_id,cluster_size,analytic_coincidence_id,analytic_coincidence_size,measured_coincidence_id,measured_coincidence_size,measurement_scope,cluster_window_half_width_Hz,cluster_window_fallback,span_Hz,rbw_Hz,vbw_Hz,avg_sweeps,marker_mode_global,marker_mode_effective,error
0,24,25,23000000000.0,6860000000.0,23000000000.0,6860000000.0,lo+if,desired,1,1,1,1*LO + 1*IF,29860000000.0,29860000000.0,29860000000.0,0.0,0.0,-25.604110338266025,0.0,0,-1,1,-1,1,-1,1,single,0.0,0,1000.0,10.0,,10,auto,peak,
0,24,25,23000000000.0,6860000000.0,23000000000.0,6860000000.0,lo+if,spur,2,3,-1,2*LO - 3*IF,25420000000.0,25420000000.0,25420000000.0,0.0,0.0,-122.90151475722432,-97.2974044189583,1,-1,1,-1,1,-1,1,single,0.0,0,1000.0,10.0,,10,auto,peak,
0,24,25,23000000000.0,6860000000.0,23000000000.0,6860000000.0,lo+if,IF_harmonic,0,4,1,0*LO + 4*IF,27440000000.0,27440000000.0,27440000000.0,0.0,0.0,-112.40760675451278,-86.80349641624676,0,-1,1,-1,1,-1,1,single,0.0,0,1000.0,10.0,,10,auto,peak,
0,24,25,23000000000.0,6860000000.0,23000000000.0,6860000000.0,lo+if,spur,2,2,-1,2*LO - 2*IF,32280000000.0,32280000000.0,32280000000.0,0.0,0.0,-85.20218683060952,-59.598076492343495,0,-1,1,-1,1,-1,1,single,0.0,0,1000.0,10.0,,10,auto,peak,
0,24,25,23000000000.0,6860000000.0,23000000000.0,6860000000.0,lo+if,IF_harmonic,0,5,1,0*LO + 5*IF,34300000000.0,34300000000.0,34299999855.1,-144.9000015258789,-144.9000015258789,-130.28487296267423,-104.6807626244082,1,-1,1,-1,1,-1,1,single,0.0,0,1000.0,10.0,,10,auto,peak,
0,24,25,23000000000.0,6860000000.0,23000000000.0,6860000000.0,lo+if,spur,3,5,-1,3*LO - 5*IF,34700000000.0,34700000000.0,34699999762.2,-237.8000030517578,-237.8000030517578,-129.5155885712437,-103.91147823297769,1,-1,1,-1,1,-1,1,single,0.0,0,1000.0,10.0,,10,auto,peak,
