lo_index,if_index,point_index,lo_set_Hz,if_set_Hz,lo_model_Hz,if_model_Hz,mode,kind,m,n,sign,expression,expected_freq_Hz,expected_corr_freq_Hz,measured_freq_Hz,freq_error_Hz,freq_error_corr_Hz,power_dBm,rel_dBc_vs_desired,noise_limited,cluster_id,cluster_size,analytic_coincidence_id,analytic_coincidence_size,measured_coincidence_id,measured_coincidence_size,measurement_scope,cluster_window_half_width_Hz,cluster_window_fallback,span_Hz,rbw_Hz,vbw_Hz,avg_sweeps,marker_mode_global,marker_mode_effective,error
0,68,69,23000000000.0,7520000000.0,23000000000.0,7520000000.0,lo+if,desired,1,1,1,1*LO + 1*IF,30520000000.0,30520000000.0,30520000000.0,0.0,0.0,-25.495319886002754,0.0,0,-1,1,-1,1,-1,1,single,0.0,0,1000.0,10.0,,10,auto,peak,
0,68,69,23000000000.0,7520000000.0,23000000000.0,7520000000.0,lo+if,IF_harmonic,0,4,1,0*LO + 4*IF,30080000000.0,30080000000.0,30080000308.7,308.70000076293945,308.70000076293945,-132.1265856425012,-106.63126575649844,1,-1,1,-1,1,-1,1,single,0.0,0,1000.0,10.0,,10,auto,peak,
0,68,69,23000000000.0,7520000000.0,23000000000.0,7520000000.0,lo+if,spur,2,2,-1,2*LO - 2*IF,30960000000.0,30960000000.0,30960000000.0,0.0,0.0,-85.89196898857664,-60.39664910257388,0,-1,1,-1,1,-1,1,single,0.0,0,1000.0,10.0,,10,auto,peak,
0,68,69,23000000000.0,7520000000.0,23000000000.0,7520000000.0,lo+if,spur,3,5,-1,3*LO - 5*IF,31400000000.0,31400000000.0,31399999841.2,-158.79999923706055,-158.79999923706055,-131.34462952021573,-105.84930963421297,1,-1,1,-1,1,-1,1,single,0.0,0,1000.0,10.0,,10,auto,peak,
