lo_index,if_index,point_index,lo_set_Hz,if_set_Hz,lo_model_Hz,if_model_Hz,mode,kind,m,n,sign,expression,expected_freq_Hz,expected_corr_freq_Hz,measured_freq_Hz,freq_error_Hz,freq_error_corr_Hz,power_dBm,rel_dBc_vs_desired,noise_limited,cluster_id,cluster_size,analytic_coincidence_id,analytic_coincidence_size,measured_coincidence_id,measured_coincidence_size,measurement_scope,cluster_window_half_width_Hz,cluster_window_fallback,span_Hz,rbw_Hz,vbw_Hz,avg_sweeps,marker_mode_global,marker_mode_effective,error
0,43,44,23000000000.0,7145000000.0,23000000000.0,7145000000.0,lo+if,desired,1,1,1,1*LO + 1*IF,30145000000.0,30145000000.0,30145000000.0,0.0,0.0,-25.941149349122085,0.0,0,-1,1,-1,1,-1,1,single,0.0,0,1000.0,10.0,,10,auto,peak,
0,43,44,23000000000.0,7145000000.0,23000000000.0,7145000000.0,lo+if,IF_harmonic,0,4,1,0*LO + 4*IF,28580000000.0,28580000000.0,28580000000.0,0.0,0.0,-125.23298642923756,-99.29183708011547,1,-1,1,-1,1,-1,1,single,0.0,0,1000.0,10.0,,10,auto,peak,
0,43,44,23000000000.0,7145000000.0,23000000000.0,7145000000.0,lo+if,spur,2,2,-1,2*LO - 2*IF,31710000000.0,31710000000.0,31710000000.0,0.0,0.0,-87.88816382113359,-61.9470144720115,0,-1,1,-1,1,-1,1,single,0.0,0,1000.0,10.0,,10,auto,peak,
0,43,44,23000000000.0,7145000000.0,23000000000.0,7145000000.0,lo+if,spur,3,5,-1,3*LO - 5*IF,33275000000.0,33275000000.0,33274999922.1,-77.9000015258789,-77.9000015258789,-131.44933454531315,-105.50818519619106,1,-1,1,-1,1,-1,1,single,0.0,0,1000.0,10.0,,10,auto,peak,
