lo_index,if_index,point_index,lo_set_Hz,if_set_Hz,lo_model_Hz,if_model_Hz,mode,kind,m,n,sign,expression,expected_freq_Hz,expected_corr_freq_Hz,measured_freq_Hz,freq_error_Hz,freq_error_corr_Hz,power_dBm,rel_dBc_vs_desired,noise_limited,cluster_id,cluster_size,analytic_coincidence_id,analytic_coincidence_size,measured_coincidence_id,measured_coincidence_size,measurement_scope,cluster_window_half_width_Hz,cluster_window_fallback,span_Hz,rbw_Hz,vbw_Hz,avg_sweeps,marker_mode_global,marker_mode_effective,error
0,73,74,23000000000.0,7595000000.0,23000000000.0,7595000000.0,lo+if,desired,1,1,1,1*LO + 1*IF,30595000000.0,30595000000.0,30595000000.0,0.0,0.0,-25.345210941327636,0.0,0,-1,1,-1,1,-1,1,single,0.0,0,1000.0,10.0,,10,auto,peak,
0,73,74,23000000000.0,7595000000.0,23000000000.0,7595000000.0,lo+if,IF_harmonic,0,4,1,0*LO + 4*IF,30380000000.0,30380000000.0,30380000448.6,448.5999984741211,448.5999984741211,-131.97865063961882,-106.63343969829118,1,-1,1,-1,1,-1,1,single,0.0,0,1000.0,10.0,,10,auto,peak,
0,73,74,23000000000.0,7595000000.0,23000000000.0,7595000000.0,lo+if,spur,2,2,-1,2*LO - 2*IF,30810000000.0,30810000000.0,30810000000.0,0.0,0.0,-82.8231755718516,-57.47796463052397,0,-1,1,-1,1,-1,1,single,0.0,0,1000.0,10.0,,10,auto,peak,
0,73,74,23000000000.0,7595000000.0,23000000000.0,7595000000.0,lo+if,spur,3,5,-1,3*LO - 5*IF,31025000000.0,31025000000.0,31024999776.2,-223.79999923706055,-223.79999923706055,-131.16467724481328,-105.81946630348564,1,-1,1,-1,1,-1,1,single,0.0,0,1000.0,10.0,,10,auto,peak,
