lo_index,if_index,point_index,lo_set_Hz,if_set_Hz,lo_model_Hz,if_model_Hz,mode,kind,m,n,sign,expression,expected_freq_Hz,expected_corr_freq_Hz,measured_freq_Hz,freq_error_Hz,freq_error_corr_Hz,power_dBm,rel_dBc_vs_desired,noise_limited,cluster_id,cluster_size,analytic_coincidence_id,analytic_coincidence_size,measured_coincidence_id,measured_coincidence_size,measurement_scope,cluster_window_half_width_Hz,cluster_window_fallback,span_Hz,rbw_Hz,vbw_Hz,avg_sweeps,marker_mode_global,marker_mode_effective,error
0,18,19,23000000000.0,6770000000.0,23000000000.0,6770000000.0,lo+if,desired,1,1,1,1*LO + 1*IF,29770000000.0,29770000000.0,29770000000.0,0.0,0.0,-26.48772402550869,0.0,0,-1,1,-1,1,-1,1,single,0.0,0,1000.0,10.0,,10,auto,peak,
0,18,19,23000000000.0,6770000000.0,23000000000.0,6770000000.0,lo+if,spur,2,3,-1,2*LO - 3*IF,25690000000.0,25690000000.0,25690000000.0,0.0,0.0,-121.30489812113277,-94.81717409562407,1,-1,1,-1,1,-1,1,single,0.0,0,1000.0,10.0,,10,auto,peak,
0,18,19,23000000000.0,6770000000.0,23000000000.0,6770000000.0,lo+if,IF_harmonic,0,4,1,0*LO + 4*IF,27080000000.0,27080000000.0,27080000000.0,0.0,0.0,-111.49967235577988,-85.0119483302712,0,-1,1,-1,1,-1,1,single,0.0,0,1000.0,10.0,,10,auto,peak,
0,18,19,23000000000.0,6770000000.0,23000000000.0,6770000000.0,lo+if,spur,2,2,-1,2*LO - 2*IF,32460000000.0,32460000000.0,32460000000.0,0.0,0.0,-88.73850998584304,-62.25078596033435,0,-1,1,-1,1,-1,1,single,0.0,0,1000.0,10.0,,10,auto,peak,
0,18,19,23000000000.0,6770000000.0,23000000000.0,6770000000.0,lo+if,IF_harmonic,0,5,1,0*LO + 5*IF,33850000000.0,33850000000.0,33849999970.0,-30.0,-30.0,-131.18413386078467,-104.69640983527597,1,-1,1,-1,1,-1,1,single,0.0,0,1000.0,10.0,,10,auto,peak,
