lo_index,if_index,point_index,lo_set_Hz,if_set_Hz,lo_model_Hz,if_model_Hz,mode,kind,m,n,sign,expression,expected_freq_Hz,expected_corr_freq_Hz,measured_freq_Hz,freq_error_Hz,freq_error_corr_Hz,power_dBm,rel_dBc_vs_desired,noise_limited,cluster_id,cluster_size,analytic_coincidence_id,analytic_coincidence_size,measured_coincidence_id,measured_coincidence_size,measurement_scope,cluster_window_half_width_Hz,cluster_window_fallback,span_Hz,rbw_Hz,vbw_Hz,avg_sweeps,marker_mode_global,marker_mode_effective,error
0,36,37,23000000000.0,7040000000.0,23000000000.0,7040000000.0,lo+if,desired,1,1,1,1*LO + 1*IF,30040000000.0,30040000000.0,30040000000.0,0.0,0.0,-25.396187513380323,0.0,0,-1,1,-1,1,-1,1,single,0.0,0,1000.0,10.0,,10,auto,peak,
0,36,37,23000000000.0,7040000000.0,23000000000.0,7040000000.0,lo+if,IF_harmonic,0,4,1,0*LO + 4*IF,28160000000.0,28160000000.0,28160000000.0,0.0,0.0,-110.37086714052562,-84.97467962714529,0,-1,1,-1,1,-1,1,single,0.0,0,1000.0,10.0,,10,auto,peak,
0,36,37,23000000000.0,7040000000.0,23000000000.0,7040000000.0,lo+if,spur,2,2,-1,2*LO - 2*IF,31920000000.0,31920000000.0,31920000000.0,0.0,0.0,-86.33250943516049,-60.93632192178016,0,-1,1,-1,1,-1,1,single,0.0,0,1000.0,10.0,,10,auto,peak,
0,36,37,23000000000.0,7040000000.0,23000000000.0,7040000000.0,lo+if,spur,3,5,-1,3*LO - 5*IF,33800000000.0,33800000000.0,33800000318.7,318.70000076293945,318.70000076293945,-130.65374904911945,-105.25756153573913,1,-1,1,-1,1,-1,1,single,0.0,0,1000.0,10.0,,10,auto,peak,
