lo_index,if_index,point_index,lo_set_Hz,if_set_Hz,lo_model_Hz,if_model_Hz,mode,kind,m,n,sign,expression,expected_freq_Hz,expected_corr_freq_Hz,measured_freq_Hz,freq_error_Hz,freq_error_corr_Hz,power_dBm,rel_dBc_vs_desired,noise_limited,cluster_id,cluster_size,analytic_coincidence_id,analytic_coincidence_size,measured_coincidence_id,measured_coincidence_size,measurement_scope,cluster_window_half_width_Hz,cluster_window_fallback,span_Hz,rbw_Hz,vbw_Hz,avg_sweeps,marker_mode_global,marker_mode_effective,error
0,75,76,23000000000.0,7625000000.0,23000000000.0,7625000000.0,lo+if,desired,1,1,1,1*LO + 1*IF,30625000000.0,30625000000.0,30625000000.0,0.0,0.0,-24.750083640159218,0.0,0,-1,1,-1,1,-1,1,single,0.0,0,1000.0,10.0,,10,auto,peak,
0,75,76,23000000000.0,7625000000.0,23000000000.0,7625000000.0,lo+if,IF_harmonic,0,4,1,0*LO + 4*IF,30500000000.0,30500000000.0,30500000450.5,450.5,450.5,-132.2261372466809,-107.47605360652169,1,-1,1,-1,1,-1,1,single,0.0,0,1000.0,10.0,,10,auto,peak,
0,75,76,23000000000.0,7625000000.0,23000000000.0,7625000000.0,lo+if,spur,2,2,-1,2*LO - 2*IF,30750000000.0,30750000000.0,30750000000.0,0.0,0.0,-83.42603898509896,-58.67595534493974,0,-1,1,-1,1,-1,1,single,0.0,0,1000.0,10.0,,10,auto,peak,
0,75,76,23000000000.0,7625000000.0,23000000000.0,7625000000.0,lo+if,spur,3,5,-1,3*LO - 5*IF,30875000000.0,30875000000.0,30875000099.9,99.9000015258789,99.9000015258789,-130.89731355226584,-106.14722991210662,1,-1,1,-1,1,-1,1,single,0.0,0,1000.0,10.0,,10,auto,peak,
