lo_index,if_index,point_index,lo_set_Hz,if_set_Hz,lo_model_Hz,if_model_Hz,mode,kind,m,n,sign,expression,expected_freq_Hz,expected_corr_freq_Hz,measured_freq_Hz,freq_error_Hz,freq_error_corr_Hz,power_dBm,rel_dBc_vs_desired,noise_limited,cluster_id,cluster_size,analytic_coincidence_id,analytic_coincidence_size,measured_coincidence_id,measured_coincidence_size,measurement_scope,cluster_window_half_width_Hz,cluster_window_fallback,span_Hz,rbw_Hz,vbw_Hz,avg_sweeps,marker_mode_global,marker_mode_effective,error
0,10,11,23000000000.0,6650000000.0,23000000000.0,6650000000.0,lo+if,desired,1,1,1,1*LO + 1*IF,29650000000.0,29650000000.0,29650000000.0,0.0,0.0,-25.471638062246345,0.0,0,-1,1,-1,1,-1,1,single,0.0,0,1000.0,10.0,,10,auto,peak,
0,10,11,23000000000.0,6650000000.0,23000000000.0,6650000000.0,lo+if,spur,2,3,-1,2*LO - 3*IF,26050000000.0,26050000000.0,26050000000.0,0.0,0.0,-121.38152282151276,-95.90988475926642,1,-1,1,-1,1,-1,1,single,0.0,0,1000.0,10.0,,10,auto,peak,
0,10,11,23000000000.0,6650000000.0,23000000000.0,6650000000.0,lo+if,IF_harmonic,0,4,1,0*LO + 4*IF,26600000000.0,26600000000.0,26600000000.0,0.0,0.0,-124.1352153446048,-98.66357728235846,1,-1,1,-1,1,-1,1,single,0.0,0,1000.0,10.0,,10,auto,peak,
0,10,11,23000000000.0,6650000000.0,23000000000.0,6650000000.0,lo+if,spur,2,2,-1,2*LO - 2*IF,32700000000.0,32700000000.0,32700000000.0,0.0,0.0,-87.40047066271185,-61.92883260046551,0,-1,1,-1,1,-1,1,single,0.0,0,1000.0,10.0,,10,auto,peak,
0,10,11,23000000000.0,6650000000.0,23000000000.0,6650000000.0,lo+if,IF_harmonic,0,5,1,0*LO + 5*IF,33250000000.0,33250000000.0,33249999766.2,-233.79999923706055,-233.79999923706055,-131.3235728570553,-105.85193479480895,1,-1,1,-1,1,-1,1,single,0.0,0,1000.0,10.0,,10,auto,peak,
