lo_index,if_index,point_index,lo_set_Hz,if_set_Hz,lo_model_Hz,if_model_Hz,mode,kind,m,n,sign,expression,expected_freq_Hz,expected_corr_freq_Hz,measured_freq_Hz,freq_error_Hz,freq_error_corr_Hz,power_dBm,rel_dBc_vs_desired,noise_limited,cluster_id,cluster_size,analytic_coincidence_id,analytic_coincidence_size,measured_coincidence_id,measured_coincidence_size,measurement_scope,cluster_window_half_width_Hz,cluster_window_fallback,span_Hz,rbw_Hz,vbw_Hz,avg_sweeps,marker_mode_global,marker_mode_effective,error
0,33,34,23000000000.0,6995000000.0,23000000000.0,6995000000.0,lo+if,desired,1,1,1,1*LO + 1*IF,29995000000.0,29995000000.0,29995000000.0,0.0,0.0,-25.630385084461377,0.0,0,-1,1,-1,1,-1,1,single,0.0,0,1000.0,10.0,,10,auto,peak,
0,33,34,23000000000.0,6995000000.0,23000000000.0,6995000000.0,lo+if,spur,2,3,-1,2*LO - 3*IF,25015000000.0,25015000000.0,25015000000.0,0.0,0.0,-122.52063752963326,-96.89025244517188,1,-1,1,-1,1,-1,1,single,0.0,0,1000.0,10.0,,10,auto,peak,
0,33,34,23000000000.0,6995000000.0,23000000000.0,6995000000.0,lo+if,IF_harmonic,0,4,1,0*LO + 4*IF,27980000000.0,27980000000.0,27980000000.0,0.0,0.0,-109.24337665757685,-83.61299157311547,0,-1,1,-1,1,-1,1,single,0.0,0,1000.0,10.0,,10,auto,peak,
0,33,34,23000000000.0,6995000000.0,23000000000.0,6995000000.0,lo+if,spur,2,2,-1,2*LO - 2*IF,32010000000.0,32010000000.0,32010000000.0,0.0,0.0,-87.46274418684891,-61.83235910238753,0,-1,1,-1,1,-1,1,single,0.0,0,1000.0,10.0,,10,auto,peak,
0,33,34,23000000000.0,6995000000.0,23000000000.0,6995000000.0,lo+if,spur,3,5,-1,3*LO - 5*IF,34025000000.0,34025000000.0,34024999855.1,-144.9000015258789,-144.9000015258789,-130.78396032333467,-105.15357523887329,1,-1,1,-1,1,-1,1,single,0.0,0,1000.0,10.0,,10,auto,peak,
0,33,34,23000000000.0,6995000000.0,23000000000.0,6995000000.0,lo+if,IF_harmonic,0,5,1,0*LO + 5*IF,34975000000.0,34975000000.0,34974999771.2,-228.8000030517578,-228.8000030517578,-129.78453787457332,-104.15415279011194,1,-1,1,-1,1,-1,1,single,0.0,0,1000.0,10.0,,10,auto,peak,
