lo_index,if_index,point_index,lo_set_Hz,if_set_Hz,lo_model_Hz,if_model_Hz,mode,kind,m,n,sign,expression,expected_freq_Hz,expected_corr_freq_Hz,measured_freq_Hz,freq_error_Hz,freq_error_corr_Hz,power_dBm,rel_dBc_vs_desired,noise_limited,cluster_id,cluster_size,analytic_coincidence_id,analytic_coincidence_size,measured_coincidence_id,measured_coincidence_size,measurement_scope,cluster_window_half_width_Hz,cluster_window_fallback,span_Hz,rbw_Hz,vbw_Hz,avg_sweeps,marker_mode_global,marker_mode_effective,error
0,81,82,23000000000.0,7715000000.0,23000000000.0,7715000000.0,lo+if,desired,1,1,1,1*LO + 1*IF,30715000000.0,30715000000.0,30715000000.0,0.0,0.0,-25.683952053909774,0.0,0,-1,1,-1,1,-1,1,single,0.0,0,1000.0,10.0,,10,auto,peak,
0,81,82,23000000000.0,7715000000.0,23000000000.0,7715000000.0,lo+if,spur,3,5,-1,3*LO - 5*IF,30425000000.0,30425000000.0,30424999628.4,-371.5999984741211,-371.5999984741211,-132.46765431649933,-106.78370226258956,1,-1,1,-1,1,-1,1,single,0.0,0,1000.0,10.0,,10,auto,peak,
0,81,82,23000000000.0,7715000000.0,23000000000.0,7715000000.0,lo+if,spur,2,2,-1,2*LO - 2*IF,30570000000.0,30570000000.0,30570000000.0,0.0,0.0,-85.1089665061741,-59.42501445226432,0,-1,1,-1,1,-1,1,single,0.0,0,1000.0,10.0,,10,auto,peak,
0,81,82,23000000000.0,7715000000.0,23000000000.0,7715000000.0,lo+if,IF_harmonic,0,4,1,0*LO + 4*IF,30860000000.0,30860000000.0,30859999812.2,-187.79999923706055,-187.79999923706055,-130.75838550986302,-105.07443345595324,1,-1,1,-1,1,-1,1,single,0.0,0,1000.0,10.0,,10,auto,peak,
