lo_index,if_index,point_index,lo_set_Hz,if_set_Hz,lo_model_Hz,if_model_Hz,mode,kind,m,n,sign,expression,expected_freq_Hz,expected_corr_freq_Hz,measured_freq_Hz,freq_error_Hz,freq_error_corr_Hz,power_dBm,rel_dBc_vs_desired,noise_limited,cluster_id,cluster_size,analytic_coincidence_id,analytic_coincidence_size,measured_coincidence_id,measured_coincidence_size,measurement_scope,cluster_window_half_width_Hz,cluster_window_fallback,span_Hz,rbw_Hz,vbw_Hz,avg_sweeps,marker_mode_global,marker_mode_effective,error
0,55,56,23000000000.0,7325000000.0,23000000000.0,7325000000.0,lo+if,desired,1,1,1,1*LO + 1*IF,30325000000.0,30325000000.0,30325000000.0,0.0,0.0,-25.84673072614879,0.0,0,-1,1,-1,1,-1,1,single,0.0,0,1000.0,10.0,,10,auto,peak,
0,55,56,23000000000.0,7325000000.0,23000000000.0,7325000000.0,lo+if,IF_harmonic,0,4,1,0*LO + 4*IF,29300000000.0,29300000000.0,29299999850.1,-149.9000015258789,-149.9000015258789,-131.69374427740718,-105.84701355125839,1,-1,1,-1,1,-1,1,single,0.0,0,1000.0,10.0,,10,auto,peak,
0,55,56,23000000000.0,7325000000.0,23000000000.0,7325000000.0,lo+if,spur,2,2,-1,2*LO - 2*IF,31350000000.0,31350000000.0,31350000000.0,0.0,0.0,-83.59774189978141,-57.75101117363262,0,-1,1,-1,1,-1,1,single,0.0,0,1000.0,10.0,,10,auto,peak,
0,55,56,23000000000.0,7325000000.0,23000000000.0,7325000000.0,lo+if,spur,3,5,-1,3*LO - 5*IF,32375000000.0,32375000000.0,32375000220.8,220.79999923706055,220.79999923706055,-131.7960616959333,-105.94933096978451,1,-1,1,-1,1,-1,1,single,0.0,0,1000.0,10.0,,10,auto,peak,
