lo_index,if_index,point_index,lo_set_Hz,if_set_Hz,lo_model_Hz,if_model_Hz,mode,kind,m,n,sign,expression,expected_freq_Hz,expected_corr_freq_Hz,measured_freq_Hz,freq_error_Hz,freq_error_corr_Hz,power_dBm,rel_dBc_vs_desired,noise_limited,cluster_id,cluster_size,analytic_coincidence_id,analytic_coincidence_size,measured_coincidence_id,measured_coincidence_size,measurement_scope,cluster_window_half_width_Hz,cluster_window_fallback,span_Hz,rbw_Hz,vbw_Hz,avg_sweeps,marker_mode_global,marker_mode_effective,error
0,35,36,23000000000.0,7025000000.0,23000000000.0,7025000000.0,lo+if,desired,1,1,1,1*LO + 1*IF,30025000000.0,30025000000.0,30025000000.0,0.0,0.0,-25.300917714722694,0.0,0,-1,1,-1,1,-1,1,single,0.0,0,1000.0,10.0,,10,auto,peak,
0,35,36,23000000000.0,7025000000.0,23000000000.0,7025000000.0,lo+if,IF_harmonic,0,4,1,0*LO + 4*IF,28100000000.0,28100000000.0,28100000000.0,0.0,0.0,-109.70570115210717,-84.40478343738448,0,-1,1,-1,1,-1,1,single,0.0,0,1000.0,10.0,,10,auto,peak,
0,35,36,23000000000.0,7025000000.0,23000000000.0,7025000000.0,lo+if,spur,2,2,-1,2*LO - 2*IF,31950000000.0,31950000000.0,31950000000.0,0.0,0.0,-87.63450628685032,-62.33358857212763,0,-1,1,-1,1,-1,1,single,0.0,0,1000.0,10.0,,10,auto,peak,
0,35,36,23000000000.0,7025000000.0,23000000000.0,7025000000.0,lo+if,spur,3,5,-1,3*LO - 5*IF,33875000000.0,33875000000.0,33875000054.9,54.900001525878906,54.900001525878906,-131.10998219703185,-105.80906448230917,1,-1,1,-1,1,-1,1,single,0.0,0,1000.0,10.0,,10,auto,peak,
