lo_index,if_index,point_index,lo_set_Hz,if_set_Hz,lo_model_Hz,if_model_Hz,mode,kind,m,n,sign,expression,expected_freq_Hz,expected_corr_freq_Hz,measured_freq_Hz,freq_error_Hz,freq_error_corr_Hz,power_dBm,rel_dBc_vs_desired,noise_limited,cluster_id,cluster_size,analytic_coincidence_id,analytic_coincidence_size,measured_coincidence_id,measured_coincidence_size,measurement_scope,cluster_window_half_width_Hz,cluster_window_fallback,span_Hz,rbw_Hz,vbw_Hz,avg_sweeps,marker_mode_global,marker_mode_effective,error
0,86,87,23000000000.0,7790000000.0,23000000000.0,7790000000.0,lo+if,desired,1,1,1,1*LO + 1*IF,30790000000.0,30790000000.0,30790000000.0,0.0,0.0,-25.672823640829563,0.0,0,-1,1,-1,1,-1,1,single,0.0,0,1000.0,10.0,,10,auto,peak,
0,86,87,23000000000.0,7790000000.0,23000000000.0,7790000000.0,lo+if,spur,3,5,-1,3*LO - 5*IF,30050000000.0,30050000000.0,30050000121.9,121.9000015258789,121.9000015258789,-132.3093519914206,-106.63652835059105,1,-1,1,-1,1,-1,1,single,0.0,0,1000.0,10.0,,10,auto,peak,
0,86,87,23000000000.0,7790000000.0,23000000000.0,7790000000.0,lo+if,spur,2,2,-1,2*LO - 2*IF,30420000000.0,30420000000.0,30420000000.0,0.0,0.0,-82.6845236236804,-57.01169998285084,0,-1,1,-1,1,-1,1,single,0.0,0,1000.0,10.0,,10,auto,peak,
0,86,87,23000000000.0,7790000000.0,23000000000.0,7790000000.0,lo+if,IF_harmonic,0,4,1,0*LO + 4*IF,31160000000.0,31160000000.0,31159999658.3,-341.70000076293945,-341.70000076293945,-131.50825157836175,-105.83542793753219,1,-1,1,-1,1,-1,1,single,0.0,0,1000.0,10.0,,10,auto,peak,
