lo_index,if_index,point_index,lo_set_Hz,if_set_Hz,lo_model_Hz,if_model_Hz,mode,kind,m,n,sign,expression,expected_freq_Hz,expected_corr_freq_Hz,measured_freq_Hz,freq_error_Hz,freq_error_corr_Hz,power_dBm,rel_dBc_vs_desired,noise_limited,cluster_id,cluster_size,analytic_coincidence_id,analytic_coincidence_size,measured_coincidence_id,measured_coincidence_size,measurement_scope,cluster_window_half_width_Hz,cluster_window_fallback,span_Hz,rbw_Hz,vbw_Hz,avg_sweeps,marker_mode_global,marker_mode_effective,error
0,28,29,23000000000.0,6920000000.0,23000000000.0,6920000000.0,lo+if,desired,1,1,1,1*LO + 1*IF,29920000000.0,29920000000.0,29920000000.0,0.0,0.0,-25.874725620974452,0.0,0,-1,1,-1,1,-1,1,single,0.0,0,1000.0,10.0,,10,auto,peak,
0,28,29,23000000000.0,6920000000.0,23000000000.0,6920000000.0,lo+if,spur,2,3,-1,2*LO - 3*IF,25240000000.0,25240000000.0,25240000000.0,0.0,0.0,-125.55945018565184,-99.6847245646774,1,-1,1,-1,1,-1,1,single,0.0,0,1000.0,10.0,,10,auto,peak,
0,28,29,23000000000.0,6920000000.0,23000000000.0,6920000000.0,lo+if,IF_harmonic,0,4,1,0*LO + 4*IF,27680000000.0,27680000000.0,27680000000.0,0.0,0.0,-113.13568145368134,-87.26095583270688,0,-1,1,-1,1,-1,1,single,0.0,0,1000.0,10.0,,10,auto,peak,
0,28,29,23000000000.0,6920000000.0,23000000000.0,6920000000.0,lo+if,spur,2,2,-1,2*LO - 2*IF,32160000000.0,32160000000.0,32160000000.0,0.0,0.0,-86.27725513070436,-60.40252950972991,0,-1,1,-1,1,-1,1,single,0.0,0,1000.0,10.0,,10,auto,peak,
0,28,29,23000000000.0,6920000000.0,23000000000.0,6920000000.0,lo+if,spur,3,5,-1,3*LO - 5*IF,34400000000.0,34400000000.0,34399999684.3,-315.6999969482422,-315.6999969482422,-130.97657985455933,-105.10185423358487,1,-1,1,-1,1,-1,1,single,0.0,0,1000.0,10.0,,10,auto,peak,
0,28,29,23000000000.0,6920000000.0,23000000000.0,6920000000.0,lo+if,IF_harmonic,0,5,1,0*LO + 5*IF,34600000000.0,34600000000.0,34599999592.4,-407.5999984741211,-407.5999984741211,-129.18188599127924,-103.30716037030479,1,-1,1,-1,1,-1,1,single,0.0,0,1000.0,10.0,,10,auto,peak,
