lo_index,if_index,point_index,lo_set_Hz,if_set_Hz,lo_model_Hz,if_model_Hz,mode,kind,m,n,sign,expression,expected_freq_Hz,expected_corr_freq_Hz,measured_freq_Hz,freq_error_Hz,freq_error_corr_Hz,power_dBm,rel_dBc_vs_desired,noise_limited,cluster_id,cluster_size,analytic_coincidence_id,analytic_coincidence_size,measured_coincidence_id,measured_coincidence_size,measurement_scope,cluster_window_half_width_Hz,cluster_window_fallback,span_Hz,rbw_Hz,vbw_Hz,avg_sweeps,marker_mode_global,marker_mode_effective,error
0,15,16,23000000000.0,6725000000.0,23000000000.0,6725000000.0,lo+if,desired,1,1,1,1*LO + 1*IF,29725000000.0,29725000000.0,29725000000.0,0.0,0.0,-26.97542486743147,0.0,0,-1,1,-1,1,-1,1,single,0.0,0,1000.0,10.0,,10,auto,peak,
0,15,16,23000000000.0,6725000000.0,23000000000.0,6725000000.0,lo+if,spur,2,3,-1,2*LO - 3*IF,25825000000.0,25825000000.0,25825000000.0,0.0,0.0,-124.67228145486561,-97.69685658743414,1,-1,1,-1,1,-1,1,single,0.0,0,1000.0,10.0,,10,auto,peak,
0,15,16,23000000000.0,6725000000.0,23000000000.0,6725000000.0,lo+if,IF_harmonic,0,4,1,0*LO + 4*IF,26900000000.0,26900000000.0,26900000000.0,0.0,0.0,-117.39216001212284,-90.41673514469137,0,-1,1,-1,1,-1,1,single,0.0,0,1000.0,10.0,,10,auto,peak,
0,15,16,23000000000.0,6725000000.0,23000000000.0,6725000000.0,lo+if,spur,2,2,-1,2*LO - 2*IF,32550000000.0,32550000000.0,32550000000.0,0.0,0.0,-89.05426470682372,-62.078839839392245,0,-1,1,-1,1,-1,1,single,0.0,0,1000.0,10.0,,10,auto,peak,
0,15,16,23000000000.0,6725000000.0,23000000000.0,6725000000.0,lo+if,IF_harmonic,0,5,1,0*LO + 5*IF,33625000000.0,33625000000.0,33625000491.5,491.5,491.5,-131.38571487637512,-104.41029000894365,1,-1,1,-1,1,-1,1,single,0.0,0,1000.0,10.0,,10,auto,peak,
