lo_index,if_index,point_index,lo_set_Hz,if_set_Hz,lo_model_Hz,if_model_Hz,mode,kind,m,n,sign,expression,expected_freq_Hz,expected_corr_freq_Hz,measured_freq_Hz,freq_error_Hz,freq_error_corr_Hz,power_dBm,rel_dBc_vs_desired,noise_limited,cluster_id,cluster_size,analytic_coincidence_id,analytic_coincidence_size,measured_coincidence_id,measured_coincidence_size,measurement_scope,cluster_window_half_width_Hz,cluster_window_fallback,span_Hz,rbw_Hz,vbw_Hz,avg_sweeps,marker_mode_global,marker_mode_effective,error
0,65,66,23000000000.0,7475000000.0,23000000000.0,7475000000.0,lo+if,desired,1,1,1,1*LO + 1*IF,30475000000.0,30475000000.0,30475000000.0,0.0,0.0,-26.065116932735748,0.0,0,-1,1,-1,1,-1,1,single,0.0,0,1000.0,10.0,,10,auto,peak,
0,65,66,23000000000.0,7475000000.0,23000000000.0,7475000000.0,lo+if,IF_harmonic,0,4,1,0*LO + 4*IF,29900000000.0,29900000000.0,29899999767.2,-232.79999923706055,-232.79999923706055,-132.95320358301564,-106.88808665027989,1,-1,1,-1,1,-1,1,single,0.0,0,1000.0,10.0,,10,auto,peak,
0,65,66,23000000000.0,7475000000.0,23000000000.0,7475000000.0,lo+if,spur,2,2,-1,2*LO - 2*IF,31050000000.0,31050000000.0,31050000000.0,0.0,0.0,-85.99785834317154,-59.932741410435796,0,-1,1,-1,1,-1,1,single,0.0,0,1000.0,10.0,,10,auto,peak,
0,65,66,23000000000.0,7475000000.0,23000000000.0,7475000000.0,lo+if,spur,3,5,-1,3*LO - 5*IF,31625000000.0,31625000000.0,31625000438.6,438.5999984741211,438.5999984741211,-131.1463172772101,-105.08120034447435,1,-1,1,-1,1,-1,1,single,0.0,0,1000.0,10.0,,10,auto,peak,
