lo_index,if_index,point_index,lo_set_Hz,if_set_Hz,lo_model_Hz,if_model_Hz,mode,kind,m,n,sign,expression,expected_freq_Hz,expected_corr_freq_Hz,measured_freq_Hz,freq_error_Hz,freq_error_corr_Hz,power_dBm,rel_dBc_vs_desired,noise_limited,cluster_id,cluster_size,analytic_coincidence_id,analytic_coincidence_size,measured_coincidence_id,measured_coincidence_size,measurement_scope,cluster_window_half_width_Hz,cluster_window_fallback,span_Hz,rbw_Hz,vbw_Hz,avg_sweeps,marker_mode_global,marker_mode_effective,error
0,93,94,23000000000.0,7895000000.0,23000000000.0,7895000000.0,lo+if,desired,1,1,1,1*LO + 1*IF,30895000000.0,30895000000.0,30895000000.0,0.0,0.0,-25.537038507153817,0.0,0,-1,1,-1,1,-1,1,single,0.0,0,1000.0,10.0,,10,auto,peak,
0,93,94,23000000000.0,7895000000.0,23000000000.0,7895000000.0,lo+if,spur,3,5,-1,3*LO - 5*IF,29525000000.0,29525000000.0,29525000427.6,427.5999984741211,427.5999984741211,-132.29621551523599,-106.75917700808216,1,-1,1,-1,1,-1,1,single,0.0,0,1000.0,10.0,,10,auto,peak,
0,93,94,23000000000.0,7895000000.0,23000000000.0,7895000000.0,lo+if,spur,2,2,-1,2*LO - 2*IF,30210000000.0,30210000000.0,30210000000.0,0.0,0.0,-84.92061962508882,-59.383581117935,0,-1,1,-1,1,-1,1,single,0.0,0,1000.0,10.0,,10,auto,peak,
0,93,94,23000000000.0,7895000000.0,23000000000.0,7895000000.0,lo+if,IF_harmonic,0,4,1,0*LO + 4*IF,31580000000.0,31580000000.0,31580000318.7,318.70000076293945,318.70000076293945,-131.45266086229702,-105.9156223551432,1,-1,1,-1,1,-1,1,single,0.0,0,1000.0,10.0,,10,auto,peak,
