lo_index,if_index,point_index,lo_set_Hz,if_set_Hz,lo_model_Hz,if_model_Hz,mode,kind,m,n,sign,expression,expected_freq_Hz,expected_corr_freq_Hz,measured_freq_Hz,freq_error_Hz,freq_error_corr_Hz,power_dBm,rel_dBc_vs_desired,noise_limited,cluster_id,cluster_size,analytic_coincidence_id,analytic_coincidence_size,measured_coincidence_id,measured_coincidence_size,measurement_scope,cluster_window_half_width_Hz,cluster_window_fallback,span_Hz,rbw_Hz,vbw_Hz,avg_sweeps,marker_mode_global,marker_mode_effective,error
0,85,86,23000000000.0,7775000000.0,23000000000.0,7775000000.0,lo+if,desired,1,1,1,1*LO + 1*IF,30775000000.0,30775000000.0,30775000000.0,0.0,0.0,-25.46116557585571,0.0,0,-1,1,-1,1,-1,1,single,0.0,0,1000.0,10.0,,10,auto,peak,
0,85,86,23000000000.0,7775000000.0,23000000000.0,7775000000.0,lo+if,spur,3,5,-1,3*LO - 5*IF,30125000000.0,30125000000.0,30125000142.9,142.9000015258789,142.9000015258789,-131.9365710544051,-106.47540547854939,1,-1,1,-1,1,-1,1,single,0.0,0,1000.0,10.0,,10,auto,peak,
0,85,86,23000000000.0,7775000000.0,23000000000.0,7775000000.0,lo+if,spur,2,2,-1,2*LO - 2*IF,30450000000.0,30450000000.0,30450000000.0,0.0,0.0,-83.9559783940377,-58.49481281818199,0,-1,1,-1,1,-1,1,single,0.0,0,1000.0,10.0,,10,auto,peak,
0,85,86,23000000000.0,7775000000.0,23000000000.0,7775000000.0,lo+if,IF_harmonic,0,4,1,0*LO + 4*IF,31100000000.0,31100000000.0,31100000085.9,85.9000015258789,85.9000015258789,-131.07219173429627,-105.61102615844055,1,-1,1,-1,1,-1,1,single,0.0,0,1000.0,10.0,,10,auto,peak,
