lo_index,if_index,point_index,lo_set_Hz,if_set_Hz,lo_model_Hz,if_model_Hz,mode,kind,m,n,sign,expression,expected_freq_Hz,expected_corr_freq_Hz,measured_freq_Hz,freq_error_Hz,freq_error_corr_Hz,power_dBm,rel_dBc_vs_desired,noise_limited,cluster_id,cluster_size,analytic_coincidence_id,analytic_coincidence_size,measured_coincidence_id,measured_coincidence_size,measurement_scope,cluster_window_half_width_Hz,cluster_window_fallback,span_Hz,rbw_Hz,vbw_Hz,avg_sweeps,marker_mode_global,marker_mode_effective,error
0,91,92,23000000000.0,7865000000.0,23000000000.0,7865000000.0,lo+if,desired,1,1,1,1*LO + 1*IF,30865000000.0,30865000000.0,30865000000.0,0.0,0.0,-25.450797197447763,0.0,0,-1,1,-1,1,-1,1,single,0.0,0,1000.0,10.0,,10,auto,peak,
0,91,92,23000000000.0,7865000000.0,23000000000.0,7865000000.0,lo+if,spur,3,5,-1,3*LO - 5*IF,29675000000.0,29675000000.0,29674999621.4,-378.5999984741211,-378.5999984741211,-131.26551935618392,-105.81472215873615,1,-1,1,-1,1,-1,1,single,0.0,0,1000.0,10.0,,10,auto,peak,
0,91,92,23000000000.0,7865000000.0,23000000000.0,7865000000.0,lo+if,spur,2,2,-1,2*LO - 2*IF,30270000000.0,30270000000.0,30270000000.0,0.0,0.0,-83.53861539814902,-58.08781820070126,0,-1,1,-1,1,-1,1,single,0.0,0,1000.0,10.0,,10,auto,peak,
0,91,92,23000000000.0,7865000000.0,23000000000.0,7865000000.0,lo+if,IF_harmonic,0,4,1,0*LO + 4*IF,31460000000.0,31460000000.0,31460000055.9,55.900001525878906,55.900001525878906,-130.84218542627255,-105.39138822882478,1,-1,1,-1,1,-1,1,single,0.0,0,1000.0,10.0,,10,auto,peak,
