lo_index,if_index,point_index,lo_set_Hz,if_set_Hz,lo_model_Hz,if_model_Hz,mode,kind,m,n,sign,expression,expected_freq_Hz,expected_corr_freq_Hz,measured_freq_Hz,freq_error_Hz,freq_error_corr_Hz,power_dBm,rel_dBc_vs_desired,noise_limited,cluster_id,cluster_size,analytic_coincidence_id,analytic_coincidence_size,measured_coincidence_id,measured_coincidence_size,measurement_scope,cluster_window_half_width_Hz,cluster_window_fallback,span_Hz,rbw_Hz,vbw_Hz,avg_sweeps,marker_mode_global,marker_mode_effective,error
0,58,59,23000000000.0,7370000000.0,23000000000.0,7370000000.0,lo+if,desired,1,1,1,1*LO + 1*IF,30370000000.0,30370000000.0,30370000000.0,0.0,0.0,-26.008321635760506,0.0,0,-1,1,-1,1,-1,1,single,0.0,0,1000.0,10.0,,10,auto,peak,
0,58,59,23000000000.0,7370000000.0,23000000000.0,7370000000.0,lo+if,IF_harmonic,0,4,1,0*LO + 4*IF,29480000000.0,29480000000.0,29479999643.4,-356.5999984741211,-356.5999984741211,-132.67278221099008,-106.66446057522957,1,-1,1,-1,1,-1,1,single,0.0,0,1000.0,10.0,,10,auto,peak,
0,58,59,23000000000.0,7370000000.0,23000000000.0,7370000000.0,lo+if,spur,2,2,-1,2*LO - 2*IF,31260000000.0,31260000000.0,31260000000.0,0.0,0.0,-83.87663813414088,-57.868316498380366,0,-1,1,-1,1,-1,1,single,0.0,0,1000.0,10.0,,10,auto,peak,
0,58,59,23000000000.0,7370000000.0,23000000000.0,7370000000.0,lo+if,spur,3,5,-1,3*LO - 5*IF,32150000000.0,32150000000.0,32149999581.4,-418.5999984741211,-418.5999984741211,-132.65229937393698,-106.64397773817647,1,-1,1,-1,1,-1,1,single,0.0,0,1000.0,10.0,,10,auto,peak,
