lo_index,if_index,point_index,lo_set_Hz,if_set_Hz,lo_model_Hz,if_model_Hz,mode,kind,m,n,sign,expression,expected_freq_Hz,expected_corr_freq_Hz,measured_freq_Hz,freq_error_Hz,freq_error_corr_Hz,power_dBm,rel_dBc_vs_desired,noise_limited,cluster_id,cluster_size,analytic_coincidence_id,analytic_coincidence_size,measured_coincidence_id,measured_coincidence_size,measurement_scope,cluster_window_half_width_Hz,cluster_window_fallback,span_Hz,rbw_Hz,vbw_Hz,avg_sweeps,marker_mode_global,marker_mode_effective,error
0,31,32,23000000000.0,6965000000.0,23000000000.0,6965000000.0,lo+if,desired,1,1,1,1*LO + 1*IF,29965000000.0,29965000000.0,29965000000.0,0.0,0.0,-25.93054214469722,0.0,0,-1,1,-1,1,-1,1,single,0.0,0,1000.0,10.0,,10,auto,peak,
0,31,32,23000000000.0,6965000000.0,23000000000.0,6965000000.0,lo+if,spur,2,3,-1,2*LO - 3*IF,25105000000.0,25105000000.0,25105000001.0,1.0,1.0,-125.64742559437532,-99.71688344967811,1,-1,1,-1,1,-1,1,single,0.0,0,1000.0,10.0,,10,auto,peak,
0,31,32,23000000000.0,6965000000.0,23000000000.0,6965000000.0,lo+if,IF_harmonic,0,4,1,0*LO + 4*IF,27860000000.0,27860000000.0,27860000000.0,0.0,0.0,-112.15271749012898,-86.22217534543176,0,-1,1,-1,1,-1,1,single,0.0,0,1000.0,10.0,,10,auto,peak,
0,31,32,23000000000.0,6965000000.0,23000000000.0,6965000000.0,lo+if,spur,2,2,-1,2*LO - 2*IF,32070000000.0,32070000000.0,32070000000.0,0.0,0.0,-86.93331320197429,-61.002771057277066,0,-1,1,-1,1,-1,1,single,0.0,0,1000.0,10.0,,10,auto,peak,
0,31,32,23000000000.0,6965000000.0,23000000000.0,6965000000.0,lo+if,spur,3,5,-1,3*LO - 5*IF,34175000000.0,34175000000.0,34175000294.7,294.70000076293945,294.70000076293945,-130.27016145497663,-104.3396193102794,1,-1,1,-1,1,-1,1,single,0.0,0,1000.0,10.0,,10,auto,peak,
0,31,32,23000000000.0,6965000000.0,23000000000.0,6965000000.0,lo+if,IF_harmonic,0,5,1,0*LO + 5*IF,34825000000.0,34825000000.0,34825000405.6,405.5999984741211,405.5999984741211,-129.59395398210788,-103.66341183741065,1,-1,1,-1,1,-1,1,single,0.0,0,1000.0,10.0,,10,auto,peak,
