lo_index,if_index,point_index,lo_set_Hz,if_set_Hz,lo_model_Hz,if_model_Hz,mode,kind,m,n,sign,expression,expected_freq_Hz,expected_corr_freq_Hz,measured_freq_Hz,freq_error_Hz,freq_error_corr_Hz,power_dBm,rel_dBc_vs_desired,noise_limited,cluster_id,cluster_size,analytic_coincidence_id,analytic_coincidence_size,measured_coincidence_id,measured_coincidence_size,measurement_scope,cluster_window_half_width_Hz,cluster_window_fallback,span_Hz,rbw_Hz,vbw_Hz,avg_sweeps,marker_mode_global,marker_mode_effective,error
0,37,38,23000000000.0,7055000000.0,23000000000.0,7055000000.0,lo+if,desired,1,1,1,1*LO + 1*IF,30055000000.0,30055000000.0,30055000000.0,0.0,0.0,-25.423534068428243,0.0,0,-1,1,-1,1,-1,1,single,0.0,0,1000.0,10.0,,10,auto,peak,
0,37,38,23000000000.0,7055000000.0,23000000000.0,7055000000.0,lo+if,IF_harmonic,0,4,1,0*LO + 4*IF,28220000000.0,28220000000.0,28220000000.0,0.0,0.0,-111.30663241012513,-85.8830983416969,0,-1,1,-1,1,-1,1,single,0.0,0,1000.0,10.0,,10,auto,peak,
0,37,38,23000000000.0,7055000000.0,23000000000.0,7055000000.0,lo+if,spur,2,2,-1,2*LO - 2*IF,31890000000.0,31890000000.0,31890000000.0,0.0,0.0,-85.11168737699907,-59.68815330857083,0,-1,1,-1,1,-1,1,single,0.0,0,1000.0,10.0,,10,auto,peak,
0,37,38,23000000000.0,7055000000.0,23000000000.0,7055000000.0,lo+if,spur,3,5,-1,3*LO - 5*IF,33725000000.0,33725000000.0,33725000130.9,130.9000015258789,130.9000015258789,-131.06395628590982,-105.64042221748159,1,-1,1,-1,1,-1,1,single,0.0,0,1000.0,10.0,,10,auto,peak,
