lo_index,if_index,point_index,lo_set_Hz,if_set_Hz,lo_model_Hz,if_model_Hz,mode,kind,m,n,sign,expression,expected_freq_Hz,expected_corr_freq_Hz,measured_freq_Hz,freq_error_Hz,freq_error_corr_Hz,power_dBm,rel_dBc_vs_desired,noise_limited,cluster_id,cluster_size,analytic_coincidence_id,analytic_coincidence_size,measured_coincidence_id,measured_coincidence_size,measurement_scope,cluster_window_half_width_Hz,cluster_window_fallback,span_Hz,rbw_Hz,vbw_Hz,avg_sweeps,marker_mode_global,marker_mode_effective,error
0,39,40,23000000000.0,7085000000.0,23000000000.0,7085000000.0,lo+if,desired,1,1,1,1*LO + 1*IF,30085000000.0,30085000000.0,30085000000.0,0.0,0.0,-25.259776982077206,0.0,0,-1,1,-1,1,-1,1,single,0.0,0,1000.0,10.0,,10,auto,peak,
0,39,40,23000000000.0,7085000000.0,23000000000.0,7085000000.0,lo+if,IF_harmonic,0,4,1,0*LO + 4*IF,28340000000.0,28340000000.0,28340000000.0,0.0,0.0,-121.68526867666557,-96.42549169458837,1,-1,1,-1,1,-1,1,single,0.0,0,1000.0,10.0,,10,auto,peak,
0,39,40,23000000000.0,7085000000.0,23000000000.0,7085000000.0,lo+if,spur,2,2,-1,2*LO - 2*IF,31830000000.0,31830000000.0,31830000000.0,0.0,0.0,-84.43874855857993,-59.178971576502725,0,-1,1,-1,1,-1,1,single,0.0,0,1000.0,10.0,,10,auto,peak,
0,39,40,23000000000.0,7085000000.0,23000000000.0,7085000000.0,lo+if,spur,3,5,-1,3*LO - 5*IF,33575000000.0,33575000000.0,33574999793.2,-206.79999923706055,-206.79999923706055,-131.790593336568,-106.53081635449081,1,-1,1,-1,1,-1,1,single,0.0,0,1000.0,10.0,,10,auto,peak,
