lo_index,if_index,point_index,lo_set_Hz,if_set_Hz,lo_model_Hz,if_model_Hz,mode,kind,m,n,sign,expression,expected_freq_Hz,expected_corr_freq_Hz,measured_freq_Hz,freq_error_Hz,freq_error_corr_Hz,power_dBm,rel_dBc_vs_desired,noise_limited,cluster_id,cluster_size,analytic_coincidence_id,analytic_coincidence_size,measured_coincidence_id,measured_coincidence_size,measurement_scope,cluster_window_half_width_Hz,cluster_window_fallback,span_Hz,rbw_Hz,vbw_Hz,avg_sweeps,marker_mode_global,marker_mode_effective,error
0,17,18,23000000000.0,6755000000.0,23000000000.0,6755000000.0,lo+if,desired,1,1,1,1*LO + 1*IF,29755000000.0,29755000000.0,29755000000.0,0.0,0.0,-26.68510422661469,0.0,0,-1,1,-1,1,-1,1,single,0.0,0,1000.0,10.0,,10,auto,peak,
0,17,18,23000000000.0,6755000000.0,23000000000.0,6755000000.0,lo+if,spur,2,3,-1,2*LO - 3*IF,25735000000.0,25735000000.0,25735000000.0,0.0,0.0,-122.1224140636825,-95.4373098370678,1,-1,1,-1,1,-1,1,single,0.0,0,1000.0,10.0,,10,auto,peak,
0,17,18,23000000000.0,6755000000.0,23000000000.0,6755000000.0,lo+if,IF_harmonic,0,4,1,0*LO + 4*IF,27020000000.0,27020000000.0,27020000000.0,0.0,0.0,-112.13070520078475,-85.44560097417005,0,-1,1,-1,1,-1,1,single,0.0,0,1000.0,10.0,,10,auto,peak,
0,17,18,23000000000.0,6755000000.0,23000000000.0,6755000000.0,lo+if,spur,2,2,-1,2*LO - 2*IF,32490000000.0,32490000000.0,32490000000.0,0.0,0.0,-88.2701546973025,-61.58505047068781,0,-1,1,-1,1,-1,1,single,0.0,0,1000.0,10.0,,10,auto,peak,
0,17,18,23000000000.0,6755000000.0,23000000000.0,6755000000.0,lo+if,IF_harmonic,0,5,1,0*LO + 5*IF,33775000000.0,33775000000.0,33774999651.3,-348.70000076293945,-348.70000076293945,-131.43877079971767,-104.75366657310298,1,-1,1,-1,1,-1,1,single,0.0,0,1000.0,10.0,,10,auto,peak,
