lo_index,if_index,point_index,lo_set_Hz,if_set_Hz,lo_model_Hz,if_model_Hz,mode,kind,m,n,sign,expression,expected_freq_Hz,expected_corr_freq_Hz,measured_freq_Hz,freq_error_Hz,freq_error_corr_Hz,power_dBm,rel_dBc_vs_desired,noise_limited,cluster_id,cluster_size,analytic_coincidence_id,analytic_coincidence_size,measured_coincidence_id,measured_coincidence_size,measurement_scope,cluster_window_half_width_Hz,cluster_window_fallback,span_Hz,rbw_Hz,vbw_Hz,avg_sweeps,marker_mode_global,marker_mode_effective,error
0,92,93,23000000000.0,7880000000.0,23000000000.0,7880000000.0,lo+if,desired,1,1,1,1*LO + 1*IF,30880000000.0,30880000000.0,30880000000.0,0.0,0.0,-25.398503289590092,0.0,0,-1,1,-1,1,-1,1,single,0.0,0,1000.0,10.0,,10,auto,peak,
0,92,93,23000000000.0,7880000000.0,23000000000.0,7880000000.0,lo+if,spur,3,5,-1,3*LO - 5*IF,29600000000.0,29600000000.0,29599999627.4,-372.5999984741211,-372.5999984741211,-131.7499462606677,-106.35144297107762,1,-1,1,-1,1,-1,1,single,0.0,0,1000.0,10.0,,10,auto,peak,
0,92,93,23000000000.0,7880000000.0,23000000000.0,7880000000.0,lo+if,spur,2,2,-1,2*LO - 2*IF,30240000000.0,30240000000.0,30240000000.0,0.0,0.0,-84.55594286594277,-59.15743957635267,0,-1,1,-1,1,-1,1,single,0.0,0,1000.0,10.0,,10,auto,peak,
0,92,93,23000000000.0,7880000000.0,23000000000.0,7880000000.0,lo+if,IF_harmonic,0,4,1,0*LO + 4*IF,31520000000.0,31520000000.0,31519999513.5,-486.5,-486.5,-131.12262543664795,-105.72412214705786,1,-1,1,-1,1,-1,1,single,0.0,0,1000.0,10.0,,10,auto,peak,
