lo_index,if_index,point_index,lo_set_Hz,if_set_Hz,lo_model_Hz,if_model_Hz,mode,kind,m,n,sign,expression,expected_freq_Hz,expected_corr_freq_Hz,measured_freq_Hz,freq_error_Hz,freq_error_corr_Hz,power_dBm,rel_dBc_vs_desired,noise_limited,cluster_id,cluster_size,analytic_coincidence_id,analytic_coincidence_size,measured_coincidence_id,measured_coincidence_size,measurement_scope,cluster_window_half_width_Hz,cluster_window_fallback,span_Hz,rbw_Hz,vbw_Hz,avg_sweeps,marker_mode_global,marker_mode_effective,error
0,34,35,23000000000.0,7010000000.0,23000000000.0,7010000000.0,lo+if,desired,1,1,1,1*LO + 1*IF,30010000000.0,30010000000.0,30010000000.0,0.0,0.0,-25.390867418351725,0.0,0,-1,1,-1,1,-1,1,single,0.0,0,1000.0,10.0,,10,auto,peak,
0,34,35,23000000000.0,7010000000.0,23000000000.0,7010000000.0,lo+if,IF_harmonic,0,4,1,0*LO + 4*IF,28040000000.0,28040000000.0,28040000000.0,0.0,0.0,-109.73843505857302,-84.34756764022129,0,-1,1,-1,1,-1,1,single,0.0,0,1000.0,10.0,,10,auto,peak,
0,34,35,23000000000.0,7010000000.0,23000000000.0,7010000000.0,lo+if,spur,2,2,-1,2*LO - 2*IF,31980000000.0,31980000000.0,31980000000.0,0.0,0.0,-87.78975437473909,-62.398886956387365,0,-1,1,-1,1,-1,1,single,0.0,0,1000.0,10.0,,10,auto,peak,
0,34,35,23000000000.0,7010000000.0,23000000000.0,7010000000.0,lo+if,spur,3,5,-1,3*LO - 5*IF,33950000000.0,33950000000.0,33949999634.4,-365.5999984741211,-365.5999984741211,-130.34087733599839,-104.95000991764667,1,-1,1,-1,1,-1,1,single,0.0,0,1000.0,10.0,,10,auto,peak,
