lo_index,if_index,point_index,lo_set_Hz,if_set_Hz,lo_model_Hz,if_model_Hz,mode,kind,m,n,sign,expression,expected_freq_Hz,expected_corr_freq_Hz,measured_freq_Hz,freq_error_Hz,freq_error_corr_Hz,power_dBm,rel_dBc_vs_desired,noise_limited,cluster_id,cluster_size,analytic_coincidence_id,analytic_coincidence_size,measured_coincidence_id,measured_coincidence_size,measurement_scope,cluster_window_half_width_Hz,cluster_window_fallback,span_Hz,rbw_Hz,vbw_Hz,avg_sweeps,marker_mode_global,marker_mode_effective,error
0,44,45,21000000000.0,7160000000.0,21000000000.0,7160000000.0,lo+if,desired,1,1,1,1*LO + 1*IF,28160000000.0,28160000000.0,28160000000.0,0.0,0.0,-25.55153993664039,0.0,0,-1,1,-1,1,-1,1,single,0.0,0,1000.0,10.0,,10,auto,peak,
0,44,45,21000000000.0,7160000000.0,21000000000.0,7160000000.0,lo+if,spur,3,5,-1,3*LO - 5*IF,27200000000.0,27200000000.0,27200000214.8,214.79999923706055,214.79999923706055,-131.35822285660277,-105.80668291996238,1,-1,1,-1,1,-1,1,single,0.0,0,1000.0,10.0,,10,auto,peak,
0,44,45,21000000000.0,7160000000.0,21000000000.0,7160000000.0,lo+if,spur,2,2,-1,2*LO - 2*IF,27680000000.0,27680000000.0,27680000000.0,0.0,0.0,-84.02081633517334,-58.46927639853295,0,-1,1,-1,1,-1,1,single,0.0,0,1000.0,10.0,,10,auto,peak,
0,44,45,21000000000.0,7160000000.0,21000000000.0,7160000000.0,lo+if,IF_harmonic,0,4,1,0*LO + 4*IF,28640000000.0,28640000000.0,28639999935.1,-64.9000015258789,-64.9000015258789,-131.61560660386402,-106.06406666722364,1,-1,1,-1,1,-1,1,single,0.0,0,1000.0,10.0,,10,auto,peak,
0,44,45,21000000000.0,7160000000.0,21000000000.0,7160000000.0,lo+if,spur,3,4,-1,3*LO - 4*IF,34360000000.0,34360000000.0,34359999996.0,-4.0,-4.0,-130.56484336129077,-105.01330342465039,1,-1,1,-1,1,-1,1,single,0.0,0,1000.0,10.0,,10,auto,peak,
0,44,45,21000000000.0,7160000000.0,21000000000.0,7160000000.0,lo+if,spur,2,1,-1,2*LO - 1*IF,34840000000.0,34840000000.0,34840000000.0,0.0,0.0,-77.1635670671437,-51.612027130503314,0,-1,1,-1,1,-1,1,single,0.0,0,1000.0,10.0,,10,auto,peak,
