lo_index,if_index,point_index,lo_set_Hz,if_set_Hz,lo_model_Hz,if_model_Hz,mode,kind,m,n,sign,expression,expected_freq_Hz,expected_corr_freq_Hz,measured_freq_Hz,freq_error_Hz,freq_error_corr_Hz,power_dBm,rel_dBc_vs_desired,noise_limited,cluster_id,cluster_size,analytic_coincidence_id,analytic_coincidence_size,measured_coincidence_id,measured_coincidence_size,measurement_scope,cluster_window_half_width_Hz,cluster_window_fallback,span_Hz,rbw_Hz,vbw_Hz,avg_sweeps,marker_mode_global,marker_mode_effective,error
0,43,44,21000000000.0,7145000000.0,21000000000.0,7145000000.0,lo+if,desired,1,1,1,1*LO + 1*IF,28145000000.0,28145000000.0,28145000000.0,0.0,0.0,-25.329839298145444,0.0,0,-1,1,-1,1,-1,1,single,0.0,0,1000.0,10.0,,10,auto,peak,
0,43,44,21000000000.0,7145000000.0,21000000000.0,7145000000.0,lo+if,spur,3,5,-1,3*LO - 5*IF,27275000000.0,27275000000.0,27274999775.2,-224.79999923706055,-224.79999923706055,-131.15823072255236,-105.82839142440692,1,-1,1,-1,1,-1,1,single,0.0,0,1000.0,10.0,,10,auto,peak,
0,43,44,21000000000.0,7145000000.0,21000000000.0,7145000000.0,lo+if,spur,2,2,-1,2*LO - 2*IF,27710000000.0,27710000000.0,27710000000.0,0.0,0.0,-83.83477151060326,-58.50493221245782,0,-1,1,-1,1,-1,1,single,0.0,0,1000.0,10.0,,10,auto,peak,
0,43,44,21000000000.0,7145000000.0,21000000000.0,7145000000.0,lo+if,IF_harmonic,0,4,1,0*LO + 4*IF,28580000000.0,28580000000.0,28579999670.3,-329.70000076293945,-329.70000076293945,-130.95472977745743,-105.62489047931199,1,-1,1,-1,1,-1,1,single,0.0,0,1000.0,10.0,,10,auto,peak,
0,43,44,21000000000.0,7145000000.0,21000000000.0,7145000000.0,lo+if,spur,3,4,-1,3*LO - 4*IF,34420000000.0,34420000000.0,34419999947.1,-52.900001525878906,-52.900001525878906,-130.25624195865052,-104.92640266050508,1,-1,1,-1,1,-1,1,single,0.0,0,1000.0,10.0,,10,auto,peak,
0,43,44,21000000000.0,7145000000.0,21000000000.0,7145000000.0,lo+if,spur,2,1,-1,2*LO - 1*IF,34855000000.0,34855000000.0,34855000000.0,0.0,0.0,-70.89265656537414,-45.562817267228695,0,-1,1,-1,1,-1,1,single,0.0,0,1000.0,10.0,,10,auto,peak,
