lo_index,if_index,point_index,lo_set_Hz,if_set_Hz,lo_model_Hz,if_model_Hz,mode,kind,m,n,sign,expression,expected_freq_Hz,expected_corr_freq_Hz,measured_freq_Hz,freq_error_Hz,freq_error_corr_Hz,power_dBm,rel_dBc_vs_desired,noise_limited,cluster_id,cluster_size,analytic_coincidence_id,analytic_coincidence_size,measured_coincidence_id,measured_coincidence_size,measurement_scope,cluster_window_half_width_Hz,cluster_window_fallback,span_Hz,rbw_Hz,vbw_Hz,avg_sweeps,marker_mode_global,marker_mode_effective,error
0,17,18,21000000000.0,6755000000.0,21000000000.0,6755000000.0,lo+if,desired,1,1,1,1*LO + 1*IF,27755000000.0,27755000000.0,27755000000.0,0.0,0.0,-25.165525468524365,0.0,0,-1,1,-1,1,-1,1,single,0.0,0,1000.0,10.0,,10,auto,peak,
0,17,18,21000000000.0,6755000000.0,21000000000.0,6755000000.0,lo+if,IF_harmonic,0,4,1,0*LO + 4*IF,27020000000.0,27020000000.0,27020000000.0,0.0,0.0,-112.51035648597869,-87.34483101745433,0,-1,1,-1,1,-1,1,single,0.0,0,1000.0,10.0,,10,auto,peak,
0,17,18,21000000000.0,6755000000.0,21000000000.0,6755000000.0,lo+if,spur,2,2,-1,2*LO - 2*IF,28490000000.0,28490000000.0,28490000000.0,0.0,0.0,-85.17227343629668,-60.00674796777231,0,-1,1,-1,1,-1,1,single,0.0,0,1000.0,10.0,,10,auto,peak,
0,17,18,21000000000.0,6755000000.0,21000000000.0,6755000000.0,lo+if,spur,3,5,-1,3*LO - 5*IF,29225000000.0,29225000000.0,29224999930.1,-69.9000015258789,-69.9000015258789,-131.54193262323122,-106.37640715470685,1,-1,1,-1,1,-1,1,single,0.0,0,1000.0,10.0,,10,auto,peak,
0,17,18,21000000000.0,6755000000.0,21000000000.0,6755000000.0,lo+if,IF_harmonic,0,5,1,0*LO + 5*IF,33775000000.0,33775000000.0,33775000388.6,388.5999984741211,388.5999984741211,-131.645076006679,-106.47955053815464,1,-1,1,-1,1,-1,1,single,0.0,0,1000.0,10.0,,10,auto,peak,
0,17,18,21000000000.0,6755000000.0,21000000000.0,6755000000.0,lo+if,spur,1,2,1,1*LO + 2*IF,34510000000.0,34510000000.0,34510000000.0,0.0,0.0,-85.32201114593958,-60.15648567741522,0,-1,1,-1,1,-1,1,single,0.0,0,1000.0,10.0,,10,auto,peak,
