lo_index,if_index,point_index,lo_set_Hz,if_set_Hz,lo_model_Hz,if_model_Hz,mode,kind,m,n,sign,expression,expected_freq_Hz,expected_corr_freq_Hz,measured_freq_Hz,freq_error_Hz,freq_error_corr_Hz,power_dBm,rel_dBc_vs_desired,noise_limited,cluster_id,cluster_size,analytic_coincidence_id,analytic_coincidence_size,measured_coincidence_id,measured_coincidence_size,measurement_scope,cluster_window_half_width_Hz,cluster_window_fallback,span_Hz,rbw_Hz,vbw_Hz,avg_sweeps,marker_mode_global,marker_mode_effective,error
0,18,19,21000000000.0,6770000000.0,21000000000.0,6770000000.0,lo+if,desired,1,1,1,1*LO + 1*IF,27770000000.0,27770000000.0,27770000000.0,0.0,0.0,-25.35581017786953,0.0,0,-1,1,-1,1,-1,1,single,0.0,0,1000.0,10.0,,10,auto,peak,
0,18,19,21000000000.0,6770000000.0,21000000000.0,6770000000.0,lo+if,IF_harmonic,0,4,1,0*LO + 4*IF,27080000000.0,27080000000.0,27080000000.0,0.0,0.0,-110.7617404194376,-85.40593024156807,0,-1,1,-1,1,-1,1,single,0.0,0,1000.0,10.0,,10,auto,peak,
0,18,19,21000000000.0,6770000000.0,21000000000.0,6770000000.0,lo+if,spur,2,2,-1,2*LO - 2*IF,28460000000.0,28460000000.0,28460000000.0,0.0,0.0,-85.94525824942062,-60.58944807155109,0,-1,1,-1,1,-1,1,single,0.0,0,1000.0,10.0,,10,auto,peak,
0,18,19,21000000000.0,6770000000.0,21000000000.0,6770000000.0,lo+if,spur,3,5,-1,3*LO - 5*IF,29150000000.0,29150000000.0,29150000187.8,187.79999923706055,187.79999923706055,-131.82727514670188,-106.47146496883235,1,-1,1,-1,1,-1,1,single,0.0,0,1000.0,10.0,,10,auto,peak,
0,18,19,21000000000.0,6770000000.0,21000000000.0,6770000000.0,lo+if,IF_harmonic,0,5,1,0*LO + 5*IF,33850000000.0,33850000000.0,33849999996.0,-4.0,-4.0,-130.62338904966424,-105.26757887179471,1,-1,1,-1,1,-1,1,single,0.0,0,1000.0,10.0,,10,auto,peak,
0,18,19,21000000000.0,6770000000.0,21000000000.0,6770000000.0,lo+if,spur,1,2,1,1*LO + 2*IF,34540000000.0,34540000000.0,34540000000.0,0.0,0.0,-86.16337939453308,-60.80756921666355,0,-1,1,-1,1,-1,1,single,0.0,0,1000.0,10.0,,10,auto,peak,
