lo_index,if_index,point_index,lo_set_Hz,if_set_Hz,lo_model_Hz,if_model_Hz,mode,kind,m,n,sign,expression,expected_freq_Hz,expected_corr_freq_Hz,measured_freq_Hz,freq_error_Hz,freq_error_corr_Hz,power_dBm,rel_dBc_vs_desired,noise_limited,cluster_id,cluster_size,analytic_coincidence_id,analytic_coincidence_size,measured_coincidence_id,measured_coincidence_size,measurement_scope,cluster_window_half_width_Hz,cluster_window_fallback,span_Hz,rbw_Hz,vbw_Hz,avg_sweeps,marker_mode_global,marker_mode_effective,error
0,93,94,21000000000.0,7895000000.0,21000000000.0,7895000000.0,lo+if,desired,1,1,1,1*LO + 1*IF,28895000000.0,28895000000.0,28895000000.0,0.0,0.0,-25.359648122069558,0.0,0,-1,1,-1,1,-1,1,single,0.0,0,1000.0,10.0,,10,auto,peak,
0,93,94,21000000000.0,7895000000.0,21000000000.0,7895000000.0,lo+if,spur,2,2,-1,2*LO - 2*IF,26210000000.0,26210000000.0,26210000000.0,0.0,0.0,-82.88967509501454,-57.53002697294498,0,-1,1,-1,1,-1,1,single,0.0,0,1000.0,10.0,,10,auto,peak,
0,93,94,21000000000.0,7895000000.0,21000000000.0,7895000000.0,lo+if,spur,3,4,-1,3*LO - 4*IF,31420000000.0,31420000000.0,31420000399.6,399.5999984741211,399.5999984741211,-130.9429935359153,-105.58334541384573,1,-1,1,-1,1,-1,1,single,0.0,0,1000.0,10.0,,10,auto,peak,
0,93,94,21000000000.0,7895000000.0,21000000000.0,7895000000.0,lo+if,IF_harmonic,0,4,1,0*LO + 4*IF,31580000000.0,31580000000.0,31580000000.0,0.0,0.0,-127.97436922489109,-102.61472110282153,1,-1,1,-1,1,-1,1,single,0.0,0,1000.0,10.0,,10,auto,peak,
0,93,94,21000000000.0,7895000000.0,21000000000.0,7895000000.0,lo+if,spur,2,1,-1,2*LO - 1*IF,34105000000.0,34105000000.0,34105000000.0,0.0,0.0,-73.9006930776953,-48.541044955625736,0,-1,1,-1,1,-1,1,single,0.0,0,1000.0,10.0,,10,auto,peak,
