lo_index,if_index,point_index,lo_set_Hz,if_set_Hz,lo_model_Hz,if_model_Hz,mode,kind,m,n,sign,expression,expected_freq_Hz,expected_corr_freq_Hz,measured_freq_Hz,freq_error_Hz,freq_error_corr_Hz,power_dBm,rel_dBc_vs_desired,noise_limited,cluster_id,cluster_size,analytic_coincidence_id,analytic_coincidence_size,measured_coincidence_id,measured_coincidence_size,measurement_scope,cluster_window_half_width_Hz,cluster_window_fallback,span_Hz,rbw_Hz,vbw_Hz,avg_sweeps,marker_mode_global,marker_mode_effective,error
0,49,50,21000000000.0,7235000000.0,21000000000.0,7235000000.0,lo+if,desired,1,1,1,1*LO + 1*IF,28235000000.0,28235000000.0,28235000000.0,0.0,0.0,-25.130481039136047,0.0,0,-1,1,-1,1,-1,1,single,0.0,0,1000.0,10.0,,10,auto,peak,
0,49,50,21000000000.0,7235000000.0,21000000000.0,7235000000.0,lo+if,spur,3,5,-1,3*LO - 5*IF,26825000000.0,26825000000.0,26825000296.7,296.70000076293945,296.70000076293945,-130.91861735550515,-105.7881363163691,1,-1,1,-1,1,-1,1,single,0.0,0,1000.0,10.0,,10,auto,peak,
0,49,50,21000000000.0,7235000000.0,21000000000.0,7235000000.0,lo+if,spur,2,2,-1,2*LO - 2*IF,27530000000.0,27530000000.0,27530000000.0,0.0,0.0,-83.69900277471555,-58.56852173557951,0,-1,1,-1,1,-1,1,single,0.0,0,1000.0,10.0,,10,auto,peak,
0,49,50,21000000000.0,7235000000.0,21000000000.0,7235000000.0,lo+if,IF_harmonic,0,4,1,0*LO + 4*IF,28940000000.0,28940000000.0,28940000087.9,87.9000015258789,87.9000015258789,-132.29968361497512,-107.16920257583908,1,-1,1,-1,1,-1,1,single,0.0,0,1000.0,10.0,,10,auto,peak,
0,49,50,21000000000.0,7235000000.0,21000000000.0,7235000000.0,lo+if,spur,3,4,-1,3*LO - 4*IF,34060000000.0,34060000000.0,34059999757.2,-242.79999923706055,-242.79999923706055,-130.6589438074122,-105.52846276827614,1,-1,1,-1,1,-1,1,single,0.0,0,1000.0,10.0,,10,auto,peak,
0,49,50,21000000000.0,7235000000.0,21000000000.0,7235000000.0,lo+if,spur,2,1,-1,2*LO - 1*IF,34765000000.0,34765000000.0,34765000000.0,0.0,0.0,-63.29597084648684,-38.165489807350795,0,-1,1,-1,1,-1,1,single,0.0,0,1000.0,10.0,,10,auto,peak,
