lo_index,if_index,point_index,lo_set_Hz,if_set_Hz,lo_model_Hz,if_model_Hz,mode,kind,m,n,sign,expression,expected_freq_Hz,expected_corr_freq_Hz,measured_freq_Hz,freq_error_Hz,freq_error_corr_Hz,power_dBm,rel_dBc_vs_desired,noise_limited,cluster_id,cluster_size,analytic_coincidence_id,analytic_coincidence_size,measured_coincidence_id,measured_coincidence_size,measurement_scope,cluster_window_half_width_Hz,cluster_window_fallback,span_Hz,rbw_Hz,vbw_Hz,avg_sweeps,marker_mode_global,marker_mode_effective,error
0,26,27,21000000000.0,6890000000.0,21000000000.0,6890000000.0,lo+if,desired,1,1,1,1*LO + 1*IF,27890000000.0,27890000000.0,27890000000.0,0.0,0.0,-24.50825924531296,0.0,0,-1,1,-1,1,-1,1,single,0.0,0,1000.0,10.0,,10,auto,peak,
0,26,27,21000000000.0,6890000000.0,21000000000.0,6890000000.0,lo+if,IF_harmonic,0,4,1,0*LO + 4*IF,27560000000.0,27560000000.0,27560000000.0,0.0,0.0,-114.90709429788612,-90.39883505257316,0,-1,1,-1,1,-1,1,single,0.0,0,1000.0,10.0,,10,auto,peak,
0,26,27,21000000000.0,6890000000.0,21000000000.0,6890000000.0,lo+if,spur,2,2,-1,2*LO - 2*IF,28220000000.0,28220000000.0,28220000000.0,0.0,0.0,-84.69667306774775,-60.188413822434796,0,-1,1,-1,1,-1,1,single,0.0,0,1000.0,10.0,,10,auto,peak,
0,26,27,21000000000.0,6890000000.0,21000000000.0,6890000000.0,lo+if,spur,3,5,-1,3*LO - 5*IF,28550000000.0,28550000000.0,28550000226.8,226.79999923706055,226.79999923706055,-131.56110209293183,-107.05284284761888,1,-1,1,-1,1,-1,1,single,0.0,0,1000.0,10.0,,10,auto,peak,
0,26,27,21000000000.0,6890000000.0,21000000000.0,6890000000.0,lo+if,IF_harmonic,0,5,1,0*LO + 5*IF,34450000000.0,34450000000.0,34450000196.8,196.8000030517578,196.8000030517578,-129.66294555557977,-105.15468631026681,1,-1,1,-1,1,-1,1,single,0.0,0,1000.0,10.0,,10,auto,peak,
0,26,27,21000000000.0,6890000000.0,21000000000.0,6890000000.0,lo+if,spur,1,2,1,1*LO + 2*IF,34780000000.0,34780000000.0,34780000000.0,0.0,0.0,-85.7612263821472,-61.25296713683424,0,-1,1,-1,1,-1,1,single,0.0,0,1000.0,10.0,,10,auto,peak,
