lo_index,if_index,point_index,lo_set_Hz,if_set_Hz,lo_model_Hz,if_model_Hz,mode,kind,m,n,sign,expression,expected_freq_Hz,expected_corr_freq_Hz,measured_freq_Hz,freq_error_Hz,freq_error_corr_Hz,power_dBm,rel_dBc_vs_desired,noise_limited,cluster_id,cluster_size,analytic_coincidence_id,analytic_coincidence_size,measured_coincidence_id,measured_coincidence_size,measurement_scope,cluster_window_half_width_Hz,cluster_window_fallback,span_Hz,rbw_Hz,vbw_Hz,avg_sweeps,marker_mode_global,marker_mode_effective,error
0,20,21,21000000000.0,6800000000.0,21000000000.0,6800000000.0,lo+if,desired,1,1,1,1*LO + 1*IF,27800000000.0,27800000000.0,27800000000.0,0.0,0.0,-24.804563714379057,0.0,0,-1,1,-1,1,-1,1,single,0.0,0,1000.0,10.0,,10,auto,peak,
0,20,21,21000000000.0,6800000000.0,21000000000.0,6800000000.0,lo+if,IF_harmonic,0,4,1,0*LO + 4*IF,27200000000.0,27200000000.0,27200000000.0,0.0,0.0,-106.97320513989828,-82.16864142551923,0,-1,1,-1,1,-1,1,single,0.0,0,1000.0,10.0,,10,auto,peak,
0,20,21,21000000000.0,6800000000.0,21000000000.0,6800000000.0,lo+if,spur,2,2,-1,2*LO - 2*IF,28400000000.0,28400000000.0,28400000000.0,0.0,0.0,-84.10976448661793,-59.30520077223888,0,-1,1,-1,1,-1,1,single,0.0,0,1000.0,10.0,,10,auto,peak,
0,20,21,21000000000.0,6800000000.0,21000000000.0,6800000000.0,lo+if,spur,3,5,-1,3*LO - 5*IF,29000000000.0,29000000000.0,28999999636.4,-363.5999984741211,-363.5999984741211,-132.6864487014223,-107.88188498704325,1,-1,1,-1,1,-1,1,single,0.0,0,1000.0,10.0,,10,auto,peak,
0,20,21,21000000000.0,6800000000.0,21000000000.0,6800000000.0,lo+if,IF_harmonic,0,5,1,0*LO + 5*IF,34000000000.0,34000000000.0,33999999557.4,-442.5999984741211,-442.5999984741211,-130.64232862181373,-105.83776490743467,1,-1,1,-1,1,-1,1,single,0.0,0,1000.0,10.0,,10,auto,peak,
0,20,21,21000000000.0,6800000000.0,21000000000.0,6800000000.0,lo+if,spur,1,2,1,1*LO + 2*IF,34600000000.0,34600000000.0,34600000000.0,0.0,0.0,-86.91545322555326,-62.11088951117421,0,-1,1,-1,1,-1,1,single,0.0,0,1000.0,10.0,,10,auto,peak,
