lo_index,if_index,point_index,lo_set_Hz,if_set_Hz,lo_model_Hz,if_model_Hz,mode,kind,m,n,sign,expression,expected_freq_Hz,expected_corr_freq_Hz,measured_freq_Hz,freq_error_Hz,freq_error_corr_Hz,power_dBm,rel_dBc_vs_desired,noise_limited,cluster_id,cluster_size,analytic_coincidence_id,analytic_coincidence_size,measured_coincidence_id,measured_coincidence_size,measurement_scope,cluster_window_half_width_Hz,cluster_window_fallback,span_Hz,rbw_Hz,vbw_Hz,avg_sweeps,marker_mode_global,marker_mode_effective,error
0,14,15,21000000000.0,6710000000.0,21000000000.0,6710000000.0,lo+if,desired,1,1,1,1*LO + 1*IF,27710000000.0,27710000000.0,27710000000.0,0.0,0.0,-24.82826113964004,0.0,0,-1,1,-1,1,-1,1,single,0.0,0,1000.0,10.0,,10,auto,peak,
0,14,15,21000000000.0,6710000000.0,21000000000.0,6710000000.0,lo+if,IF_harmonic,0,4,1,0*LO + 4*IF,26840000000.0,26840000000.0,26840000000.0,0.0,0.0,-121.58374698943416,-96.75548584979413,1,-1,1,-1,1,-1,1,single,0.0,0,1000.0,10.0,,10,auto,peak,
0,14,15,21000000000.0,6710000000.0,21000000000.0,6710000000.0,lo+if,spur,2,2,-1,2*LO - 2*IF,28580000000.0,28580000000.0,28580000000.0,0.0,0.0,-83.57903230040313,-58.75077116076309,0,-1,1,-1,1,-1,1,single,0.0,0,1000.0,10.0,,10,auto,peak,
0,14,15,21000000000.0,6710000000.0,21000000000.0,6710000000.0,lo+if,spur,3,5,-1,3*LO - 5*IF,29450000000.0,29450000000.0,29450000010.0,10.0,10.0,-132.39325299014843,-107.56499185050839,1,-1,1,-1,1,-1,1,single,0.0,0,1000.0,10.0,,10,auto,peak,
0,14,15,21000000000.0,6710000000.0,21000000000.0,6710000000.0,lo+if,IF_harmonic,0,5,1,0*LO + 5*IF,33550000000.0,33550000000.0,33550000105.9,105.9000015258789,105.9000015258789,-131.8132178154189,-106.98495667577888,1,-1,1,-1,1,-1,1,single,0.0,0,1000.0,10.0,,10,auto,peak,
0,14,15,21000000000.0,6710000000.0,21000000000.0,6710000000.0,lo+if,spur,1,2,1,1*LO + 2*IF,34420000000.0,34420000000.0,34420000000.0,0.0,0.0,-86.21690400674822,-61.38864286710818,0,-1,1,-1,1,-1,1,single,0.0,0,1000.0,10.0,,10,auto,peak,
