lo_index,if_index,point_index,lo_set_Hz,if_set_Hz,lo_model_Hz,if_model_Hz,mode,kind,m,n,sign,expression,expected_freq_Hz,expected_corr_freq_Hz,measured_freq_Hz,freq_error_Hz,freq_error_corr_Hz,power_dBm,rel_dBc_vs_desired,noise_limited,cluster_id,cluster_size,analytic_coincidence_id,analytic_coincidence_size,measured_coincidence_id,measured_coincidence_size,measurement_scope,cluster_window_half_width_Hz,cluster_window_fallback,span_Hz,rbw_Hz,vbw_Hz,avg_sweeps,marker_mode_global,marker_mode_effective,error
0,53,54,21000000000.0,7295000000.0,21000000000.0,7295000000.0,lo+if,desired,1,1,1,1*LO + 1*IF,28295000000.0,28295000000.0,28295000000.0,0.0,0.0,-24.522471232196793,0.0,0,-1,1,-1,1,-1,1,single,0.0,0,1000.0,10.0,,10,auto,peak,
0,53,54,21000000000.0,7295000000.0,21000000000.0,7295000000.0,lo+if,spur,3,5,-1,3*LO - 5*IF,26525000000.0,26525000000.0,26525000408.6,408.5999984741211,408.5999984741211,-130.54989441561676,-106.02742318341997,1,-1,1,-1,1,-1,1,single,0.0,0,1000.0,10.0,,10,auto,peak,
0,53,54,21000000000.0,7295000000.0,21000000000.0,7295000000.0,lo+if,spur,2,2,-1,2*LO - 2*IF,27410000000.0,27410000000.0,27410000000.0,0.0,0.0,-82.59822564987543,-58.07575441767864,0,-1,1,-1,1,-1,1,single,0.0,0,1000.0,10.0,,10,auto,peak,
0,53,54,21000000000.0,7295000000.0,21000000000.0,7295000000.0,lo+if,IF_harmonic,0,4,1,0*LO + 4*IF,29180000000.0,29180000000.0,29179999998.0,-2.0,-2.0,-130.8191246030865,-106.2966533708897,1,-1,1,-1,1,-1,1,single,0.0,0,1000.0,10.0,,10,auto,peak,
0,53,54,21000000000.0,7295000000.0,21000000000.0,7295000000.0,lo+if,spur,3,4,-1,3*LO - 4*IF,33820000000.0,33820000000.0,33819999905.1,-94.9000015258789,-94.9000015258789,-130.78842151662468,-106.26595028442789,1,-1,1,-1,1,-1,1,single,0.0,0,1000.0,10.0,,10,auto,peak,
0,53,54,21000000000.0,7295000000.0,21000000000.0,7295000000.0,lo+if,spur,2,1,-1,2*LO - 1*IF,34705000000.0,34705000000.0,34705000000.0,0.0,0.0,-73.12765621036814,-48.60518497817135,0,-1,1,-1,1,-1,1,single,0.0,0,1000.0,10.0,,10,auto,peak,
