lo_index,if_index,point_index,lo_set_Hz,if_set_Hz,lo_model_Hz,if_model_Hz,mode,kind,m,n,sign,expression,expected_freq_Hz,expected_corr_freq_Hz,measured_freq_Hz,freq_error_Hz,freq_error_corr_Hz,power_dBm,rel_dBc_vs_desired,noise_limited,cluster_id,cluster_size,analytic_coincidence_id,analytic_coincidence_size,measured_coincidence_id,measured_coincidence_size,measurement_scope,cluster_window_half_width_Hz,cluster_window_fallback,span_Hz,rbw_Hz,vbw_Hz,avg_sweeps,marker_mode_global,marker_mode_effective,error
0,56,57,21000000000.0,7340000000.0,21000000000.0,7340000000.0,lo+if,desired,1,1,1,1*LO + 1*IF,28340000000.0,28340000000.0,28340000000.0,0.0,0.0,-24.2085124169593,0.0,0,-1,1,-1,1,-1,1,single,0.0,0,1000.0,10.0,,10,auto,peak,
0,56,57,21000000000.0,7340000000.0,21000000000.0,7340000000.0,lo+if,spur,3,5,-1,3*LO - 5*IF,26300000000.0,26300000000.0,26300000273.7,273.70000076293945,273.70000076293945,-130.21808769401952,-106.00957527706021,1,-1,1,-1,1,-1,1,single,0.0,0,1000.0,10.0,,10,auto,peak,
0,56,57,21000000000.0,7340000000.0,21000000000.0,7340000000.0,lo+if,spur,2,2,-1,2*LO - 2*IF,27320000000.0,27320000000.0,27320000000.0,0.0,0.0,-81.36112145611199,-57.152609039152686,0,-1,1,-1,1,-1,1,single,0.0,0,1000.0,10.0,,10,auto,peak,
0,56,57,21000000000.0,7340000000.0,21000000000.0,7340000000.0,lo+if,IF_harmonic,0,4,1,0*LO + 4*IF,29360000000.0,29360000000.0,29360000002.0,2.0,2.0,-130.94028299533514,-106.73177057837583,1,-1,1,-1,1,-1,1,single,0.0,0,1000.0,10.0,,10,auto,peak,
0,56,57,21000000000.0,7340000000.0,21000000000.0,7340000000.0,lo+if,spur,3,4,-1,3*LO - 4*IF,33640000000.0,33640000000.0,33639999946.1,-53.900001525878906,-53.900001525878906,-131.39247852790436,-107.18396611094505,1,-1,1,-1,1,-1,1,single,0.0,0,1000.0,10.0,,10,auto,peak,
0,56,57,21000000000.0,7340000000.0,21000000000.0,7340000000.0,lo+if,spur,2,1,-1,2*LO - 1*IF,34660000000.0,34660000000.0,34660000000.0,0.0,0.0,-65.5307872111806,-41.32227479422129,0,-1,1,-1,1,-1,1,single,0.0,0,1000.0,10.0,,10,auto,peak,
