lo_index,if_index,point_index,lo_set_Hz,if_set_Hz,lo_model_Hz,if_model_Hz,mode,kind,m,n,sign,expression,expected_freq_Hz,expected_corr_freq_Hz,measured_freq_Hz,freq_error_Hz,freq_error_corr_Hz,power_dBm,rel_dBc_vs_desired,noise_limited,cluster_id,cluster_size,analytic_coincidence_id,analytic_coincidence_size,measured_coincidence_id,measured_coincidence_size,measurement_scope,cluster_window_half_width_Hz,cluster_window_fallback,span_Hz,rbw_Hz,vbw_Hz,avg_sweeps,marker_mode_global,marker_mode_effective,error
0,81,82,21000000000.0,7715000000.0,21000000000.0,7715000000.0,lo+if,desired,1,1,1,1*LO + 1*IF,28715000000.0,28715000000.0,28715000000.0,0.0,0.0,-24.697581424160603,0.0,0,-1,1,-1,1,-1,1,single,0.0,0,1000.0,10.0,,10,auto,peak,
0,81,82,21000000000.0,7715000000.0,21000000000.0,7715000000.0,lo+if,spur,2,2,-1,2*LO - 2*IF,26570000000.0,26570000000.0,26570000000.0,0.0,0.0,-82.06926097470856,-57.37167955054795,0,-1,1,-1,1,-1,1,single,0.0,0,1000.0,10.0,,10,auto,peak,
0,81,82,21000000000.0,7715000000.0,21000000000.0,7715000000.0,lo+if,IF_harmonic,0,4,1,0*LO + 4*IF,30860000000.0,30860000000.0,30860000332.7,332.70000076293945,332.70000076293945,-130.15941504588392,-105.46183362172331,1,-1,1,-1,1,-1,1,single,0.0,0,1000.0,10.0,,10,auto,peak,
0,81,82,21000000000.0,7715000000.0,21000000000.0,7715000000.0,lo+if,spur,3,4,-1,3*LO - 4*IF,32140000000.0,32140000000.0,32140000056.9,56.900001525878906,56.900001525878906,-132.74549623379653,-108.04791480963593,1,-1,1,-1,1,-1,1,single,0.0,0,1000.0,10.0,,10,auto,peak,
0,81,82,21000000000.0,7715000000.0,21000000000.0,7715000000.0,lo+if,spur,2,1,-1,2*LO - 1*IF,34285000000.0,34285000000.0,34285000000.0,0.0,0.0,-67.36763296905328,-42.67005154489267,0,-1,1,-1,1,-1,1,single,0.0,0,1000.0,10.0,,10,auto,peak,
