lo_index,if_index,point_index,lo_set_Hz,if_set_Hz,lo_model_Hz,if_model_Hz,mode,kind,m,n,sign,expression,expected_freq_Hz,expected_corr_freq_Hz,measured_freq_Hz,freq_error_Hz,freq_error_corr_Hz,power_dBm,rel_dBc_vs_desired,noise_limited,cluster_id,cluster_size,analytic_coincidence_id,analytic_coincidence_size,measured_coincidence_id,measured_coincidence_size,measurement_scope,cluster_window_half_width_Hz,cluster_window_fallback,span_Hz,rbw_Hz,vbw_Hz,avg_sweeps,marker_mode_global,marker_mode_effective,error
0,90,91,21000000000.0,7850000000.0,21000000000.0,7850000000.0,lo+if,desired,1,1,1,1*LO + 1*IF,28850000000.0,28850000000.0,28850000000.0,0.0,0.0,-25.009445703944312,0.0,0,-1,1,-1,1,-1,1,single,0.0,0,1000.0,10.0,,10,auto,peak,
0,90,91,21000000000.0,7850000000.0,21000000000.0,7850000000.0,lo+if,spur,2,2,-1,2*LO - 2*IF,26300000000.0,26300000000.0,26300000000.0,0.0,0.0,-82.00327345966565,-56.99382775572134,0,-1,1,-1,1,-1,1,single,0.0,0,1000.0,10.0,,10,auto,peak,
0,90,91,21000000000.0,7850000000.0,21000000000.0,7850000000.0,lo+if,IF_harmonic,0,4,1,0*LO + 4*IF,31400000000.0,31400000000.0,31400000079.9,79.9000015258789,79.9000015258789,-130.26549772754433,-105.25605202360002,1,-1,1,-1,1,-1,1,single,0.0,0,1000.0,10.0,,10,auto,peak,
0,90,91,21000000000.0,7850000000.0,21000000000.0,7850000000.0,lo+if,spur,3,4,-1,3*LO - 4*IF,31600000000.0,31600000000.0,31599999951.0,-49.0,-49.0,-131.44073995117196,-106.43129424722765,1,-1,1,-1,1,-1,1,single,0.0,0,1000.0,10.0,,10,auto,peak,
0,90,91,21000000000.0,7850000000.0,21000000000.0,7850000000.0,lo+if,spur,2,1,-1,2*LO - 1*IF,34150000000.0,34150000000.0,34150000000.0,0.0,0.0,-68.49154978384485,-43.48210407990054,0,-1,1,-1,1,-1,1,single,0.0,0,1000.0,10.0,,10,auto,peak,
