lo_index,if_index,point_index,lo_set_Hz,if_set_Hz,lo_model_Hz,if_model_Hz,mode,kind,m,n,sign,expression,expected_freq_Hz,expected_corr_freq_Hz,measured_freq_Hz,freq_error_Hz,freq_error_corr_Hz,power_dBm,rel_dBc_vs_desired,noise_limited,cluster_id,cluster_size,analytic_coincidence_id,analytic_coincidence_size,measured_coincidence_id,measured_coincidence_size,measurement_scope,cluster_window_half_width_Hz,cluster_window_fallback,span_Hz,rbw_Hz,vbw_Hz,avg_sweeps,marker_mode_global,marker_mode_effective,error
0,79,80,21000000000.0,7685000000.0,21000000000.0,7685000000.0,lo+if,desired,1,1,1,1*LO + 1*IF,28685000000.0,28685000000.0,28685000000.0,0.0,0.0,-24.770934523587925,0.0,0,-1,1,-1,1,-1,1,single,0.0,0,1000.0,10.0,,10,auto,peak,
0,79,80,21000000000.0,7685000000.0,21000000000.0,7685000000.0,lo+if,spur,2,2,-1,2*LO - 2*IF,26630000000.0,26630000000.0,26630000000.0,0.0,0.0,-82.33958291430648,-57.56864839071855,0,-1,1,-1,1,-1,1,single,0.0,0,1000.0,10.0,,10,auto,peak,
0,79,80,21000000000.0,7685000000.0,21000000000.0,7685000000.0,lo+if,IF_harmonic,0,4,1,0*LO + 4*IF,30740000000.0,30740000000.0,30740000245.8,245.79999923706055,245.79999923706055,-131.7626413063374,-106.99170678274947,1,-1,1,-1,1,-1,1,single,0.0,0,1000.0,10.0,,10,auto,peak,
0,79,80,21000000000.0,7685000000.0,21000000000.0,7685000000.0,lo+if,spur,3,4,-1,3*LO - 4*IF,32260000000.0,32260000000.0,32259999855.1,-144.9000015258789,-144.9000015258789,-131.46443138989667,-106.69349686630875,1,-1,1,-1,1,-1,1,single,0.0,0,1000.0,10.0,,10,auto,peak,
0,79,80,21000000000.0,7685000000.0,21000000000.0,7685000000.0,lo+if,spur,2,1,-1,2*LO - 1*IF,34315000000.0,34315000000.0,34315000000.0,0.0,0.0,-72.20822619031898,-47.437291666731056,0,-1,1,-1,1,-1,1,single,0.0,0,1000.0,10.0,,10,auto,peak,
