lo_index,if_index,point_index,lo_set_Hz,if_set_Hz,lo_model_Hz,if_model_Hz,mode,kind,m,n,sign,expression,expected_freq_Hz,expected_corr_freq_Hz,measured_freq_Hz,freq_error_Hz,freq_error_corr_Hz,power_dBm,rel_dBc_vs_desired,noise_limited,cluster_id,cluster_size,analytic_coincidence_id,analytic_coincidence_size,measured_coincidence_id,measured_coincidence_size,measurement_scope,cluster_window_half_width_Hz,cluster_window_fallback,span_Hz,rbw_Hz,vbw_Hz,avg_sweeps,marker_mode_global,marker_mode_effective,error
0,83,84,21000000000.0,7745000000.0,21000000000.0,7745000000.0,lo+if,desired,1,1,1,1*LO + 1*IF,28745000000.0,28745000000.0,28745000000.0,0.0,0.0,-25.021175837660916,0.0,0,-1,1,-1,1,-1,1,single,0.0,0,1000.0,10.0,,10,auto,peak,
0,83,84,21000000000.0,7745000000.0,21000000000.0,7745000000.0,lo+if,spur,2,2,-1,2*LO - 2*IF,26510000000.0,26510000000.0,26510000000.0,0.0,0.0,-84.55992355163546,-59.538747713974544,0,-1,1,-1,1,-1,1,single,0.0,0,1000.0,10.0,,10,auto,peak,
0,83,84,21000000000.0,7745000000.0,21000000000.0,7745000000.0,lo+if,IF_harmonic,0,4,1,0*LO + 4*IF,30980000000.0,30980000000.0,30979999517.5,-482.5,-482.5,-130.7642622032441,-105.74308636558318,1,-1,1,-1,1,-1,1,single,0.0,0,1000.0,10.0,,10,auto,peak,
0,83,84,21000000000.0,7745000000.0,21000000000.0,7745000000.0,lo+if,spur,3,4,-1,3*LO - 4*IF,32020000000.0,32020000000.0,32020000005.0,5.0,5.0,-131.47780348143672,-106.4566276437758,1,-1,1,-1,1,-1,1,single,0.0,0,1000.0,10.0,,10,auto,peak,
0,83,84,21000000000.0,7745000000.0,21000000000.0,7745000000.0,lo+if,spur,2,1,-1,2*LO - 1*IF,34255000000.0,34255000000.0,34255000000.0,0.0,0.0,-67.51506564063718,-42.493889802976256,0,-1,1,-1,1,-1,1,single,0.0,0,1000.0,10.0,,10,auto,peak,
