lo_index,if_index,point_index,lo_set_Hz,if_set_Hz,lo_model_Hz,if_model_Hz,mode,kind,m,n,sign,expression,expected_freq_Hz,expected_corr_freq_Hz,measured_freq_Hz,freq_error_Hz,freq_error_corr_Hz,power_dBm,rel_dBc_vs_desired,noise_limited,cluster_id,cluster_size,analytic_coincidence_id,analytic_coincidence_size,measured_coincidence_id,measured_coincidence_size,measurement_scope,cluster_window_half_width_Hz,cluster_window_fallback,span_Hz,rbw_Hz,vbw_Hz,avg_sweeps,marker_mode_global,marker_mode_effective,error
0,50,51,21000000000.0,7250000000.0,21000000000.0,7250000000.0,lo+if,desired,1,1,1,1*LO + 1*IF,28250000000.0,28250000000.0,28250000000.0,0.0,0.0,-25.14301993472253,0.0,0,-1,1,-1,1,-1,1,single,0.0,0,1000.0,10.0,,10,auto,peak,
0,50,51,21000000000.0,7250000000.0,21000000000.0,7250000000.0,lo+if,spur,3,5,-1,3*LO - 5*IF,26750000000.0,26750000000.0,26750000469.5,469.5,469.5,-130.9069202908048,-105.76390035608227,1,-1,1,-1,1,-1,1,single,0.0,0,1000.0,10.0,,10,auto,peak,
0,50,51,21000000000.0,7250000000.0,21000000000.0,7250000000.0,lo+if,spur,2,2,-1,2*LO - 2*IF,27500000000.0,27500000000.0,27500000000.0,0.0,0.0,-84.95145696171673,-59.8084370269942,0,-1,1,-1,1,-1,1,single,0.0,0,1000.0,10.0,,10,auto,peak,
0,50,51,21000000000.0,7250000000.0,21000000000.0,7250000000.0,lo+if,IF_harmonic,0,4,1,0*LO + 4*IF,29000000000.0,29000000000.0,28999999637.4,-362.5999984741211,-362.5999984741211,-131.72779664943826,-106.58477671471573,1,-1,1,-1,1,-1,1,single,0.0,0,1000.0,10.0,,10,auto,peak,
0,50,51,21000000000.0,7250000000.0,21000000000.0,7250000000.0,lo+if,spur,3,4,-1,3*LO - 4*IF,34000000000.0,34000000000.0,33999999923.1,-76.9000015258789,-76.9000015258789,-129.79607692413288,-104.65305698941035,1,-1,1,-1,1,-1,1,single,0.0,0,1000.0,10.0,,10,auto,peak,
0,50,51,21000000000.0,7250000000.0,21000000000.0,7250000000.0,lo+if,spur,2,1,-1,2*LO - 1*IF,34750000000.0,34750000000.0,34750000000.0,0.0,0.0,-63.645155242777484,-38.50213530805495,0,-1,1,-1,1,-1,1,single,0.0,0,1000.0,10.0,,10,auto,peak,
