lo_index,if_index,point_index,lo_set_Hz,if_set_Hz,lo_model_Hz,if_model_Hz,mode,kind,m,n,sign,expression,expected_freq_Hz,expected_corr_freq_Hz,measured_freq_Hz,freq_error_Hz,freq_error_corr_Hz,power_dBm,rel_dBc_vs_desired,noise_limited,cluster_id,cluster_size,analytic_coincidence_id,analytic_coincidence_size,measured_coincidence_id,measured_coincidence_size,measurement_scope,cluster_window_half_width_Hz,cluster_window_fallback,span_Hz,rbw_Hz,vbw_Hz,avg_sweeps,marker_mode_global,marker_mode_effective,error
0,19,20,21000000000.0,6785000000.0,21000000000.0,6785000000.0,lo+if,desired,1,1,1,1*LO + 1*IF,27785000000.0,27785000000.0,27785000000.0,0.0,0.0,-25.180114494517326,0.0,0,-1,1,-1,1,-1,1,single,0.0,0,1000.0,10.0,,10,auto,peak,
0,19,20,21000000000.0,6785000000.0,21000000000.0,6785000000.0,lo+if,IF_harmonic,0,4,1,0*LO + 4*IF,27140000000.0,27140000000.0,27140000000.0,0.0,0.0,-108.80377281043636,-83.62365831591903,0,-1,1,-1,1,-1,1,single,0.0,0,1000.0,10.0,,10,auto,peak,
0,19,20,21000000000.0,6785000000.0,21000000000.0,6785000000.0,lo+if,spur,2,2,-1,2*LO - 2*IF,28430000000.0,28430000000.0,28430000000.0,0.0,0.0,-85.36661826558512,-60.18650377106779,0,-1,1,-1,1,-1,1,single,0.0,0,1000.0,10.0,,10,auto,peak,
0,19,20,21000000000.0,6785000000.0,21000000000.0,6785000000.0,lo+if,spur,3,5,-1,3*LO - 5*IF,29075000000.0,29075000000.0,29075000102.9,102.9000015258789,102.9000015258789,-132.00215058520217,-106.82203609068485,1,-1,1,-1,1,-1,1,single,0.0,0,1000.0,10.0,,10,auto,peak,
0,19,20,21000000000.0,6785000000.0,21000000000.0,6785000000.0,lo+if,IF_harmonic,0,5,1,0*LO + 5*IF,33925000000.0,33925000000.0,33925000003.0,3.0,3.0,-131.453926588887,-106.27381209436966,1,-1,1,-1,1,-1,1,single,0.0,0,1000.0,10.0,,10,auto,peak,
0,19,20,21000000000.0,6785000000.0,21000000000.0,6785000000.0,lo+if,spur,1,2,1,1*LO + 2*IF,34570000000.0,34570000000.0,34570000000.0,0.0,0.0,-86.93489509804195,-61.75478060352462,0,-1,1,-1,1,-1,1,single,0.0,0,1000.0,10.0,,10,auto,peak,
