lo_index,if_index,point_index,lo_set_Hz,if_set_Hz,lo_model_Hz,if_model_Hz,mode,kind,m,n,sign,expression,expected_freq_Hz,expected_corr_freq_Hz,measured_freq_Hz,freq_error_Hz,freq_error_corr_Hz,power_dBm,rel_dBc_vs_desired,noise_limited,cluster_id,cluster_size,analytic_coincidence_id,analytic_coincidence_size,measured_coincidence_id,measured_coincidence_size,measurement_scope,cluster_window_half_width_Hz,cluster_window_fallback,span_Hz,rbw_Hz,vbw_Hz,avg_sweeps,marker_mode_global,marker_mode_effective,error
0,58,59,21000000000.0,7370000000.0,21000000000.0,7370000000.0,lo+if,desired,1,1,1,1*LO + 1*IF,28370000000.0,28370000000.0,28370000000.0,0.0,0.0,-24.877768663158285,0.0,0,-1,1,-1,1,-1,1,single,0.0,0,1000.0,10.0,,10,auto,peak,
0,58,59,21000000000.0,7370000000.0,21000000000.0,7370000000.0,lo+if,spur,3,5,-1,3*LO - 5*IF,26150000000.0,26150000000.0,26150000352.6,352.5999984741211,352.5999984741211,-130.0101730766349,-105.13240441347662,1,-1,1,-1,1,-1,1,single,0.0,0,1000.0,10.0,,10,auto,peak,
0,58,59,21000000000.0,7370000000.0,21000000000.0,7370000000.0,lo+if,spur,2,2,-1,2*LO - 2*IF,27260000000.0,27260000000.0,27260000000.0,0.0,0.0,-83.49704890549583,-58.619280242337545,0,-1,1,-1,1,-1,1,single,0.0,0,1000.0,10.0,,10,auto,peak,
0,58,59,21000000000.0,7370000000.0,21000000000.0,7370000000.0,lo+if,IF_harmonic,0,4,1,0*LO + 4*IF,29480000000.0,29480000000.0,29480000320.7,320.70000076293945,320.70000076293945,-130.67594129273613,-105.79817262957783,1,-1,1,-1,1,-1,1,single,0.0,0,1000.0,10.0,,10,auto,peak,
0,58,59,21000000000.0,7370000000.0,21000000000.0,7370000000.0,lo+if,spur,3,4,-1,3*LO - 4*IF,33520000000.0,33520000000.0,33519999997.0,-3.0,-3.0,-131.51153978263036,-106.63377111947207,1,-1,1,-1,1,-1,1,single,0.0,0,1000.0,10.0,,10,auto,peak,
0,58,59,21000000000.0,7370000000.0,21000000000.0,7370000000.0,lo+if,spur,2,1,-1,2*LO - 1*IF,34630000000.0,34630000000.0,34630000000.0,0.0,0.0,-64.58072175364946,-39.70295309049117,0,-1,1,-1,1,-1,1,single,0.0,0,1000.0,10.0,,10,auto,peak,
