lo_index,if_index,point_index,lo_set_Hz,if_set_Hz,lo_model_Hz,if_model_Hz,mode,kind,m,n,sign,expression,expected_freq_Hz,expected_corr_freq_Hz,measured_freq_Hz,freq_error_Hz,freq_error_corr_Hz,power_dBm,rel_dBc_vs_desired,noise_limited,cluster_id,cluster_size,analytic_coincidence_id,analytic_coincidence_size,measured_coincidence_id,measured_coincidence_size,measurement_scope,cluster_window_half_width_Hz,cluster_window_fallback,span_Hz,rbw_Hz,vbw_Hz,avg_sweeps,marker_mode_global,marker_mode_effective,error
0,66,67,21000000000.0,7490000000.0,21000000000.0,7490000000.0,lo+if,desired,1,1,1,1*LO + 1*IF,28490000000.0,28490000000.0,28490000000.0,0.0,0.0,-25.351988164604542,0.0,0,-1,1,-1,1,-1,1,single,0.0,0,1000.0,10.0,,10,auto,peak,
0,66,67,21000000000.0,7490000000.0,21000000000.0,7490000000.0,lo+if,spur,3,5,-1,3*LO - 5*IF,25550000000.0,25550000000.0,25549999623.4,-376.5999984741211,-376.5999984741211,-131.82842788579492,-106.47643972119039,1,-1,1,-1,1,-1,1,single,0.0,0,1000.0,10.0,,10,auto,peak,
0,66,67,21000000000.0,7490000000.0,21000000000.0,7490000000.0,lo+if,spur,2,2,-1,2*LO - 2*IF,27020000000.0,27020000000.0,27020000000.0,0.0,0.0,-84.3924520895635,-59.040463924958964,0,-1,1,-1,1,-1,1,single,0.0,0,1000.0,10.0,,10,auto,peak,
0,66,67,21000000000.0,7490000000.0,21000000000.0,7490000000.0,lo+if,IF_harmonic,0,4,1,0*LO + 4*IF,29960000000.0,29960000000.0,29960000229.8,229.79999923706055,229.79999923706055,-132.46303553201597,-107.11104736741143,1,-1,1,-1,1,-1,1,single,0.0,0,1000.0,10.0,,10,auto,peak,
0,66,67,21000000000.0,7490000000.0,21000000000.0,7490000000.0,lo+if,spur,3,4,-1,3*LO - 4*IF,33040000000.0,33040000000.0,33039999678.3,-321.70000076293945,-321.70000076293945,-131.67064327097057,-106.31865510636604,1,-1,1,-1,1,-1,1,single,0.0,0,1000.0,10.0,,10,auto,peak,
0,66,67,21000000000.0,7490000000.0,21000000000.0,7490000000.0,lo+if,spur,2,1,-1,2*LO - 1*IF,34510000000.0,34510000000.0,34510000000.0,0.0,0.0,-68.06566372846311,-42.713675563858565,0,-1,1,-1,1,-1,1,single,0.0,0,1000.0,10.0,,10,auto,peak,
