lo_index,if_index,point_index,lo_set_Hz,if_set_Hz,lo_model_Hz,if_model_Hz,mode,kind,m,n,sign,expression,expected_freq_Hz,expected_corr_freq_Hz,measured_freq_Hz,freq_error_Hz,freq_error_corr_Hz,power_dBm,rel_dBc_vs_desired,noise_limited,cluster_id,cluster_size,analytic_coincidence_id,analytic_coincidence_size,measured_coincidence_id,measured_coincidence_size,measurement_scope,cluster_window_half_width_Hz,cluster_window_fallback,span_Hz,rbw_Hz,vbw_Hz,avg_sweeps,marker_mode_global,marker_mode_effective,error
0,21,22,21000000000.0,6815000000.0,21000000000.0,6815000000.0,lo+if,desired,1,1,1,1*LO + 1*IF,27815000000.0,27815000000.0,27815000000.0,0.0,0.0,-24.30270902293561,0.0,0,-1,1,-1,1,-1,1,single,0.0,0,1000.0,10.0,,10,auto,peak,
0,21,22,21000000000.0,6815000000.0,21000000000.0,6815000000.0,lo+if,IF_harmonic,0,4,1,0*LO + 4*IF,27260000000.0,27260000000.0,27260000000.0,0.0,0.0,-109.69312979539922,-85.39042077246361,0,-1,1,-1,1,-1,1,single,0.0,0,1000.0,10.0,,10,auto,peak,
0,21,22,21000000000.0,6815000000.0,21000000000.0,6815000000.0,lo+if,spur,2,2,-1,2*LO - 2*IF,28370000000.0,28370000000.0,28370000000.0,0.0,0.0,-83.24450313151614,-58.94179410858053,0,-1,1,-1,1,-1,1,single,0.0,0,1000.0,10.0,,10,auto,peak,
0,21,22,21000000000.0,6815000000.0,21000000000.0,6815000000.0,lo+if,spur,3,5,-1,3*LO - 5*IF,28925000000.0,28925000000.0,28925000273.7,273.70000076293945,273.70000076293945,-132.16251386249365,-107.85980483955805,1,-1,1,-1,1,-1,1,single,0.0,0,1000.0,10.0,,10,auto,peak,
0,21,22,21000000000.0,6815000000.0,21000000000.0,6815000000.0,lo+if,IF_harmonic,0,5,1,0*LO + 5*IF,34075000000.0,34075000000.0,34075000236.8,236.79999923706055,236.79999923706055,-130.66746943446108,-106.36476041152548,1,-1,1,-1,1,-1,1,single,0.0,0,1000.0,10.0,,10,auto,peak,
0,21,22,21000000000.0,6815000000.0,21000000000.0,6815000000.0,lo+if,spur,1,2,1,1*LO + 2*IF,34630000000.0,34630000000.0,34630000000.0,0.0,0.0,-86.35636271883335,-62.053653695897744,0,-1,1,-1,1,-1,1,single,0.0,0,1000.0,10.0,,10,auto,peak,
