lo_index,if_index,point_index,lo_set_Hz,if_set_Hz,lo_model_Hz,if_model_Hz,mode,kind,m,n,sign,expression,expected_freq_Hz,expected_corr_freq_Hz,measured_freq_Hz,freq_error_Hz,freq_error_corr_Hz,power_dBm,rel_dBc_vs_desired,noise_limited,cluster_id,cluster_size,analytic_coincidence_id,analytic_coincidence_size,measured_coincidence_id,measured_coincidence_size,measurement_scope,cluster_window_half_width_Hz,cluster_window_fallback,span_Hz,rbw_Hz,vbw_Hz,avg_sweeps,marker_mode_global,marker_mode_effective,error
0,35,36,21000000000.0,7025000000.0,21000000000.0,7025000000.0,lo+if,desired,1,1,1,1*LO + 1*IF,28025000000.0,28025000000.0,28025000000.0,0.0,0.0,-25.218259946074618,0.0,0,-1,1,-1,1,-1,1,single,0.0,0,1000.0,10.0,,10,auto,peak,
0,35,36,21000000000.0,7025000000.0,21000000000.0,7025000000.0,lo+if,spur,3,5,-1,3*LO - 5*IF,27875000000.0,27875000000.0,27874999834.2,-165.79999923706055,-165.79999923706055,-131.43586400123357,-106.21760405515894,1,-1,1,-1,1,-1,1,single,0.0,0,1000.0,10.0,,10,auto,peak,
0,35,36,21000000000.0,7025000000.0,21000000000.0,7025000000.0,lo+if,spur,2,2,-1,2*LO - 2*IF,27950000000.0,27950000000.0,27950000000.0,0.0,0.0,-84.80368357935625,-59.58542363328163,0,-1,1,-1,1,-1,1,single,0.0,0,1000.0,10.0,,10,auto,peak,
0,35,36,21000000000.0,7025000000.0,21000000000.0,7025000000.0,lo+if,IF_harmonic,0,4,1,0*LO + 4*IF,28100000000.0,28100000000.0,28100000000.0,0.0,0.0,-110.82014323514298,-85.60188328906835,0,-1,1,-1,1,-1,1,single,0.0,0,1000.0,10.0,,10,auto,peak,
0,35,36,21000000000.0,7025000000.0,21000000000.0,7025000000.0,lo+if,spur,3,4,-1,3*LO - 4*IF,34900000000.0,34900000000.0,34900000000.0,0.0,0.0,-110.17291014234459,-84.95465019626997,0,-1,1,-1,1,-1,1,single,0.0,0,1000.0,10.0,,10,auto,peak,
0,35,36,21000000000.0,7025000000.0,21000000000.0,7025000000.0,lo+if,spur,2,1,-1,2*LO - 1*IF,34975000000.0,34975000000.0,34975000000.0,0.0,0.0,-67.52898229316126,-42.310722347086646,0,-1,1,-1,1,-1,1,single,0.0,0,1000.0,10.0,,10,auto,peak,
