lo_index,if_index,point_index,lo_set_Hz,if_set_Hz,lo_model_Hz,if_model_Hz,mode,kind,m,n,sign,expression,expected_freq_Hz,expected_corr_freq_Hz,measured_freq_Hz,freq_error_Hz,freq_error_corr_Hz,power_dBm,rel_dBc_vs_desired,noise_limited,cluster_id,cluster_size,analytic_coincidence_id,analytic_coincidence_size,measured_coincidence_id,measured_coincidence_size,measurement_scope,cluster_window_half_width_Hz,cluster_window_fallback,span_Hz,rbw_Hz,vbw_Hz,avg_sweeps,marker_mode_global,marker_mode_effective,error
0,57,58,21000000000.0,7355000000.0,21000000000.0,7355000000.0,lo+if,desired,1,1,1,1*LO + 1*IF,28355000000.0,28355000000.0,28355000000.0,0.0,0.0,-24.48910138962002,0.0,0,-1,1,-1,1,-1,1,single,0.0,0,1000.0,10.0,,10,auto,peak,
0,57,58,21000000000.0,7355000000.0,21000000000.0,7355000000.0,lo+if,spur,3,5,-1,3*LO - 5*IF,26225000000.0,26225000000.0,26225000347.7,347.70000076293945,347.70000076293945,-129.51245625153246,-105.02335486191244,1,-1,1,-1,1,-1,1,single,0.0,0,1000.0,10.0,,10,auto,peak,
0,57,58,21000000000.0,7355000000.0,21000000000.0,7355000000.0,lo+if,spur,2,2,-1,2*LO - 2*IF,27290000000.0,27290000000.0,27290000000.0,0.0,0.0,-81.97716995188587,-57.48806856226585,0,-1,1,-1,1,-1,1,single,0.0,0,1000.0,10.0,,10,auto,peak,
0,57,58,21000000000.0,7355000000.0,21000000000.0,7355000000.0,lo+if,IF_harmonic,0,4,1,0*LO + 4*IF,29420000000.0,29420000000.0,29420000241.8,241.79999923706055,241.79999923706055,-130.32020726251164,-105.83110587289163,1,-1,1,-1,1,-1,1,single,0.0,0,1000.0,10.0,,10,auto,peak,
0,57,58,21000000000.0,7355000000.0,21000000000.0,7355000000.0,lo+if,spur,3,4,-1,3*LO - 4*IF,33580000000.0,33580000000.0,33580000252.7,252.70000076293945,252.70000076293945,-131.6226095095771,-107.13350811995709,1,-1,1,-1,1,-1,1,single,0.0,0,1000.0,10.0,,10,auto,peak,
0,57,58,21000000000.0,7355000000.0,21000000000.0,7355000000.0,lo+if,spur,2,1,-1,2*LO - 1*IF,34645000000.0,34645000000.0,34645000000.0,0.0,0.0,-64.33030664817186,-39.84120525855184,0,-1,1,-1,1,-1,1,single,0.0,0,1000.0,10.0,,10,auto,peak,
