lo_index,if_index,point_index,lo_set_Hz,if_set_Hz,lo_model_Hz,if_model_Hz,mode,kind,m,n,sign,expression,expected_freq_Hz,expected_corr_freq_Hz,measured_freq_Hz,freq_error_Hz,freq_error_corr_Hz,power_dBm,rel_dBc_vs_desired,noise_limited,cluster_id,cluster_size,analytic_coincidence_id,analytic_coincidence_size,measured_coincidence_id,measured_coincidence_size,measurement_scope,cluster_window_half_width_Hz,cluster_window_fallback,span_Hz,rbw_Hz,vbw_Hz,avg_sweeps,marker_mode_global,marker_mode_effective,error
0,27,28,21000000000.0,6905000000.0,21000000000.0,6905000000.0,lo+if,desired,1,1,1,1*LO + 1*IF,27905000000.0,27905000000.0,27905000000.0,0.0,0.0,-24.681045619706694,0.0,0,-1,1,-1,1,-1,1,single,0.0,0,1000.0,10.0,,10,auto,peak,
0,27,28,21000000000.0,6905000000.0,21000000000.0,6905000000.0,lo+if,IF_harmonic,0,4,1,0*LO + 4*IF,27620000000.0,27620000000.0,27620000000.0,0.0,0.0,-114.34953379485293,-89.66848817514624,0,-1,1,-1,1,-1,1,single,0.0,0,1000.0,10.0,,10,auto,peak,
0,27,28,21000000000.0,6905000000.0,21000000000.0,6905000000.0,lo+if,spur,2,2,-1,2*LO - 2*IF,28190000000.0,28190000000.0,28190000000.0,0.0,0.0,-84.9552706799365,-60.27422506022981,0,-1,1,-1,1,-1,1,single,0.0,0,1000.0,10.0,,10,auto,peak,
0,27,28,21000000000.0,6905000000.0,21000000000.0,6905000000.0,lo+if,spur,3,5,-1,3*LO - 5*IF,28475000000.0,28475000000.0,28475000212.8,212.79999923706055,212.79999923706055,-130.97350936220573,-106.29246374249904,1,-1,1,-1,1,-1,1,single,0.0,0,1000.0,10.0,,10,auto,peak,
0,27,28,21000000000.0,6905000000.0,21000000000.0,6905000000.0,lo+if,IF_harmonic,0,5,1,0*LO + 5*IF,34525000000.0,34525000000.0,34524999517.5,-482.5,-482.5,-129.43669513406854,-104.75564951436185,1,-1,1,-1,1,-1,1,single,0.0,0,1000.0,10.0,,10,auto,peak,
0,27,28,21000000000.0,6905000000.0,21000000000.0,6905000000.0,lo+if,spur,1,2,1,1*LO + 2*IF,34810000000.0,34810000000.0,34810000000.0,0.0,0.0,-86.23733785550715,-61.556292235800456,0,-1,1,-1,1,-1,1,single,0.0,0,1000.0,10.0,,10,auto,peak,
