lo_index,if_index,point_index,lo_set_Hz,if_set_Hz,lo_model_Hz,if_model_Hz,mode,kind,m,n,sign,expression,expected_freq_Hz,expected_corr_freq_Hz,measured_freq_Hz,freq_error_Hz,freq_error_corr_Hz,power_dBm,rel_dBc_vs_desired,noise_limited,cluster_id,cluster_size,analytic_coincidence_id,analytic_coincidence_size,measured_coincidence_id,measured_coincidence_size,measurement_scope,cluster_window_half_width_Hz,cluster_window_fallback,span_Hz,rbw_Hz,vbw_Hz,avg_sweeps,marker_mode_global,marker_mode_effective,error
0,48,49,21000000000.0,7220000000.0,21000000000.0,7220000000.0,lo+if,desired,1,1,1,1*LO + 1*IF,28220000000.0,28220000000.0,28220000000.0,0.0,0.0,-25.127919905626356,0.0,0,-1,1,-1,1,-1,1,single,0.0,0,1000.0,10.0,,10,auto,peak,
0,48,49,21000000000.0,7220000000.0,21000000000.0,7220000000.0,lo+if,spur,3,5,-1,3*LO - 5*IF,26900000000.0,26900000000.0,26899999965.0,-35.0,-35.0,-131.1266043759098,-105.99868447028345,1,-1,1,-1,1,-1,1,single,0.0,0,1000.0,10.0,,10,auto,peak,
0,48,49,21000000000.0,7220000000.0,21000000000.0,7220000000.0,lo+if,spur,2,2,-1,2*LO - 2*IF,27560000000.0,27560000000.0,27560000000.0,0.0,0.0,-83.1313276710187,-58.00340776539234,0,-1,1,-1,1,-1,1,single,0.0,0,1000.0,10.0,,10,auto,peak,
0,48,49,21000000000.0,7220000000.0,21000000000.0,7220000000.0,lo+if,IF_harmonic,0,4,1,0*LO + 4*IF,28880000000.0,28880000000.0,28880000000.0,0.0,0.0,-131.8461639265961,-106.71824402096973,1,-1,1,-1,1,-1,1,single,0.0,0,1000.0,10.0,,10,auto,peak,
0,48,49,21000000000.0,7220000000.0,21000000000.0,7220000000.0,lo+if,spur,3,4,-1,3*LO - 4*IF,34120000000.0,34120000000.0,34120000244.8,244.79999923706055,244.79999923706055,-130.18675753998806,-105.05883763436171,1,-1,1,-1,1,-1,1,single,0.0,0,1000.0,10.0,,10,auto,peak,
0,48,49,21000000000.0,7220000000.0,21000000000.0,7220000000.0,lo+if,spur,2,1,-1,2*LO - 1*IF,34780000000.0,34780000000.0,34780000000.0,0.0,0.0,-64.47456448175433,-39.34664457612797,0,-1,1,-1,1,-1,1,single,0.0,0,1000.0,10.0,,10,auto,peak,
