lo_index,if_index,point_index,lo_set_Hz,if_set_Hz,lo_model_Hz,if_model_Hz,mode,kind,m,n,sign,expression,expected_freq_Hz,expected_corr_freq_Hz,measured_freq_Hz,freq_error_Hz,freq_error_corr_Hz,power_dBm,rel_dBc_vs_desired,noise_limited,cluster_id,cluster_size,analytic_coincidence_id,analytic_coincidence_size,measured_coincidence_id,measured_coincidence_size,measurement_scope,cluster_window_half_width_Hz,cluster_window_fallback,span_Hz,rbw_Hz,vbw_Hz,avg_sweeps,marker_mode_global,marker_mode_effective,error
0,34,35,21000000000.0,7010000000.0,21000000000.0,7010000000.0,lo+if,desired,1,1,1,1*LO + 1*IF,28010000000.0,28010000000.0,28010000000.0,0.0,0.0,-25.26651384200082,0.0,0,-1,1,-1,1,-1,1,single,0.0,0,1000.0,10.0,,10,auto,peak,
0,34,35,21000000000.0,7010000000.0,21000000000.0,7010000000.0,lo+if,spur,3,5,-1,3*LO - 5*IF,27950000000.0,27950000000.0,27950000041.0,41.0,41.0,-131.22611768463184,-105.95960384263103,1,-1,1,-1,1,-1,1,single,0.0,0,1000.0,10.0,,10,auto,peak,
0,34,35,21000000000.0,7010000000.0,21000000000.0,7010000000.0,lo+if,spur,2,2,-1,2*LO - 2*IF,27980000000.0,27980000000.0,27980000000.0,0.0,0.0,-85.04361877289234,-59.777104930891525,0,-1,1,-1,1,-1,1,single,0.0,0,1000.0,10.0,,10,auto,peak,
0,34,35,21000000000.0,7010000000.0,21000000000.0,7010000000.0,lo+if,IF_harmonic,0,4,1,0*LO + 4*IF,28040000000.0,28040000000.0,28040000000.0,0.0,0.0,-110.60149774262825,-85.33498390062744,0,-1,1,-1,1,-1,1,single,0.0,0,1000.0,10.0,,10,auto,peak,
0,34,35,21000000000.0,7010000000.0,21000000000.0,7010000000.0,lo+if,spur,3,4,-1,3*LO - 4*IF,34960000000.0,34960000000.0,34960000000.0,0.0,0.0,-109.93257373462131,-84.6660598926205,0,-1,1,-1,1,-1,1,single,0.0,0,1000.0,10.0,,10,auto,peak,
0,34,35,21000000000.0,7010000000.0,21000000000.0,7010000000.0,lo+if,spur,2,1,-1,2*LO - 1*IF,34990000000.0,34990000000.0,34990000000.0,0.0,0.0,-64.86646323365156,-39.59994939165074,0,-1,1,-1,1,-1,1,single,0.0,0,1000.0,10.0,,10,auto,peak,
