lo_index,if_index,point_index,lo_set_Hz,if_set_Hz,lo_model_Hz,if_model_Hz,mode,kind,m,n,sign,expression,expected_freq_Hz,expected_corr_freq_Hz,measured_freq_Hz,freq_error_Hz,freq_error_corr_Hz,power_dBm,rel_dBc_vs_desired,noise_limited,cluster_id,cluster_size,analytic_coincidence_id,analytic_coincidence_size,measured_coincidence_id,measured_coincidence_size,measurement_scope,cluster_window_half_width_Hz,cluster_window_fallback,span_Hz,rbw_Hz,vbw_Hz,avg_sweeps,marker_mode_global,marker_mode_effective,error
0,42,43,21000000000.0,7130000000.0,21000000000.0,7130000000.0,lo+if,desired,1,1,1,1*LO + 1*IF,28130000000.0,28130000000.0,28130000000.0,0.0,0.0,-24.863126901334297,0.0,0,-1,1,-1,1,-1,1,single,0.0,0,1000.0,10.0,,10,auto,peak,
0,42,43,21000000000.0,7130000000.0,21000000000.0,7130000000.0,lo+if,spur,3,5,-1,3*LO - 5*IF,27350000000.0,27350000000.0,27349999673.3,-326.70000076293945,-326.70000076293945,-131.4801410962975,-106.6170141949632,1,-1,1,-1,1,-1,1,single,0.0,0,1000.0,10.0,,10,auto,peak,
0,42,43,21000000000.0,7130000000.0,21000000000.0,7130000000.0,lo+if,spur,2,2,-1,2*LO - 2*IF,27740000000.0,27740000000.0,27740000000.0,0.0,0.0,-82.96557588760933,-58.102448986275036,0,-1,1,-1,1,-1,1,single,0.0,0,1000.0,10.0,,10,auto,peak,
0,42,43,21000000000.0,7130000000.0,21000000000.0,7130000000.0,lo+if,IF_harmonic,0,4,1,0*LO + 4*IF,28520000000.0,28520000000.0,28520000380.6,380.5999984741211,380.5999984741211,-130.84806532339255,-105.98493842205825,1,-1,1,-1,1,-1,1,single,0.0,0,1000.0,10.0,,10,auto,peak,
0,42,43,21000000000.0,7130000000.0,21000000000.0,7130000000.0,lo+if,spur,3,4,-1,3*LO - 4*IF,34480000000.0,34480000000.0,34480000128.9,128.9000015258789,128.9000015258789,-127.84837141157885,-102.98524451024456,1,-1,1,-1,1,-1,1,single,0.0,0,1000.0,10.0,,10,auto,peak,
0,42,43,21000000000.0,7130000000.0,21000000000.0,7130000000.0,lo+if,spur,2,1,-1,2*LO - 1*IF,34870000000.0,34870000000.0,34870000000.0,0.0,0.0,-67.27898791524639,-42.41586101391209,0,-1,1,-1,1,-1,1,single,0.0,0,1000.0,10.0,,10,auto,peak,
