lo_index,if_index,point_index,lo_set_Hz,if_set_Hz,lo_model_Hz,if_model_Hz,mode,kind,m,n,sign,expression,expected_freq_Hz,expected_corr_freq_Hz,measured_freq_Hz,freq_error_Hz,freq_error_corr_Hz,power_dBm,rel_dBc_vs_desired,noise_limited,cluster_id,cluster_size,analytic_coincidence_id,analytic_coincidence_size,measured_coincidence_id,measured_coincidence_size,measurement_scope,cluster_window_half_width_Hz,cluster_window_fallback,span_Hz,rbw_Hz,vbw_Hz,avg_sweeps,marker_mode_global,marker_mode_effective,error
0,67,68,21000000000.0,7505000000.0,21000000000.0,7505000000.0,lo+if,desired,1,1,1,1*LO + 1*IF,28505000000.0,28505000000.0,28505000000.0,0.0,0.0,-25.39583885465044,0.0,0,-1,1,-1,1,-1,1,single,0.0,0,1000.0,10.0,,10,auto,peak,
0,67,68,21000000000.0,7505000000.0,21000000000.0,7505000000.0,lo+if,spur,3,5,-1,3*LO - 5*IF,25475000000.0,25475000000.0,25475000134.9,134.9000015258789,134.9000015258789,-131.09337673845613,-105.6975378838057,1,-1,1,-1,1,-1,1,single,0.0,0,1000.0,10.0,,10,auto,peak,
0,67,68,21000000000.0,7505000000.0,21000000000.0,7505000000.0,lo+if,spur,2,2,-1,2*LO - 2*IF,26990000000.0,26990000000.0,26990000000.0,0.0,0.0,-85.30632855260954,-59.91048969795911,0,-1,1,-1,1,-1,1,single,0.0,0,1000.0,10.0,,10,auto,peak,
0,67,68,21000000000.0,7505000000.0,21000000000.0,7505000000.0,lo+if,IF_harmonic,0,4,1,0*LO + 4*IF,30020000000.0,30020000000.0,30019999763.2,-236.79999923706055,-236.79999923706055,-132.63972818567999,-107.24388933102955,1,-1,1,-1,1,-1,1,single,0.0,0,1000.0,10.0,,10,auto,peak,
0,67,68,21000000000.0,7505000000.0,21000000000.0,7505000000.0,lo+if,spur,3,4,-1,3*LO - 4*IF,32980000000.0,32980000000.0,32980000300.7,300.70000076293945,300.70000076293945,-132.2228750968431,-106.82703624219266,1,-1,1,-1,1,-1,1,single,0.0,0,1000.0,10.0,,10,auto,peak,
0,67,68,21000000000.0,7505000000.0,21000000000.0,7505000000.0,lo+if,spur,2,1,-1,2*LO - 1*IF,34495000000.0,34495000000.0,34495000000.0,0.0,0.0,-69.37570231983398,-43.97986346518354,0,-1,1,-1,1,-1,1,single,0.0,0,1000.0,10.0,,10,auto,peak,
