lo_index,if_index,point_index,lo_set_Hz,if_set_Hz,lo_model_Hz,if_model_Hz,mode,kind,m,n,sign,expression,expected_freq_Hz,expected_corr_freq_Hz,measured_freq_Hz,freq_error_Hz,freq_error_corr_Hz,power_dBm,rel_dBc_vs_desired,noise_limited,cluster_id,cluster_size,analytic_coincidence_id,analytic_coincidence_size,measured_coincidence_id,measured_coincidence_size,measurement_scope,cluster_window_half_width_Hz,cluster_window_fallback,span_Hz,rbw_Hz,vbw_Hz,avg_sweeps,marker_mode_global,marker_mode_effective,error
0,31,32,21000000000.0,6965000000.0,21000000000.0,6965000000.0,lo+if,desired,1,1,1,1*LO + 1*IF,27965000000.0,27965000000.0,27965000000.0,0.0,0.0,-24.843557155667554,0.0,0,-1,1,-1,1,-1,1,single,0.0,0,1000.0,10.0,,10,auto,peak,
0,31,32,21000000000.0,6965000000.0,21000000000.0,6965000000.0,lo+if,IF_harmonic,0,4,1,0*LO + 4*IF,27860000000.0,27860000000.0,27860000000.0,0.0,0.0,-113.56352096639519,-88.71996381072763,0,-1,1,-1,1,-1,1,single,0.0,0,1000.0,10.0,,10,auto,peak,
0,31,32,21000000000.0,6965000000.0,21000000000.0,6965000000.0,lo+if,spur,2,2,-1,2*LO - 2*IF,28070000000.0,28070000000.0,28070000000.0,0.0,0.0,-83.71324080754286,-58.869683651875306,0,-1,1,-1,1,-1,1,single,0.0,0,1000.0,10.0,,10,auto,peak,
0,31,32,21000000000.0,6965000000.0,21000000000.0,6965000000.0,lo+if,spur,3,5,-1,3*LO - 5*IF,28175000000.0,28175000000.0,28175000369.6,369.5999984741211,369.5999984741211,-129.93042994474555,-105.086872789078,1,-1,1,-1,1,-1,1,single,0.0,0,1000.0,10.0,,10,auto,peak,
0,31,32,21000000000.0,6965000000.0,21000000000.0,6965000000.0,lo+if,IF_harmonic,0,5,1,0*LO + 5*IF,34825000000.0,34825000000.0,34824999510.5,-489.5,-489.5,-129.02609424272922,-104.18253708706166,1,-1,1,-1,1,-1,1,single,0.0,0,1000.0,10.0,,10,auto,peak,
0,31,32,21000000000.0,6965000000.0,21000000000.0,6965000000.0,lo+if,spur,1,2,1,1*LO + 2*IF,34930000000.0,34930000000.0,34930000000.0,0.0,0.0,-86.57492514882512,-61.73136799315756,0,-1,1,-1,1,-1,1,single,0.0,0,1000.0,10.0,,10,auto,peak,
