lo_index,if_index,point_index,lo_set_Hz,if_set_Hz,lo_model_Hz,if_model_Hz,mode,kind,m,n,sign,expression,expected_freq_Hz,expected_corr_freq_Hz,measured_freq_Hz,freq_error_Hz,freq_error_corr_Hz,power_dBm,rel_dBc_vs_desired,noise_limited,cluster_id,cluster_size,analytic_coincidence_id,analytic_coincidence_size,measured_coincidence_id,measured_coincidence_size,measurement_scope,cluster_window_half_width_Hz,cluster_window_fallback,span_Hz,rbw_Hz,vbw_Hz,avg_sweeps,marker_mode_global,marker_mode_effective,error
0,37,38,21000000000.0,7055000000.0,21000000000.0,7055000000.0,lo+if,desired,1,1,1,1*LO + 1*IF,28055000000.0,28055000000.0,28055000000.0,0.0,0.0,-24.664545059955504,0.0,0,-1,1,-1,1,-1,1,single,0.0,0,1000.0,10.0,,10,auto,peak,
0,37,38,21000000000.0,7055000000.0,21000000000.0,7055000000.0,lo+if,spur,3,5,-1,3*LO - 5*IF,27725000000.0,27725000000.0,27725000203.8,203.79999923706055,203.79999923706055,-131.59105888432615,-106.92651382437064,1,-1,1,-1,1,-1,1,single,0.0,0,1000.0,10.0,,10,auto,peak,
0,37,38,21000000000.0,7055000000.0,21000000000.0,7055000000.0,lo+if,spur,2,2,-1,2*LO - 2*IF,27890000000.0,27890000000.0,27890000000.0,0.0,0.0,-82.3453818650004,-57.680836805044905,0,-1,1,-1,1,-1,1,single,0.0,0,1000.0,10.0,,10,auto,peak,
0,37,38,21000000000.0,7055000000.0,21000000000.0,7055000000.0,lo+if,IF_harmonic,0,4,1,0*LO + 4*IF,28220000000.0,28220000000.0,28220000000.0,0.0,0.0,-113.97010050495021,-89.30555544499471,0,-1,1,-1,1,-1,1,single,0.0,0,1000.0,10.0,,10,auto,peak,
0,37,38,21000000000.0,7055000000.0,21000000000.0,7055000000.0,lo+if,spur,3,4,-1,3*LO - 4*IF,34780000000.0,34780000000.0,34780000000.0,0.0,0.0,-112.52968106143173,-87.86513600147623,0,-1,1,-1,1,-1,1,single,0.0,0,1000.0,10.0,,10,auto,peak,
0,37,38,21000000000.0,7055000000.0,21000000000.0,7055000000.0,lo+if,spur,2,1,-1,2*LO - 1*IF,34945000000.0,34945000000.0,34945000000.0,0.0,0.0,-82.05954823983014,-57.395003179874635,0,-1,1,-1,1,-1,1,single,0.0,0,1000.0,10.0,,10,auto,peak,
