lo_index,if_index,point_index,lo_set_Hz,if_set_Hz,lo_model_Hz,if_model_Hz,mode,kind,m,n,sign,expression,expected_freq_Hz,expected_corr_freq_Hz,measured_freq_Hz,freq_error_Hz,freq_error_corr_Hz,power_dBm,rel_dBc_vs_desired,noise_limited,cluster_id,cluster_size,analytic_coincidence_id,analytic_coincidence_size,measured_coincidence_id,measured_coincidence_size,measurement_scope,cluster_window_half_width_Hz,cluster_window_fallback,span_Hz,rbw_Hz,vbw_Hz,avg_sweeps,marker_mode_global,marker_mode_effective,error
0,6,7,21000000000.0,6590000000.0,21000000000.0,6590000000.0,lo+if,desired,1,1,1,1*LO + 1*IF,27590000000.0,27590000000.0,27590000000.0,0.0,0.0,-24.0791679061548,0.0,0,-1,1,-1,1,-1,1,single,0.0,0,1000.0,10.0,,10,auto,peak,
0,6,7,21000000000.0,6590000000.0,21000000000.0,6590000000.0,lo+if,IF_harmonic,0,4,1,0*LO + 4*IF,26360000000.0,26360000000.0,26360000000.0,0.0,0.0,-120.90515862088579,-96.82599071473098,1,-1,1,-1,1,-1,1,single,0.0,0,1000.0,10.0,,10,auto,peak,
0,6,7,21000000000.0,6590000000.0,21000000000.0,6590000000.0,lo+if,spur,2,2,-1,2*LO - 2*IF,28820000000.0,28820000000.0,28820000000.0,0.0,0.0,-83.3689660265284,-59.2897981203736,0,-1,1,-1,1,-1,1,single,0.0,0,1000.0,10.0,,10,auto,peak,
0,6,7,21000000000.0,6590000000.0,21000000000.0,6590000000.0,lo+if,spur,3,5,-1,3*LO - 5*IF,30050000000.0,30050000000.0,30049999976.0,-24.0,-24.0,-132.100846436694,-108.02167853053922,1,-1,1,-1,1,-1,1,single,0.0,0,1000.0,10.0,,10,auto,peak,
0,6,7,21000000000.0,6590000000.0,21000000000.0,6590000000.0,lo+if,IF_harmonic,0,5,1,0*LO + 5*IF,32950000000.0,32950000000.0,32950000320.7,320.70000076293945,320.70000076293945,-132.24463761900307,-108.16546971284828,1,-1,1,-1,1,-1,1,single,0.0,0,1000.0,10.0,,10,auto,peak,
0,6,7,21000000000.0,6590000000.0,21000000000.0,6590000000.0,lo+if,spur,1,2,1,1*LO + 2*IF,34180000000.0,34180000000.0,34180000000.0,0.0,0.0,-85.46659283464646,-61.38742492849166,0,-1,1,-1,1,-1,1,single,0.0,0,1000.0,10.0,,10,auto,peak,
