lo_index,if_index,point_index,lo_set_Hz,if_set_Hz,lo_model_Hz,if_model_Hz,mode,kind,m,n,sign,expression,expected_freq_Hz,expected_corr_freq_Hz,measured_freq_Hz,freq_error_Hz,freq_error_corr_Hz,power_dBm,rel_dBc_vs_desired,noise_limited,cluster_id,cluster_size,analytic_coincidence_id,analytic_coincidence_size,measured_coincidence_id,measured_coincidence_size,measurement_scope,cluster_window_half_width_Hz,cluster_window_fallback,span_Hz,rbw_Hz,vbw_Hz,avg_sweeps,marker_mode_global,marker_mode_effective,error
0,9,10,21000000000.0,6635000000.0,21000000000.0,6635000000.0,lo+if,desired,1,1,1,1*LO + 1*IF,27635000000.0,27635000000.0,27635000000.0,0.0,0.0,-23.852042991643806,0.0,0,-1,1,-1,1,-1,1,single,0.0,0,1000.0,10.0,,10,auto,peak,
0,9,10,21000000000.0,6635000000.0,21000000000.0,6635000000.0,lo+if,IF_harmonic,0,4,1,0*LO + 4*IF,26540000000.0,26540000000.0,26540000000.0,0.0,0.0,-124.34790161677994,-100.49585862513612,1,-1,1,-1,1,-1,1,single,0.0,0,1000.0,10.0,,10,auto,peak,
0,9,10,21000000000.0,6635000000.0,21000000000.0,6635000000.0,lo+if,spur,2,2,-1,2*LO - 2*IF,28730000000.0,28730000000.0,28730000000.0,0.0,0.0,-82.97748776319148,-59.12544477154767,0,-1,1,-1,1,-1,1,single,0.0,0,1000.0,10.0,,10,auto,peak,
0,9,10,21000000000.0,6635000000.0,21000000000.0,6635000000.0,lo+if,spur,3,5,-1,3*LO - 5*IF,29825000000.0,29825000000.0,29824999694.3,-305.70000076293945,-305.70000076293945,-132.6274534962664,-108.77541050462261,1,-1,1,-1,1,-1,1,single,0.0,0,1000.0,10.0,,10,auto,peak,
0,9,10,21000000000.0,6635000000.0,21000000000.0,6635000000.0,lo+if,IF_harmonic,0,5,1,0*LO + 5*IF,33175000000.0,33175000000.0,33175000399.6,399.5999984741211,399.5999984741211,-132.29235431051094,-108.44031131886715,1,-1,1,-1,1,-1,1,single,0.0,0,1000.0,10.0,,10,auto,peak,
0,9,10,21000000000.0,6635000000.0,21000000000.0,6635000000.0,lo+if,spur,1,2,1,1*LO + 2*IF,34270000000.0,34270000000.0,34270000000.0,0.0,0.0,-83.72251559757729,-59.87047260593348,0,-1,1,-1,1,-1,1,single,0.0,0,1000.0,10.0,,10,auto,peak,
