lo_index,if_index,point_index,lo_set_Hz,if_set_Hz,lo_model_Hz,if_model_Hz,mode,kind,m,n,sign,expression,expected_freq_Hz,expected_corr_freq_Hz,measured_freq_Hz,freq_error_Hz,freq_error_corr_Hz,power_dBm,rel_dBc_vs_desired,noise_limited,cluster_id,cluster_size,analytic_coincidence_id,analytic_coincidence_size,measured_coincidence_id,measured_coincidence_size,measurement_scope,cluster_window_half_width_Hz,cluster_window_fallback,span_Hz,rbw_Hz,vbw_Hz,avg_sweeps,marker_mode_global,marker_mode_effective,error
0,63,64,21000000000.0,7445000000.0,21000000000.0,7445000000.0,lo+if,desired,1,1,1,1*LO + 1*IF,28445000000.0,28445000000.0,28445000000.0,0.0,0.0,-25.22469351699874,0.0,0,-1,1,-1,1,-1,1,single,0.0,0,1000.0,10.0,,10,auto,peak,
0,63,64,21000000000.0,7445000000.0,21000000000.0,7445000000.0,lo+if,spur,3,5,-1,3*LO - 5*IF,25775000000.0,25775000000.0,25774999886.1,-113.9000015258789,-113.9000015258789,-130.51661035033518,-105.29191683333644,1,-1,1,-1,1,-1,1,single,0.0,0,1000.0,10.0,,10,auto,peak,
0,63,64,21000000000.0,7445000000.0,21000000000.0,7445000000.0,lo+if,spur,2,2,-1,2*LO - 2*IF,27110000000.0,27110000000.0,27110000000.0,0.0,0.0,-83.45695500224217,-58.23226148524343,0,-1,1,-1,1,-1,1,single,0.0,0,1000.0,10.0,,10,auto,peak,
0,63,64,21000000000.0,7445000000.0,21000000000.0,7445000000.0,lo+if,IF_harmonic,0,4,1,0*LO + 4*IF,29780000000.0,29780000000.0,29779999829.2,-170.79999923706055,-170.79999923706055,-132.2546946093717,-107.03000109237297,1,-1,1,-1,1,-1,1,single,0.0,0,1000.0,10.0,,10,auto,peak,
0,63,64,21000000000.0,7445000000.0,21000000000.0,7445000000.0,lo+if,spur,3,4,-1,3*LO - 4*IF,33220000000.0,33220000000.0,33220000073.9,73.9000015258789,73.9000015258789,-130.8915282743307,-105.66683475733197,1,-1,1,-1,1,-1,1,single,0.0,0,1000.0,10.0,,10,auto,peak,
0,63,64,21000000000.0,7445000000.0,21000000000.0,7445000000.0,lo+if,spur,2,1,-1,2*LO - 1*IF,34555000000.0,34555000000.0,34555000000.0,0.0,0.0,-75.78371425384464,-50.559020736845895,0,-1,1,-1,1,-1,1,single,0.0,0,1000.0,10.0,,10,auto,peak,
