lo_index,if_index,point_index,lo_set_Hz,if_set_Hz,lo_model_Hz,if_model_Hz,mode,kind,m,n,sign,expression,expected_freq_Hz,expected_corr_freq_Hz,measured_freq_Hz,freq_error_Hz,freq_error_corr_Hz,power_dBm,rel_dBc_vs_desired,noise_limited,cluster_id,cluster_size,analytic_coincidence_id,analytic_coincidence_size,measured_coincidence_id,measured_coincidence_size,measurement_scope,cluster_window_half_width_Hz,cluster_window_fallback,span_Hz,rbw_Hz,vbw_Hz,avg_sweeps,marker_mode_global,marker_mode_effective,error
0,47,48,21000000000.0,7205000000.0,21000000000.0,7205000000.0,lo+if,desired,1,1,1,1*LO + 1*IF,28205000000.0,28205000000.0,28205000000.0,0.0,0.0,-25.26374291792503,0.0,0,-1,1,-1,1,-1,1,single,0.0,0,1000.0,10.0,,10,auto,peak,
0,47,48,21000000000.0,7205000000.0,21000000000.0,7205000000.0,lo+if,spur,3,5,-1,3*LO - 5*IF,26975000000.0,26975000000.0,26974999900.1,-99.9000015258789,-99.9000015258789,-130.16236130093662,-104.8986183830116,1,-1,1,-1,1,-1,1,single,0.0,0,1000.0,10.0,,10,auto,peak,
0,47,48,21000000000.0,7205000000.0,21000000000.0,7205000000.0,lo+if,spur,2,2,-1,2*LO - 2*IF,27590000000.0,27590000000.0,27590000000.0,0.0,0.0,-83.17990415822358,-57.91616124029855,0,-1,1,-1,1,-1,1,single,0.0,0,1000.0,10.0,,10,auto,peak,
0,47,48,21000000000.0,7205000000.0,21000000000.0,7205000000.0,lo+if,IF_harmonic,0,4,1,0*LO + 4*IF,28820000000.0,28820000000.0,28819999615.4,-384.5999984741211,-384.5999984741211,-131.46955795374095,-106.20581503581592,1,-1,1,-1,1,-1,1,single,0.0,0,1000.0,10.0,,10,auto,peak,
0,47,48,21000000000.0,7205000000.0,21000000000.0,7205000000.0,lo+if,spur,3,4,-1,3*LO - 4*IF,34180000000.0,34180000000.0,34179999995.0,-5.0,-5.0,-130.23238329825696,-104.96864038033193,1,-1,1,-1,1,-1,1,single,0.0,0,1000.0,10.0,,10,auto,peak,
0,47,48,21000000000.0,7205000000.0,21000000000.0,7205000000.0,lo+if,spur,2,1,-1,2*LO - 1*IF,34795000000.0,34795000000.0,34795000000.0,0.0,0.0,-66.53623573759607,-41.272492819671044,0,-1,1,-1,1,-1,1,single,0.0,0,1000.0,10.0,,10,auto,peak,
