lo_index,if_index,point_index,lo_set_Hz,if_set_Hz,lo_model_Hz,if_model_Hz,mode,kind,m,n,sign,expression,expected_freq_Hz,expected_corr_freq_Hz,measured_freq_Hz,freq_error_Hz,freq_error_corr_Hz,power_dBm,rel_dBc_vs_desired,noise_limited,cluster_id,cluster_size,analytic_coincidence_id,analytic_coincidence_size,measured_coincidence_id,measured_coincidence_size,measurement_scope,cluster_window_half_width_Hz,cluster_window_fallback,span_Hz,rbw_Hz,vbw_Hz,avg_sweeps,marker_mode_global,marker_mode_effective,error
0,51,52,21000000000.0,7265000000.0,21000000000.0,7265000000.0,lo+if,desired,1,1,1,1*LO + 1*IF,28265000000.0,28265000000.0,28265000000.0,0.0,0.0,-25.116064018335212,0.0,0,-1,1,-1,1,-1,1,single,0.0,0,1000.0,10.0,,10,auto,peak,
0,51,52,21000000000.0,7265000000.0,21000000000.0,7265000000.0,lo+if,spur,3,5,-1,3*LO - 5*IF,26675000000.0,26675000000.0,26674999523.5,-476.5,-476.5,-131.13678397411195,-106.02071995577674,1,-1,1,-1,1,-1,1,single,0.0,0,1000.0,10.0,,10,auto,peak,
0,51,52,21000000000.0,7265000000.0,21000000000.0,7265000000.0,lo+if,spur,2,2,-1,2*LO - 2*IF,27470000000.0,27470000000.0,27470000000.0,0.0,0.0,-85.12752683837198,-60.01146282003677,0,-1,1,-1,1,-1,1,single,0.0,0,1000.0,10.0,,10,auto,peak,
0,51,52,21000000000.0,7265000000.0,21000000000.0,7265000000.0,lo+if,IF_harmonic,0,4,1,0*LO + 4*IF,29060000000.0,29060000000.0,29059999692.3,-307.70000076293945,-307.70000076293945,-132.36539101102707,-107.24932699269186,1,-1,1,-1,1,-1,1,single,0.0,0,1000.0,10.0,,10,auto,peak,
0,51,52,21000000000.0,7265000000.0,21000000000.0,7265000000.0,lo+if,spur,3,4,-1,3*LO - 4*IF,33940000000.0,33940000000.0,33939999714.3,-285.70000076293945,-285.70000076293945,-131.02316317071956,-105.90709915238435,1,-1,1,-1,1,-1,1,single,0.0,0,1000.0,10.0,,10,auto,peak,
0,51,52,21000000000.0,7265000000.0,21000000000.0,7265000000.0,lo+if,spur,2,1,-1,2*LO - 1*IF,34735000000.0,34735000000.0,34735000000.0,0.0,0.0,-66.01998289501435,-40.90391887667914,0,-1,1,-1,1,-1,1,single,0.0,0,1000.0,10.0,,10,auto,peak,
