lo_index,if_index,point_index,lo_set_Hz,if_set_Hz,lo_model_Hz,if_model_Hz,mode,kind,m,n,sign,expression,expected_freq_Hz,expected_corr_freq_Hz,measured_freq_Hz,freq_error_Hz,freq_error_corr_Hz,power_dBm,rel_dBc_vs_desired,noise_limited,cluster_id,cluster_size,analytic_coincidence_id,analytic_coincidence_size,measured_coincidence_id,measured_coincidence_size,measurement_scope,cluster_window_half_width_Hz,cluster_window_fallback,span_Hz,rbw_Hz,vbw_Hz,avg_sweeps,marker_mode_global,marker_mode_effective,error
0,71,72,21000000000.0,7565000000.0,21000000000.0,7565000000.0,lo+if,desired,1,1,1,1*LO + 1*IF,28565000000.0,28565000000.0,28565000000.0,0.0,0.0,-24.02848740104785,0.0,0,-1,1,-1,1,-1,1,single,0.0,0,1000.0,10.0,,10,auto,peak,
0,71,72,21000000000.0,7565000000.0,21000000000.0,7565000000.0,lo+if,spur,3,5,-1,3*LO - 5*IF,25175000000.0,25175000000.0,25174999885.1,-114.9000015258789,-114.9000015258789,-129.96749986781492,-105.93901246676707,1,-1,1,-1,1,-1,1,single,0.0,0,1000.0,10.0,,10,auto,peak,
0,71,72,21000000000.0,7565000000.0,21000000000.0,7565000000.0,lo+if,spur,2,2,-1,2*LO - 2*IF,26870000000.0,26870000000.0,26870000000.0,0.0,0.0,-81.73373056726967,-57.70524316622182,0,-1,1,-1,1,-1,1,single,0.0,0,1000.0,10.0,,10,auto,peak,
0,71,72,21000000000.0,7565000000.0,21000000000.0,7565000000.0,lo+if,IF_harmonic,0,4,1,0*LO + 4*IF,30260000000.0,30260000000.0,30260000069.9,69.9000015258789,69.9000015258789,-130.9270213209665,-106.89853391991865,1,-1,1,-1,1,-1,1,single,0.0,0,1000.0,10.0,,10,auto,peak,
0,71,72,21000000000.0,7565000000.0,21000000000.0,7565000000.0,lo+if,spur,3,4,-1,3*LO - 4*IF,32740000000.0,32740000000.0,32740000499.5,499.5,499.5,-131.6680446922661,-107.63955729121825,1,-1,1,-1,1,-1,1,single,0.0,0,1000.0,10.0,,10,auto,peak,
0,71,72,21000000000.0,7565000000.0,21000000000.0,7565000000.0,lo+if,spur,2,1,-1,2*LO - 1*IF,34435000000.0,34435000000.0,34435000000.0,0.0,0.0,-77.64439865177847,-53.61591125073062,0,-1,1,-1,1,-1,1,single,0.0,0,1000.0,10.0,,10,auto,peak,
