lo_index,if_index,point_index,lo_set_Hz,if_set_Hz,lo_model_Hz,if_model_Hz,mode,kind,m,n,sign,expression,expected_freq_Hz,expected_corr_freq_Hz,measured_freq_Hz,freq_error_Hz,freq_error_corr_Hz,power_dBm,rel_dBc_vs_desired,noise_limited,cluster_id,cluster_size,analytic_coincidence_id,analytic_coincidence_size,measured_coincidence_id,measured_coincidence_size,measurement_scope,cluster_window_half_width_Hz,cluster_window_fallback,span_Hz,rbw_Hz,vbw_Hz,avg_sweeps,marker_mode_global,marker_mode_effective,error
0,100,101,21000000000.0,8000000000.0,21000000000.0,8000000000.0,lo+if,desired,1,1,1,1*LO + 1*IF,29000000000.0,29000000000.0,29000000000.0,0.0,0.0,-23.957472845072367,0.0,0,-1,1,-1,1,-1,1,single,0.0,0,1000.0,10.0,,10,auto,peak,
0,100,101,21000000000.0,8000000000.0,21000000000.0,8000000000.0,lo+if,spur,2,2,-1,2*LO - 2*IF,26000000000.0,26000000000.0,26000000000.0,0.0,0.0,-82.97524113222286,-59.017768287150496,0,-1,1,-1,1,-1,1,single,0.0,0,1000.0,10.0,,10,auto,peak,
0,100,101,21000000000.0,8000000000.0,21000000000.0,8000000000.0,lo+if,spur,3,4,-1,3*LO - 4*IF,31000000000.0,31000000000.0,31000000039.0,39.0,39.0,-131.3394256726115,-107.38195282753912,1,-1,1,-1,1,-1,1,single,0.0,0,1000.0,10.0,,10,auto,peak,
0,100,101,21000000000.0,8000000000.0,21000000000.0,8000000000.0,lo+if,IF_harmonic,0,4,1,0*LO + 4*IF,32000000000.0,32000000000.0,31999999641.4,-358.5999984741211,-358.5999984741211,-130.89882056992036,-106.94134772484799,1,-1,1,-1,1,-1,1,single,0.0,0,1000.0,10.0,,10,auto,peak,
0,100,101,21000000000.0,8000000000.0,21000000000.0,8000000000.0,lo+if,spur,2,1,-1,2*LO - 1*IF,34000000000.0,34000000000.0,34000000000.0,0.0,0.0,-71.7717776759346,-47.814304830862234,0,-1,1,-1,1,-1,1,single,0.0,0,1000.0,10.0,,10,auto,peak,
