lo_index,if_index,point_index,lo_set_Hz,if_set_Hz,lo_model_Hz,if_model_Hz,mode,kind,m,n,sign,expression,expected_freq_Hz,expected_corr_freq_Hz,measured_freq_Hz,freq_error_Hz,freq_error_corr_Hz,power_dBm,rel_dBc_vs_desired,noise_limited,cluster_id,cluster_size,analytic_coincidence_id,analytic_coincidence_size,measured_coincidence_id,measured_coincidence_size,measurement_scope,cluster_window_half_width_Hz,cluster_window_fallback,span_Hz,rbw_Hz,vbw_Hz,avg_sweeps,marker_mode_global,marker_mode_effective,error
0,75,76,21000000000.0,7625000000.0,21000000000.0,7625000000.0,lo+if,desired,1,1,1,1*LO + 1*IF,28625000000.0,28625000000.0,28625000000.0,0.0,0.0,-24.17381924997806,0.0,0,-1,1,-1,1,-1,1,single,0.0,0,1000.0,10.0,,10,auto,peak,
0,75,76,21000000000.0,7625000000.0,21000000000.0,7625000000.0,lo+if,spur,2,2,-1,2*LO - 2*IF,26750000000.0,26750000000.0,26750000000.0,0.0,0.0,-83.37102077253917,-59.19720152256111,0,-1,1,-1,1,-1,1,single,0.0,0,1000.0,10.0,,10,auto,peak,
0,75,76,21000000000.0,7625000000.0,21000000000.0,7625000000.0,lo+if,IF_harmonic,0,4,1,0*LO + 4*IF,30500000000.0,30500000000.0,30499999896.1,-103.9000015258789,-103.9000015258789,-132.12504545002304,-107.95122620004497,1,-1,1,-1,1,-1,1,single,0.0,0,1000.0,10.0,,10,auto,peak,
0,75,76,21000000000.0,7625000000.0,21000000000.0,7625000000.0,lo+if,spur,3,4,-1,3*LO - 4*IF,32500000000.0,32500000000.0,32500000083.9,83.9000015258789,83.9000015258789,-132.06649217019162,-107.89267292021356,1,-1,1,-1,1,-1,1,single,0.0,0,1000.0,10.0,,10,auto,peak,
0,75,76,21000000000.0,7625000000.0,21000000000.0,7625000000.0,lo+if,spur,2,1,-1,2*LO - 1*IF,34375000000.0,34375000000.0,34375000000.0,0.0,0.0,-73.23494254392753,-49.06112329394947,0,-1,1,-1,1,-1,1,single,0.0,0,1000.0,10.0,,10,auto,peak,
