lo_index,if_index,point_index,lo_set_Hz,if_set_Hz,lo_model_Hz,if_model_Hz,mode,kind,m,n,sign,expression,expected_freq_Hz,expected_corr_freq_Hz,measured_freq_Hz,freq_error_Hz,freq_error_corr_Hz,power_dBm,rel_dBc_vs_desired,noise_limited,cluster_id,cluster_size,analytic_coincidence_id,analytic_coincidence_size,measured_coincidence_id,measured_coincidence_size,measurement_scope,cluster_window_half_width_Hz,cluster_window_fallback,span_Hz,rbw_Hz,vbw_Hz,avg_sweeps,marker_mode_global,marker_mode_effective,error
0,80,81,21000000000.0,7700000000.0,21000000000.0,7700000000.0,lo+if,desired,1,1,1,1*LO + 1*IF,28700000000.0,28700000000.0,28700000000.0,0.0,0.0,-24.727631121718797,0.0,0,-1,1,-1,1,-1,1,single,0.0,0,1000.0,10.0,,10,auto,peak,
0,80,81,21000000000.0,7700000000.0,21000000000.0,7700000000.0,lo+if,spur,2,2,-1,2*LO - 2*IF,26600000000.0,26600000000.0,26600000000.0,0.0,0.0,-81.92437278314968,-57.19674166143088,0,-1,1,-1,1,-1,1,single,0.0,0,1000.0,10.0,,10,auto,peak,
0,80,81,21000000000.0,7700000000.0,21000000000.0,7700000000.0,lo+if,IF_harmonic,0,4,1,0*LO + 4*IF,30800000000.0,30800000000.0,30800000237.8,237.79999923706055,237.79999923706055,-131.3438533992773,-106.61622227755849,1,-1,1,-1,1,-1,1,single,0.0,0,1000.0,10.0,,10,auto,peak,
0,80,81,21000000000.0,7700000000.0,21000000000.0,7700000000.0,lo+if,spur,3,4,-1,3*LO - 4*IF,32200000000.0,32200000000.0,32200000115.9,115.9000015258789,115.9000015258789,-132.47169585411416,-107.74406473239536,1,-1,1,-1,1,-1,1,single,0.0,0,1000.0,10.0,,10,auto,peak,
0,80,81,21000000000.0,7700000000.0,21000000000.0,7700000000.0,lo+if,spur,2,1,-1,2*LO - 1*IF,34300000000.0,34300000000.0,34300000000.0,0.0,0.0,-69.40946247755045,-44.68183135583165,0,-1,1,-1,1,-1,1,single,0.0,0,1000.0,10.0,,10,auto,peak,
