lo_index,if_index,point_index,lo_set_Hz,if_set_Hz,lo_model_Hz,if_model_Hz,mode,kind,m,n,sign,expression,expected_freq_Hz,expected_corr_freq_Hz,measured_freq_Hz,freq_error_Hz,freq_error_corr_Hz,power_dBm,rel_dBc_vs_desired,noise_limited,cluster_id,cluster_size,analytic_coincidence_id,analytic_coincidence_size,measured_coincidence_id,measured_coincidence_size,measurement_scope,cluster_window_half_width_Hz,cluster_window_fallback,span_Hz,rbw_Hz,vbw_Hz,avg_sweeps,marker_mode_global,marker_mode_effective,error
0,55,56,21000000000.0,7325000000.0,21000000000.0,7325000000.0,lo+if,desired,1,1,1,1*LO + 1*IF,28325000000.0,28325000000.0,28325000000.0,0.0,0.0,-24.108947071951658,0.0,0,-1,1,-1,1,-1,1,single,0.0,0,1000.0,10.0,,10,auto,peak,
0,55,56,21000000000.0,7325000000.0,21000000000.0,7325000000.0,lo+if,spur,3,5,-1,3*LO - 5*IF,26375000000.0,26375000000.0,26374999936.1,-63.900001525878906,-63.900001525878906,-129.54096055450816,-105.4320134825565,1,-1,1,-1,1,-1,1,single,0.0,0,1000.0,10.0,,10,auto,peak,
0,55,56,21000000000.0,7325000000.0,21000000000.0,7325000000.0,lo+if,spur,2,2,-1,2*LO - 2*IF,27350000000.0,27350000000.0,27350000000.0,0.0,0.0,-81.42820744450894,-57.31926037255728,0,-1,1,-1,1,-1,1,single,0.0,0,1000.0,10.0,,10,auto,peak,
0,55,56,21000000000.0,7325000000.0,21000000000.0,7325000000.0,lo+if,IF_harmonic,0,4,1,0*LO + 4*IF,29300000000.0,29300000000.0,29299999928.1,-71.9000015258789,-71.9000015258789,-130.81745140489264,-106.70850433294098,1,-1,1,-1,1,-1,1,single,0.0,0,1000.0,10.0,,10,auto,peak,
0,55,56,21000000000.0,7325000000.0,21000000000.0,7325000000.0,lo+if,spur,3,4,-1,3*LO - 4*IF,33700000000.0,33700000000.0,33699999627.4,-372.5999984741211,-372.5999984741211,-131.11155097068598,-107.00260389873432,1,-1,1,-1,1,-1,1,single,0.0,0,1000.0,10.0,,10,auto,peak,
0,55,56,21000000000.0,7325000000.0,21000000000.0,7325000000.0,lo+if,spur,2,1,-1,2*LO - 1*IF,34675000000.0,34675000000.0,34675000000.0,0.0,0.0,-67.52440873922006,-43.4154616672684,0,-1,1,-1,1,-1,1,single,0.0,0,1000.0,10.0,,10,auto,peak,
