lo_index,if_index,point_index,lo_set_Hz,if_set_Hz,lo_model_Hz,if_model_Hz,mode,kind,m,n,sign,expression,expected_freq_Hz,expected_corr_freq_Hz,measured_freq_Hz,freq_error_Hz,freq_error_corr_Hz,power_dBm,rel_dBc_vs_desired,noise_limited,cluster_id,cluster_size,analytic_coincidence_id,analytic_coincidence_size,measured_coincidence_id,measured_coincidence_size,measurement_scope,cluster_window_half_width_Hz,cluster_window_fallback,span_Hz,rbw_Hz,vbw_Hz,avg_sweeps,marker_mode_global,marker_mode_effective,error
0,25,26,21000000000.0,6875000000.0,21000000000.0,6875000000.0,lo+if,desired,1,1,1,1*LO + 1*IF,27875000000.0,27875000000.0,27875000000.0,0.0,0.0,-24.168645492204433,0.0,0,-1,1,-1,1,-1,1,single,0.0,0,1000.0,10.0,,10,auto,peak,
0,25,26,21000000000.0,6875000000.0,21000000000.0,6875000000.0,lo+if,IF_harmonic,0,4,1,0*LO + 4*IF,27500000000.0,27500000000.0,27500000000.0,0.0,0.0,-114.01417474602715,-89.84552925382272,0,-1,1,-1,1,-1,1,single,0.0,0,1000.0,10.0,,10,auto,peak,
0,25,26,21000000000.0,6875000000.0,21000000000.0,6875000000.0,lo+if,spur,2,2,-1,2*LO - 2*IF,28250000000.0,28250000000.0,28250000000.0,0.0,0.0,-83.42461181669071,-59.25596632448628,0,-1,1,-1,1,-1,1,single,0.0,0,1000.0,10.0,,10,auto,peak,
0,25,26,21000000000.0,6875000000.0,21000000000.0,6875000000.0,lo+if,spur,3,5,-1,3*LO - 5*IF,28625000000.0,28625000000.0,28625000315.7,315.70000076293945,315.70000076293945,-130.3034747610484,-106.13482926884396,1,-1,1,-1,1,-1,1,single,0.0,0,1000.0,10.0,,10,auto,peak,
0,25,26,21000000000.0,6875000000.0,21000000000.0,6875000000.0,lo+if,IF_harmonic,0,5,1,0*LO + 5*IF,34375000000.0,34375000000.0,34374999641.4,-358.5999984741211,-358.5999984741211,-130.85201682371203,-106.6833713315076,1,-1,1,-1,1,-1,1,single,0.0,0,1000.0,10.0,,10,auto,peak,
0,25,26,21000000000.0,6875000000.0,21000000000.0,6875000000.0,lo+if,spur,1,2,1,1*LO + 2*IF,34750000000.0,34750000000.0,34750000000.0,0.0,0.0,-84.88972715452417,-60.72108166231973,0,-1,1,-1,1,-1,1,single,0.0,0,1000.0,10.0,,10,auto,peak,
