lo_index,if_index,point_index,lo_set_Hz,if_set_Hz,lo_model_Hz,if_model_Hz,mode,kind,m,n,sign,expression,expected_freq_Hz,expected_corr_freq_Hz,measured_freq_Hz,freq_error_Hz,freq_error_corr_Hz,power_dBm,rel_dBc_vs_desired,noise_limited,cluster_id,cluster_size,analytic_coincidence_id,analytic_coincidence_size,measured_coincidence_id,measured_coincidence_size,measurement_scope,cluster_window_half_width_Hz,cluster_window_fallback,span_Hz,rbw_Hz,vbw_Hz,avg_sweeps,marker_mode_global,marker_mode_effective,error
0,24,25,21000000000.0,6860000000.0,21000000000.0,6860000000.0,lo+if,desired,1,1,1,1*LO + 1*IF,27860000000.0,27860000000.0,27860000000.0,0.0,0.0,-23.920241404174327,0.0,0,-1,1,-1,1,-1,1,single,0.0,0,1000.0,10.0,,10,auto,peak,
0,24,25,21000000000.0,6860000000.0,21000000000.0,6860000000.0,lo+if,IF_harmonic,0,4,1,0*LO + 4*IF,27440000000.0,27440000000.0,27440000000.0,0.0,0.0,-113.60611048743999,-89.68586908326566,0,-1,1,-1,1,-1,1,single,0.0,0,1000.0,10.0,,10,auto,peak,
0,24,25,21000000000.0,6860000000.0,21000000000.0,6860000000.0,lo+if,spur,2,2,-1,2*LO - 2*IF,28280000000.0,28280000000.0,28280000000.0,0.0,0.0,-82.4388272524245,-58.518585848250176,0,-1,1,-1,1,-1,1,single,0.0,0,1000.0,10.0,,10,auto,peak,
0,24,25,21000000000.0,6860000000.0,21000000000.0,6860000000.0,lo+if,spur,3,5,-1,3*LO - 5*IF,28700000000.0,28700000000.0,28700000314.7,314.70000076293945,314.70000076293945,-131.0230901843138,-107.10284878013945,1,-1,1,-1,1,-1,1,single,0.0,0,1000.0,10.0,,10,auto,peak,
0,24,25,21000000000.0,6860000000.0,21000000000.0,6860000000.0,lo+if,IF_harmonic,0,5,1,0*LO + 5*IF,34300000000.0,34300000000.0,34300000412.6,412.5999984741211,412.5999984741211,-130.3682100103811,-106.44796860620676,1,-1,1,-1,1,-1,1,single,0.0,0,1000.0,10.0,,10,auto,peak,
0,24,25,21000000000.0,6860000000.0,21000000000.0,6860000000.0,lo+if,spur,1,2,1,1*LO + 2*IF,34720000000.0,34720000000.0,34720000000.0,0.0,0.0,-84.35610568530406,-60.43586428112973,0,-1,1,-1,1,-1,1,single,0.0,0,1000.0,10.0,,10,auto,peak,
