lo_index,if_index,point_index,lo_set_Hz,if_set_Hz,lo_model_Hz,if_model_Hz,mode,kind,m,n,sign,expression,expected_freq_Hz,expected_corr_freq_Hz,measured_freq_Hz,freq_error_Hz,freq_error_corr_Hz,power_dBm,rel_dBc_vs_desired,noise_limited,cluster_id,cluster_size,analytic_coincidence_id,analytic_coincidence_size,measured_coincidence_id,measured_coincidence_size,measurement_scope,cluster_window_half_width_Hz,cluster_window_fallback,span_Hz,rbw_Hz,vbw_Hz,avg_sweeps,marker_mode_global,marker_mode_effective,error
0,84,85,21000000000.0,7760000000.0,21000000000.0,7760000000.0,lo+if,desired,1,1,1,1*LO + 1*IF,28760000000.0,28760000000.0,28760000000.0,0.0,0.0,-25.059320969283743,0.0,0,-1,1,-1,1,-1,1,single,0.0,0,1000.0,10.0,,10,auto,peak,
0,84,85,21000000000.0,7760000000.0,21000000000.0,7760000000.0,lo+if,spur,2,2,-1,2*LO - 2*IF,26480000000.0,26480000000.0,26480000000.0,0.0,0.0,-84.62504357756465,-59.56572260828091,0,-1,1,-1,1,-1,1,single,0.0,0,1000.0,10.0,,10,auto,peak,
0,84,85,21000000000.0,7760000000.0,21000000000.0,7760000000.0,lo+if,IF_harmonic,0,4,1,0*LO + 4*IF,31040000000.0,31040000000.0,31040000461.5,461.5,461.5,-131.20061072324978,-106.14128975396603,1,-1,1,-1,1,-1,1,single,0.0,0,1000.0,10.0,,10,auto,peak,
0,84,85,21000000000.0,7760000000.0,21000000000.0,7760000000.0,lo+if,spur,3,4,-1,3*LO - 4*IF,31960000000.0,31960000000.0,31960000442.6,442.5999984741211,442.5999984741211,-130.98438482686282,-105.92506385757908,1,-1,1,-1,1,-1,1,single,0.0,0,1000.0,10.0,,10,auto,peak,
0,84,85,21000000000.0,7760000000.0,21000000000.0,7760000000.0,lo+if,spur,2,1,-1,2*LO - 1*IF,34240000000.0,34240000000.0,34240000000.0,0.0,0.0,-71.03304633550862,-45.97372536622487,0,-1,1,-1,1,-1,1,single,0.0,0,1000.0,10.0,,10,auto,peak,
