lo_index,if_index,point_index,lo_set_Hz,if_set_Hz,lo_model_Hz,if_model_Hz,mode,kind,m,n,sign,expression,expected_freq_Hz,expected_corr_freq_Hz,measured_freq_Hz,freq_error_Hz,freq_error_corr_Hz,power_dBm,rel_dBc_vs_desired,noise_limited,cluster_id,cluster_size,analytic_coincidence_id,analytic_coincidence_size,measured_coincidence_id,measured_coincidence_size,measurement_scope,cluster_window_half_width_Hz,cluster_window_fallback,span_Hz,rbw_Hz,vbw_Hz,avg_sweeps,marker_mode_global,marker_mode_effective,error
0,33,34,21000000000.0,6995000000.0,21000000000.0,6995000000.0,lo+if,desired,1,1,1,1*LO + 1*IF,27995000000.0,27995000000.0,27995000000.0,0.0,0.0,-25.0806405327873,0.0,0,-1,1,-1,1,-1,1,single,0.0,0,1000.0,10.0,,10,auto,peak,
0,33,34,21000000000.0,6995000000.0,21000000000.0,6995000000.0,lo+if,IF_harmonic,0,4,1,0*LO + 4*IF,27980000000.0,27980000000.0,27980000000.0,0.0,0.0,-111.12987422304835,-86.04923369026105,0,-1,1,-1,1,-1,1,single,0.0,0,1000.0,10.0,,10,auto,peak,
0,33,34,21000000000.0,6995000000.0,21000000000.0,6995000000.0,lo+if,spur,2,2,-1,2*LO - 2*IF,28010000000.0,28010000000.0,28010000000.0,0.0,0.0,-84.79860411900923,-59.71796358622193,0,-1,1,-1,1,-1,1,single,0.0,0,1000.0,10.0,,10,auto,peak,
0,33,34,21000000000.0,6995000000.0,21000000000.0,6995000000.0,lo+if,spur,3,5,-1,3*LO - 5*IF,28025000000.0,28025000000.0,28024999649.4,-350.5999984741211,-350.5999984741211,-131.38914214431014,-106.30850161152284,1,-1,1,-1,1,-1,1,single,0.0,0,1000.0,10.0,,10,auto,peak,
0,33,34,21000000000.0,6995000000.0,21000000000.0,6995000000.0,lo+if,IF_harmonic,0,5,1,0*LO + 5*IF,34975000000.0,34975000000.0,34975000464.5,464.5,464.5,-129.6688721565359,-104.58823162374861,1,-1,1,-1,1,-1,1,single,0.0,0,1000.0,10.0,,10,auto,peak,
0,33,34,21000000000.0,6995000000.0,21000000000.0,6995000000.0,lo+if,spur,1,2,1,1*LO + 2*IF,34990000000.0,34990000000.0,34990000000.0,0.0,0.0,-86.27795109374165,-61.19731056095435,0,-1,1,-1,1,-1,1,single,0.0,0,1000.0,10.0,,10,auto,peak,
