lo_index,if_index,point_index,lo_set_Hz,if_set_Hz,lo_model_Hz,if_model_Hz,mode,kind,m,n,sign,expression,expected_freq_Hz,expected_corr_freq_Hz,measured_freq_Hz,freq_error_Hz,freq_error_corr_Hz,power_dBm,rel_dBc_vs_desired,noise_limited,cluster_id,cluster_size,analytic_coincidence_id,analytic_coincidence_size,measured_coincidence_id,measured_coincidence_size,measurement_scope,cluster_window_half_width_Hz,cluster_window_fallback,span_Hz,rbw_Hz,vbw_Hz,avg_sweeps,marker_mode_global,marker_mode_effective,error
0,62,63,21000000000.0,7430000000.0,21000000000.0,7430000000.0,lo+if,desired,1,1,1,1*LO + 1*IF,28430000000.0,28430000000.0,28430000000.0,0.0,0.0,-25.37935471445074,0.0,0,-1,1,-1,1,-1,1,single,0.0,0,1000.0,10.0,,10,auto,peak,
0,62,63,21000000000.0,7430000000.0,21000000000.0,7430000000.0,lo+if,spur,3,5,-1,3*LO - 5*IF,25850000000.0,25850000000.0,25850000364.6,364.5999984741211,364.5999984741211,-130.46811485611724,-105.0887601416665,1,-1,1,-1,1,-1,1,single,0.0,0,1000.0,10.0,,10,auto,peak,
0,62,63,21000000000.0,7430000000.0,21000000000.0,7430000000.0,lo+if,spur,2,2,-1,2*LO - 2*IF,27140000000.0,27140000000.0,27140000000.0,0.0,0.0,-83.95072455800857,-58.57136984355783,0,-1,1,-1,1,-1,1,single,0.0,0,1000.0,10.0,,10,auto,peak,
0,62,63,21000000000.0,7430000000.0,21000000000.0,7430000000.0,lo+if,IF_harmonic,0,4,1,0*LO + 4*IF,29720000000.0,29720000000.0,29719999953.0,-47.0,-47.0,-131.9070273313127,-106.52767261686195,1,-1,1,-1,1,-1,1,single,0.0,0,1000.0,10.0,,10,auto,peak,
0,62,63,21000000000.0,7430000000.0,21000000000.0,7430000000.0,lo+if,spur,3,4,-1,3*LO - 4*IF,33280000000.0,33280000000.0,33279999690.3,-309.70000076293945,-309.70000076293945,-131.5017319282429,-106.12237721379215,1,-1,1,-1,1,-1,1,single,0.0,0,1000.0,10.0,,10,auto,peak,
0,62,63,21000000000.0,7430000000.0,21000000000.0,7430000000.0,lo+if,spur,2,1,-1,2*LO - 1*IF,34570000000.0,34570000000.0,34570000000.0,0.0,0.0,-82.44135889768616,-57.062004183235416,0,-1,1,-1,1,-1,1,single,0.0,0,1000.0,10.0,,10,auto,peak,
