lo_index,if_index,point_index,lo_set_Hz,if_set_Hz,lo_model_Hz,if_model_Hz,mode,kind,m,n,sign,expression,expected_freq_Hz,expected_corr_freq_Hz,measured_freq_Hz,freq_error_Hz,freq_error_corr_Hz,power_dBm,rel_dBc_vs_desired,noise_limited,cluster_id,cluster_size,analytic_coincidence_id,analytic_coincidence_size,measured_coincidence_id,measured_coincidence_size,measurement_scope,cluster_window_half_width_Hz,cluster_window_fallback,span_Hz,rbw_Hz,vbw_Hz,avg_sweeps,marker_mode_global,marker_mode_effective,error
0,10,11,21000000000.0,6650000000.0,21000000000.0,6650000000.0,lo+if,desired,1,1,1,1*LO + 1*IF,27650000000.0,27650000000.0,27650000000.0,0.0,0.0,-24.142959731954235,0.0,0,-1,1,-1,1,-1,1,single,0.0,0,1000.0,10.0,,10,auto,peak,
0,10,11,21000000000.0,6650000000.0,21000000000.0,6650000000.0,lo+if,IF_harmonic,0,4,1,0*LO + 4*IF,26600000000.0,26600000000.0,26600000000.0,0.0,0.0,-123.81752822513386,-99.67456849317962,1,-1,1,-1,1,-1,1,single,0.0,0,1000.0,10.0,,10,auto,peak,
0,10,11,21000000000.0,6650000000.0,21000000000.0,6650000000.0,lo+if,spur,2,2,-1,2*LO - 2*IF,28700000000.0,28700000000.0,28700000000.0,0.0,0.0,-84.05078759618105,-59.90782786422682,0,-1,1,-1,1,-1,1,single,0.0,0,1000.0,10.0,,10,auto,peak,
0,10,11,21000000000.0,6650000000.0,21000000000.0,6650000000.0,lo+if,spur,3,5,-1,3*LO - 5*IF,29750000000.0,29750000000.0,29749999927.1,-72.9000015258789,-72.9000015258789,-131.69876190490405,-107.55580217294981,1,-1,1,-1,1,-1,1,single,0.0,0,1000.0,10.0,,10,auto,peak,
0,10,11,21000000000.0,6650000000.0,21000000000.0,6650000000.0,lo+if,IF_harmonic,0,5,1,0*LO + 5*IF,33250000000.0,33250000000.0,33249999960.0,-40.0,-40.0,-131.18093236403234,-107.03797263207811,1,-1,1,-1,1,-1,1,single,0.0,0,1000.0,10.0,,10,auto,peak,
0,10,11,21000000000.0,6650000000.0,21000000000.0,6650000000.0,lo+if,spur,1,2,1,1*LO + 2*IF,34300000000.0,34300000000.0,34300000000.0,0.0,0.0,-84.21887126622309,-60.075911534268855,0,-1,1,-1,1,-1,1,single,0.0,0,1000.0,10.0,,10,auto,peak,
