lo_index,if_index,point_index,lo_set_Hz,if_set_Hz,lo_model_Hz,if_model_Hz,mode,kind,m,n,sign,expression,expected_freq_Hz,expected_corr_freq_Hz,measured_freq_Hz,freq_error_Hz,freq_error_corr_Hz,power_dBm,rel_dBc_vs_desired,noise_limited,cluster_id,cluster_size,analytic_coincidence_id,analytic_coincidence_size,measured_coincidence_id,measured_coincidence_size,measurement_scope,cluster_window_half_width_Hz,cluster_window_fallback,span_Hz,rbw_Hz,vbw_Hz,avg_sweeps,marker_mode_global,marker_mode_effective,error
0,91,92,21000000000.0,7865000000.0,21000000000.0,7865000000.0,lo+if,desired,1,1,1,1*LO + 1*IF,28865000000.0,28865000000.0,28865000000.0,0.0,0.0,-25.280910871102886,0.0,0,-1,1,-1,1,-1,1,single,0.0,0,1000.0,10.0,,10,auto,peak,
0,91,92,21000000000.0,7865000000.0,21000000000.0,7865000000.0,lo+if,spur,2,2,-1,2*LO - 2*IF,26270000000.0,26270000000.0,26270000000.0,0.0,0.0,-83.02024915628877,-57.73933828518588,0,-1,1,-1,1,-1,1,single,0.0,0,1000.0,10.0,,10,auto,peak,
0,91,92,21000000000.0,7865000000.0,21000000000.0,7865000000.0,lo+if,IF_harmonic,0,4,1,0*LO + 4*IF,31460000000.0,31460000000.0,31459999815.2,-184.79999923706055,-184.79999923706055,-129.9241294501209,-104.643218579018,1,-1,1,-1,1,-1,1,single,0.0,0,1000.0,10.0,,10,auto,peak,
0,91,92,21000000000.0,7865000000.0,21000000000.0,7865000000.0,lo+if,spur,3,4,-1,3*LO - 4*IF,31540000000.0,31540000000.0,31539999541.5,-458.5,-458.5,-131.1878709919719,-105.906960120869,1,-1,1,-1,1,-1,1,single,0.0,0,1000.0,10.0,,10,auto,peak,
0,91,92,21000000000.0,7865000000.0,21000000000.0,7865000000.0,lo+if,spur,2,1,-1,2*LO - 1*IF,34135000000.0,34135000000.0,34135000000.0,0.0,0.0,-68.6941149423304,-43.41320407122751,0,-1,1,-1,1,-1,1,single,0.0,0,1000.0,10.0,,10,auto,peak,
