lo_index,if_index,point_index,lo_set_Hz,if_set_Hz,lo_model_Hz,if_model_Hz,mode,kind,m,n,sign,expression,expected_freq_Hz,expected_corr_freq_Hz,measured_freq_Hz,freq_error_Hz,freq_error_corr_Hz,power_dBm,rel_dBc_vs_desired,noise_limited,cluster_id,cluster_size,analytic_coincidence_id,analytic_coincidence_size,measured_coincidence_id,measured_coincidence_size,measurement_scope,cluster_window_half_width_Hz,cluster_window_fallback,span_Hz,rbw_Hz,vbw_Hz,avg_sweeps,marker_mode_global,marker_mode_effective,error
0,59,60,21000000000.0,7385000000.0,21000000000.0,7385000000.0,lo+if,desired,1,1,1,1*LO + 1*IF,28385000000.0,28385000000.0,28385000000.0,0.0,0.0,-25.19365507325691,0.0,0,-1,1,-1,1,-1,1,single,0.0,0,1000.0,10.0,,10,auto,peak,
0,59,60,21000000000.0,7385000000.0,21000000000.0,7385000000.0,lo+if,spur,3,5,-1,3*LO - 5*IF,26075000000.0,26075000000.0,26075000438.6,438.5999984741211,438.5999984741211,-129.3612540857796,-104.16759901252269,1,-1,1,-1,1,-1,1,single,0.0,0,1000.0,10.0,,10,auto,peak,
0,59,60,21000000000.0,7385000000.0,21000000000.0,7385000000.0,lo+if,spur,2,2,-1,2*LO - 2*IF,27230000000.0,27230000000.0,27230000000.0,0.0,0.0,-84.56813454598036,-59.37447947272345,0,-1,1,-1,1,-1,1,single,0.0,0,1000.0,10.0,,10,auto,peak,
0,59,60,21000000000.0,7385000000.0,21000000000.0,7385000000.0,lo+if,IF_harmonic,0,4,1,0*LO + 4*IF,29540000000.0,29540000000.0,29539999996.0,-4.0,-4.0,-131.1396759633468,-105.9460208900899,1,-1,1,-1,1,-1,1,single,0.0,0,1000.0,10.0,,10,auto,peak,
0,59,60,21000000000.0,7385000000.0,21000000000.0,7385000000.0,lo+if,spur,3,4,-1,3*LO - 4*IF,33460000000.0,33460000000.0,33459999579.4,-420.5999984741211,-420.5999984741211,-132.21343316489776,-107.01977809164086,1,-1,1,-1,1,-1,1,single,0.0,0,1000.0,10.0,,10,auto,peak,
0,59,60,21000000000.0,7385000000.0,21000000000.0,7385000000.0,lo+if,spur,2,1,-1,2*LO - 1*IF,34615000000.0,34615000000.0,34615000000.0,0.0,0.0,-66.44582035689021,-41.2521652836333,0,-1,1,-1,1,-1,1,single,0.0,0,1000.0,10.0,,10,auto,peak,
