lo_index,if_index,point_index,lo_set_Hz,if_set_Hz,lo_model_Hz,if_model_Hz,mode,kind,m,n,sign,expression,expected_freq_Hz,expected_corr_freq_Hz,measured_freq_Hz,freq_error_Hz,freq_error_corr_Hz,power_dBm,rel_dBc_vs_desired,noise_limited,cluster_id,cluster_size,analytic_coincidence_id,analytic_coincidence_size,measured_coincidence_id,measured_coincidence_size,measurement_scope,cluster_window_half_width_Hz,cluster_window_fallback,span_Hz,rbw_Hz,vbw_Hz,avg_sweeps,marker_mode_global,marker_mode_effective,error
0,39,40,21000000000.0,7085000000.0,21000000000.0,7085000000.0,lo+if,desired,1,1,1,1*LO + 1*IF,28085000000.0,28085000000.0,28085000000.0,0.0,0.0,-24.11247711237474,0.0,0,-1,1,-1,1,-1,1,single,0.0,0,1000.0,10.0,,10,auto,peak,
0,39,40,21000000000.0,7085000000.0,21000000000.0,7085000000.0,lo+if,spur,3,5,-1,3*LO - 5*IF,27575000000.0,27575000000.0,27574999784.2,-215.79999923706055,-215.79999923706055,-131.22276098986106,-107.11028387748632,1,-1,1,-1,1,-1,1,single,0.0,0,1000.0,10.0,,10,auto,peak,
0,39,40,21000000000.0,7085000000.0,21000000000.0,7085000000.0,lo+if,spur,2,2,-1,2*LO - 2*IF,27830000000.0,27830000000.0,27830000000.0,0.0,0.0,-80.8337407041341,-56.72126359175936,0,-1,1,-1,1,-1,1,single,0.0,0,1000.0,10.0,,10,auto,peak,
0,39,40,21000000000.0,7085000000.0,21000000000.0,7085000000.0,lo+if,IF_harmonic,0,4,1,0*LO + 4*IF,28340000000.0,28340000000.0,28340000000.0,0.0,0.0,-123.54429358376353,-99.4318164713888,1,-1,1,-1,1,-1,1,single,0.0,0,1000.0,10.0,,10,auto,peak,
0,39,40,21000000000.0,7085000000.0,21000000000.0,7085000000.0,lo+if,spur,3,4,-1,3*LO - 4*IF,34660000000.0,34660000000.0,34660000000.0,0.0,0.0,-121.49293367264816,-97.38045656027342,1,-1,1,-1,1,-1,1,single,0.0,0,1000.0,10.0,,10,auto,peak,
0,39,40,21000000000.0,7085000000.0,21000000000.0,7085000000.0,lo+if,spur,2,1,-1,2*LO - 1*IF,34915000000.0,34915000000.0,34915000000.0,0.0,0.0,-70.67485260452693,-46.56237549215219,0,-1,1,-1,1,-1,1,single,0.0,0,1000.0,10.0,,10,auto,peak,
