lo_index,if_index,point_index,lo_set_Hz,if_set_Hz,lo_model_Hz,if_model_Hz,mode,kind,m,n,sign,expression,expected_freq_Hz,expected_corr_freq_Hz,measured_freq_Hz,freq_error_Hz,freq_error_corr_Hz,power_dBm,rel_dBc_vs_desired,noise_limited,cluster_id,cluster_size,analytic_coincidence_id,analytic_coincidence_size,measured_coincidence_id,measured_coincidence_size,measurement_scope,cluster_window_half_width_Hz,cluster_window_fallback,span_Hz,rbw_Hz,vbw_Hz,avg_sweeps,marker_mode_global,marker_mode_effective,error
0,28,29,21000000000.0,6920000000.0,21000000000.0,6920000000.0,lo+if,desired,1,1,1,1*LO + 1*IF,27920000000.0,27920000000.0,27920000000.0,0.0,0.0,-24.736521556489464,0.0,0,-1,1,-1,1,-1,1,single,0.0,0,1000.0,10.0,,10,auto,peak,
0,28,29,21000000000.0,6920000000.0,21000000000.0,6920000000.0,lo+if,IF_harmonic,0,4,1,0*LO + 4*IF,27680000000.0,27680000000.0,27680000000.0,0.0,0.0,-113.80028982109079,-89.06376826460132,0,-1,1,-1,1,-1,1,single,0.0,0,1000.0,10.0,,10,auto,peak,
0,28,29,21000000000.0,6920000000.0,21000000000.0,6920000000.0,lo+if,spur,2,2,-1,2*LO - 2*IF,28160000000.0,28160000000.0,28160000000.0,0.0,0.0,-84.8053537355625,-60.06883217907304,0,-1,1,-1,1,-1,1,single,0.0,0,1000.0,10.0,,10,auto,peak,
0,28,29,21000000000.0,6920000000.0,21000000000.0,6920000000.0,lo+if,spur,3,5,-1,3*LO - 5*IF,28400000000.0,28400000000.0,28400000422.6,422.5999984741211,422.5999984741211,-131.2174964854592,-106.48097492896974,1,-1,1,-1,1,-1,1,single,0.0,0,1000.0,10.0,,10,auto,peak,
0,28,29,21000000000.0,6920000000.0,21000000000.0,6920000000.0,lo+if,IF_harmonic,0,5,1,0*LO + 5*IF,34600000000.0,34600000000.0,34599999663.3,-336.6999969482422,-336.6999969482422,-129.3461195334868,-104.60959797699735,1,-1,1,-1,1,-1,1,single,0.0,0,1000.0,10.0,,10,auto,peak,
0,28,29,21000000000.0,6920000000.0,21000000000.0,6920000000.0,lo+if,spur,1,2,1,1*LO + 2*IF,34840000000.0,34840000000.0,34840000000.0,0.0,0.0,-86.59148712720634,-61.85496557071687,0,-1,1,-1,1,-1,1,single,0.0,0,1000.0,10.0,,10,auto,peak,
