lo_index,if_index,point_index,lo_set_Hz,if_set_Hz,lo_model_Hz,if_model_Hz,mode,kind,m,n,sign,expression,expected_freq_Hz,expected_corr_freq_Hz,measured_freq_Hz,freq_error_Hz,freq_error_corr_Hz,power_dBm,rel_dBc_vs_desired,noise_limited,cluster_id,cluster_size,analytic_coincidence_id,analytic_coincidence_size,measured_coincidence_id,measured_coincidence_size,measurement_scope,cluster_window_half_width_Hz,cluster_window_fallback,span_Hz,rbw_Hz,vbw_Hz,avg_sweeps,marker_mode_global,marker_mode_effective,error
0,29,30,21000000000.0,6935000000.0,21000000000.0,6935000000.0,lo+if,desired,1,1,1,1*LO + 1*IF,27935000000.0,27935000000.0,27935000000.0,0.0,0.0,-24.75145300790637,0.0,0,-1,1,-1,1,-1,1,single,0.0,0,1000.0,10.0,,10,auto,peak,
0,29,30,21000000000.0,6935000000.0,21000000000.0,6935000000.0,lo+if,IF_harmonic,0,4,1,0*LO + 4*IF,27740000000.0,27740000000.0,27740000000.0,0.0,0.0,-113.56472179091543,-88.81326878300905,0,-1,1,-1,1,-1,1,single,0.0,0,1000.0,10.0,,10,auto,peak,
0,29,30,21000000000.0,6935000000.0,21000000000.0,6935000000.0,lo+if,spur,2,2,-1,2*LO - 2*IF,28130000000.0,28130000000.0,28130000000.0,0.0,0.0,-84.35762841735695,-59.60617540945058,0,-1,1,-1,1,-1,1,single,0.0,0,1000.0,10.0,,10,auto,peak,
0,29,30,21000000000.0,6935000000.0,21000000000.0,6935000000.0,lo+if,spur,3,5,-1,3*LO - 5*IF,28325000000.0,28325000000.0,28325000028.0,28.0,28.0,-130.97211498075933,-106.22066197285295,1,-1,1,-1,1,-1,1,single,0.0,0,1000.0,10.0,,10,auto,peak,
0,29,30,21000000000.0,6935000000.0,21000000000.0,6935000000.0,lo+if,IF_harmonic,0,5,1,0*LO + 5*IF,34675000000.0,34675000000.0,34675000109.9,109.9000015258789,109.9000015258789,-129.77136816040803,-105.01991515250165,1,-1,1,-1,1,-1,1,single,0.0,0,1000.0,10.0,,10,auto,peak,
0,29,30,21000000000.0,6935000000.0,21000000000.0,6935000000.0,lo+if,spur,1,2,1,1*LO + 2*IF,34870000000.0,34870000000.0,34870000000.0,0.0,0.0,-86.85028896307418,-62.09883595516781,0,-1,1,-1,1,-1,1,single,0.0,0,1000.0,10.0,,10,auto,peak,
