lo_index,if_index,point_index,lo_set_Hz,if_set_Hz,lo_model_Hz,if_model_Hz,mode,kind,m,n,sign,expression,expected_freq_Hz,expected_corr_freq_Hz,measured_freq_Hz,freq_error_Hz,freq_error_corr_Hz,power_dBm,rel_dBc_vs_desired,noise_limited,cluster_id,cluster_size,analytic_coincidence_id,analytic_coincidence_size,measured_coincidence_id,measured_coincidence_size,measurement_scope,cluster_window_half_width_Hz,cluster_window_fallback,span_Hz,rbw_Hz,vbw_Hz,avg_sweeps,marker_mode_global,marker_mode_effective,error
0,76,77,21000000000.0,7640000000.0,21000000000.0,7640000000.0,lo+if,desired,1,1,1,1*LO + 1*IF,28640000000.0,28640000000.0,28640000000.0,0.0,0.0,-24.53123092643959,0.0,0,-1,1,-1,1,-1,1,single,0.0,0,1000.0,10.0,,10,auto,peak,
0,76,77,21000000000.0,7640000000.0,21000000000.0,7640000000.0,lo+if,spur,2,2,-1,2*LO - 2*IF,26720000000.0,26720000000.0,26720000000.0,0.0,0.0,-83.55284852114403,-59.02161759470444,0,-1,1,-1,1,-1,1,single,0.0,0,1000.0,10.0,,10,auto,peak,
0,76,77,21000000000.0,7640000000.0,21000000000.0,7640000000.0,lo+if,IF_harmonic,0,4,1,0*LO + 4*IF,30560000000.0,30560000000.0,30560000053.9,53.900001525878906,53.900001525878906,-133.22955473087495,-108.69832380443536,1,-1,1,-1,1,-1,1,single,0.0,0,1000.0,10.0,,10,auto,peak,
0,76,77,21000000000.0,7640000000.0,21000000000.0,7640000000.0,lo+if,spur,3,4,-1,3*LO - 4*IF,32440000000.0,32440000000.0,32439999958.0,-42.0,-42.0,-132.10720873700478,-107.57597781056519,1,-1,1,-1,1,-1,1,single,0.0,0,1000.0,10.0,,10,auto,peak,
0,76,77,21000000000.0,7640000000.0,21000000000.0,7640000000.0,lo+if,spur,2,1,-1,2*LO - 1*IF,34360000000.0,34360000000.0,34360000000.0,0.0,0.0,-78.67065459390106,-54.13942366746147,0,-1,1,-1,1,-1,1,single,0.0,0,1000.0,10.0,,10,auto,peak,
