lo_index,if_index,point_index,lo_set_Hz,if_set_Hz,lo_model_Hz,if_model_Hz,mode,kind,m,n,sign,expression,expected_freq_Hz,expected_corr_freq_Hz,measured_freq_Hz,freq_error_Hz,freq_error_corr_Hz,power_dBm,rel_dBc_vs_desired,noise_limited,cluster_id,cluster_size,analytic_coincidence_id,analytic_coincidence_size,measured_coincidence_id,measured_coincidence_size,measurement_scope,cluster_window_half_width_Hz,cluster_window_fallback,span_Hz,rbw_Hz,vbw_Hz,avg_sweeps,marker_mode_global,marker_mode_effective,error
0,41,42,21000000000.0,7115000000.0,21000000000.0,7115000000.0,lo+if,desired,1,1,1,1*LO + 1*IF,28115000000.0,28115000000.0,28115000000.0,0.0,0.0,-24.316779513935995,0.0,0,-1,1,-1,1,-1,1,single,0.0,0,1000.0,10.0,,10,auto,peak,
0,41,42,21000000000.0,7115000000.0,21000000000.0,7115000000.0,lo+if,spur,3,5,-1,3*LO - 5*IF,27425000000.0,27425000000.0,27425000457.5,457.5,457.5,-131.73616839765873,-107.41938888372273,1,-1,1,-1,1,-1,1,single,0.0,0,1000.0,10.0,,10,auto,peak,
0,41,42,21000000000.0,7115000000.0,21000000000.0,7115000000.0,lo+if,spur,2,2,-1,2*LO - 2*IF,27770000000.0,27770000000.0,27770000000.0,0.0,0.0,-81.47152347290293,-57.15474395896693,0,-1,1,-1,1,-1,1,single,0.0,0,1000.0,10.0,,10,auto,peak,
0,41,42,21000000000.0,7115000000.0,21000000000.0,7115000000.0,lo+if,IF_harmonic,0,4,1,0*LO + 4*IF,28460000000.0,28460000000.0,28460000000.0,0.0,0.0,-130.23127056739415,-105.91449105345815,1,-1,1,-1,1,-1,1,single,0.0,0,1000.0,10.0,,10,auto,peak,
0,41,42,21000000000.0,7115000000.0,21000000000.0,7115000000.0,lo+if,spur,3,4,-1,3*LO - 4*IF,34540000000.0,34540000000.0,34540000000.0,0.0,0.0,-128.22974808393298,-103.91296856999698,1,-1,1,-1,1,-1,1,single,0.0,0,1000.0,10.0,,10,auto,peak,
0,41,42,21000000000.0,7115000000.0,21000000000.0,7115000000.0,lo+if,spur,2,1,-1,2*LO - 1*IF,34885000000.0,34885000000.0,34885000000.0,0.0,0.0,-66.40644250115379,-42.08966298721779,0,-1,1,-1,1,-1,1,single,0.0,0,1000.0,10.0,,10,auto,peak,
