lo_index,if_index,point_index,lo_set_Hz,if_set_Hz,lo_model_Hz,if_model_Hz,mode,kind,m,n,sign,expression,expected_freq_Hz,expected_corr_freq_Hz,measured_freq_Hz,freq_error_Hz,freq_error_corr_Hz,power_dBm,rel_dBc_vs_desired,noise_limited,cluster_id,cluster_size,analytic_coincidence_id,analytic_coincidence_size,measured_coincidence_id,measured_coincidence_size,measurement_scope,cluster_window_half_width_Hz,cluster_window_fallback,span_Hz,rbw_Hz,vbw_Hz,avg_sweeps,marker_mode_global,marker_mode_effective,error
0,88,89,21000000000.0,7820000000.0,21000000000.0,7820000000.0,lo+if,desired,1,1,1,1*LO + 1*IF,28820000000.0,28820000000.0,28820000000.0,0.0,0.0,-24.5148768510606,0.0,0,-1,1,-1,1,-1,1,single,0.0,0,1000.0,10.0,,10,auto,peak,
0,88,89,21000000000.0,7820000000.0,21000000000.0,7820000000.0,lo+if,spur,2,2,-1,2*LO - 2*IF,26360000000.0,26360000000.0,26360000000.0,0.0,0.0,-81.4507484098484,-56.9358715587878,0,-1,1,-1,1,-1,1,single,0.0,0,1000.0,10.0,,10,auto,peak,
0,88,89,21000000000.0,7820000000.0,21000000000.0,7820000000.0,lo+if,IF_harmonic,0,4,1,0*LO + 4*IF,31280000000.0,31280000000.0,31280000001.0,1.0,1.0,-129.8715316531264,-105.3566548020658,1,-1,1,-1,1,-1,1,single,0.0,0,1000.0,10.0,,10,auto,peak,
0,88,89,21000000000.0,7820000000.0,21000000000.0,7820000000.0,lo+if,spur,3,4,-1,3*LO - 4*IF,31720000000.0,31720000000.0,31719999860.1,-139.9000015258789,-139.9000015258789,-131.18170410790617,-106.66682725684558,1,-1,1,-1,1,-1,1,single,0.0,0,1000.0,10.0,,10,auto,peak,
0,88,89,21000000000.0,7820000000.0,21000000000.0,7820000000.0,lo+if,spur,2,1,-1,2*LO - 1*IF,34180000000.0,34180000000.0,34180000000.0,0.0,0.0,-72.1657397304652,-47.650862879404606,0,-1,1,-1,1,-1,1,single,0.0,0,1000.0,10.0,,10,auto,peak,
