lo_index,if_index,point_index,lo_set_Hz,if_set_Hz,lo_model_Hz,if_model_Hz,mode,kind,m,n,sign,expression,expected_freq_Hz,expected_corr_freq_Hz,measured_freq_Hz,freq_error_Hz,freq_error_corr_Hz,power_dBm,rel_dBc_vs_desired,noise_limited,cluster_id,cluster_size,analytic_coincidence_id,analytic_coincidence_size,measured_coincidence_id,measured_coincidence_size,measurement_scope,cluster_window_half_width_Hz,cluster_window_fallback,span_Hz,rbw_Hz,vbw_Hz,avg_sweeps,marker_mode_global,marker_mode_effective,error
0,23,24,21000000000.0,6845000000.0,21000000000.0,6845000000.0,lo+if,desired,1,1,1,1*LO + 1*IF,27845000000.0,27845000000.0,27845000000.0,0.0,0.0,-23.821955309025693,0.0,0,-1,1,-1,1,-1,1,single,0.0,0,1000.0,10.0,,10,auto,peak,
0,23,24,21000000000.0,6845000000.0,21000000000.0,6845000000.0,lo+if,IF_harmonic,0,4,1,0*LO + 4*IF,27380000000.0,27380000000.0,27380000000.0,0.0,0.0,-114.77655497842107,-90.95459966939538,0,-1,1,-1,1,-1,1,single,0.0,0,1000.0,10.0,,10,auto,peak,
0,23,24,21000000000.0,6845000000.0,21000000000.0,6845000000.0,lo+if,spur,2,2,-1,2*LO - 2*IF,28310000000.0,28310000000.0,28310000000.0,0.0,0.0,-82.16729670433011,-58.345341395304416,0,-1,1,-1,1,-1,1,single,0.0,0,1000.0,10.0,,10,auto,peak,
0,23,24,21000000000.0,6845000000.0,21000000000.0,6845000000.0,lo+if,spur,3,5,-1,3*LO - 5*IF,28775000000.0,28775000000.0,28775000068.9,68.9000015258789,68.9000015258789,-131.05603335128876,-107.23407804226306,1,-1,1,-1,1,-1,1,single,0.0,0,1000.0,10.0,,10,auto,peak,
0,23,24,21000000000.0,6845000000.0,21000000000.0,6845000000.0,lo+if,IF_harmonic,0,5,1,0*LO + 5*IF,34225000000.0,34225000000.0,34224999915.1,-84.9000015258789,-84.9000015258789,-130.87331365019645,-107.05135834117075,1,-1,1,-1,1,-1,1,single,0.0,0,1000.0,10.0,,10,auto,peak,
0,23,24,21000000000.0,6845000000.0,21000000000.0,6845000000.0,lo+if,spur,1,2,1,1*LO + 2*IF,34690000000.0,34690000000.0,34690000000.0,0.0,0.0,-84.55355130614473,-60.73159599711903,0,-1,1,-1,1,-1,1,single,0.0,0,1000.0,10.0,,10,auto,peak,
