lo_index,if_index,point_index,lo_set_Hz,if_set_Hz,lo_model_Hz,if_model_Hz,mode,kind,m,n,sign,expression,expected_freq_Hz,expected_corr_freq_Hz,measured_freq_Hz,freq_error_Hz,freq_error_corr_Hz,power_dBm,rel_dBc_vs_desired,noise_limited,cluster_id,cluster_size,analytic_coincidence_id,analytic_coincidence_size,measured_coincidence_id,measured_coincidence_size,measurement_scope,cluster_window_half_width_Hz,cluster_window_fallback,span_Hz,rbw_Hz,vbw_Hz,avg_sweeps,marker_mode_global,marker_mode_effective,error
0,97,98,21000000000.0,7955000000.0,21000000000.0,7955000000.0,lo+if,desired,1,1,1,1*LO + 1*IF,28955000000.0,28955000000.0,28955000000.0,0.0,0.0,-24.259875646805984,0.0,0,-1,1,-1,1,-1,1,single,0.0,0,1000.0,10.0,,10,auto,peak,
0,97,98,21000000000.0,7955000000.0,21000000000.0,7955000000.0,lo+if,spur,2,2,-1,2*LO - 2*IF,26090000000.0,26090000000.0,26090000000.0,0.0,0.0,-81.94389411032923,-57.684018463523245,0,-1,1,-1,1,-1,1,single,0.0,0,1000.0,10.0,,10,auto,peak,
0,97,98,21000000000.0,7955000000.0,21000000000.0,7955000000.0,lo+if,spur,3,4,-1,3*LO - 4*IF,31180000000.0,31180000000.0,31179999980.0,-20.0,-20.0,-131.17376213601193,-106.91388648920595,1,-1,1,-1,1,-1,1,single,0.0,0,1000.0,10.0,,10,auto,peak,
0,97,98,21000000000.0,7955000000.0,21000000000.0,7955000000.0,lo+if,IF_harmonic,0,4,1,0*LO + 4*IF,31820000000.0,31820000000.0,31819999791.2,-208.79999923706055,-208.79999923706055,-130.5137039331009,-106.25382828629493,1,-1,1,-1,1,-1,1,single,0.0,0,1000.0,10.0,,10,auto,peak,
0,97,98,21000000000.0,7955000000.0,21000000000.0,7955000000.0,lo+if,spur,2,1,-1,2*LO - 1*IF,34045000000.0,34045000000.0,34045000000.0,0.0,0.0,-73.98983329040318,-49.7299576435972,0,-1,1,-1,1,-1,1,single,0.0,0,1000.0,10.0,,10,auto,peak,
