lo_index,if_index,point_index,lo_set_Hz,if_set_Hz,lo_model_Hz,if_model_Hz,mode,kind,m,n,sign,expression,expected_freq_Hz,expected_corr_freq_Hz,measured_freq_Hz,freq_error_Hz,freq_error_corr_Hz,power_dBm,rel_dBc_vs_desired,noise_limited,cluster_id,cluster_size,analytic_coincidence_id,analytic_coincidence_size,measured_coincidence_id,measured_coincidence_size,measurement_scope,cluster_window_half_width_Hz,cluster_window_fallback,span_Hz,rbw_Hz,vbw_Hz,avg_sweeps,marker_mode_global,marker_mode_effective,error
0,23,24,21000000000.0,6845000000.0,21000000000.0,6845000000.0,lo+if,desired,1,1,1,1*LO + 1*IF,27845000000.0,27845000000.0,27845000000.0,0.0,0.0,-25.94754583486427,0.0,0,-1,1,-1,1,-1,1,single,0.0,0,1000.0,10.0,,10,auto,peak,
0,23,24,21000000000.0,6845000000.0,21000000000.0,6845000000.0,lo+if,IF_harmonic,0,4,1,0*LO + 4*IF,27380000000.0,27380000000.0,27380000000.0,0.0,0.0,-81.76561757799288,-55.81807174312861,0,-1,1,-1,1,-1,1,single,0.0,0,1000.0,10.0,,10,auto,peak,
0,23,24,21000000000.0,6845000000.0,21000000000.0,6845000000.0,lo+if,spur,2,2,-1,2*LO - 2*IF,28310000000.0,28310000000.0,28310000000.0,0.0,0.0,-76.09941185842948,-50.151866023565205,0,-1,1,-1,1,-1,1,single,0.0,0,1000.0,10.0,,10,auto,peak,
0,23,24,21000000000.0,6845000000.0,21000000000.0,6845000000.0,lo+if,spur,3,5,-1,3*LO - 5*IF,28775000000.0,28775000000.0,28774999726.3,-273.70000076293945,-273.70000076293945,-131.05486331803658,-105.10731748317231,1,-1,1,-1,1,-1,1,single,0.0,0,1000.0,10.0,,10,auto,peak,
0,23,24,21000000000.0,6845000000.0,21000000000.0,6845000000.0,lo+if,IF_harmonic,0,5,1,0*LO + 5*IF,34225000000.0,34225000000.0,34225000438.6,438.5999984741211,438.5999984741211,-131.11803844167449,-105.17049260681021,1,-1,1,-1,1,-1,1,single,0.0,0,1000.0,10.0,,10,auto,peak,
0,23,24,21000000000.0,6845000000.0,21000000000.0,6845000000.0,lo+if,spur,1,2,1,1*LO + 2*IF,34690000000.0,34690000000.0,34690000000.0,0.0,0.0,-85.98018529250777,-60.0326394576435,0,-1,1,-1,1,-1,1,single,0.0,0,1000.0,10.0,,10,auto,peak,
