lo_index,if_index,point_index,lo_set_Hz,if_set_Hz,lo_model_Hz,if_model_Hz,mode,kind,m,n,sign,expression,expected_freq_Hz,expected_corr_freq_Hz,measured_freq_Hz,freq_error_Hz,freq_error_corr_Hz,power_dBm,rel_dBc_vs_desired,noise_limited,cluster_id,cluster_size,analytic_coincidence_id,analytic_coincidence_size,measured_coincidence_id,measured_coincidence_size,measurement_scope,cluster_window_half_width_Hz,cluster_window_fallback,span_Hz,rbw_Hz,vbw_Hz,avg_sweeps,marker_mode_global,marker_mode_effective,error
0,81,82,21000000000.0,7715000000.0,21000000000.0,7715000000.0,lo+if,desired,1,1,1,1*LO + 1*IF,28715000000.0,28715000000.0,28715000000.0,0.0,0.0,-26.74680394281382,0.0,0,-1,1,-1,1,-1,1,single,0.0,0,1000.0,10.0,,10,auto,peak,
0,81,82,21000000000.0,7715000000.0,21000000000.0,7715000000.0,lo+if,spur,2,2,-1,2*LO - 2*IF,26570000000.0,26570000000.0,26570000000.0,0.0,0.0,-76.83634037454217,-50.089536431728355,0,-1,1,-1,1,-1,1,single,0.0,0,1000.0,10.0,,10,auto,peak,
0,81,82,21000000000.0,7715000000.0,21000000000.0,7715000000.0,lo+if,IF_harmonic,0,4,1,0*LO + 4*IF,30860000000.0,30860000000.0,30860000000.0,0.0,0.0,-120.58628109579145,-93.83947715297762,1,-1,1,-1,1,-1,1,single,0.0,0,1000.0,10.0,,10,auto,peak,
0,81,82,21000000000.0,7715000000.0,21000000000.0,7715000000.0,lo+if,spur,3,4,-1,3*LO - 4*IF,32140000000.0,32140000000.0,32140000004.0,4.0,4.0,-132.16379199084113,-105.41698804802732,1,-1,1,-1,1,-1,1,single,0.0,0,1000.0,10.0,,10,auto,peak,
0,81,82,21000000000.0,7715000000.0,21000000000.0,7715000000.0,lo+if,spur,2,1,-1,2*LO - 1*IF,34285000000.0,34285000000.0,34285000000.0,0.0,0.0,-53.9979167155372,-27.25111277272338,0,-1,1,-1,1,-1,1,single,0.0,0,1000.0,10.0,,10,auto,peak,
