lo_index,if_index,point_index,lo_set_Hz,if_set_Hz,lo_model_Hz,if_model_Hz,mode,kind,m,n,sign,expression,expected_freq_Hz,expected_corr_freq_Hz,measured_freq_Hz,freq_error_Hz,freq_error_corr_Hz,power_dBm,rel_dBc_vs_desired,noise_limited,cluster_id,cluster_size,analytic_coincidence_id,analytic_coincidence_size,measured_coincidence_id,measured_coincidence_size,measurement_scope,cluster_window_half_width_Hz,cluster_window_fallback,span_Hz,rbw_Hz,vbw_Hz,avg_sweeps,marker_mode_global,marker_mode_effective,error
0,0,1,21000000000.0,6500000000.0,21000000000.0,6500000000.0,lo+if,desired,1,1,1,1*LO + 1*IF,27500000000.0,27500000000.0,27500000000.0,0.0,0.0,-27.962157785223106,0.0,0,-1,1,-1,1,-1,1,single,0.0,0,1000.0,10.0,,10,auto,peak,
0,0,1,21000000000.0,6500000000.0,21000000000.0,6500000000.0,lo+if,IF_harmonic,0,4,1,0*LO + 4*IF,26000000000.0,26000000000.0,26000000000.0,0.0,0.0,-90.61867045077128,-62.65651266554817,0,-1,1,-1,1,-1,1,single,0.0,0,1000.0,10.0,,10,auto,peak,
0,0,1,21000000000.0,6500000000.0,21000000000.0,6500000000.0,lo+if,spur,2,2,-1,2*LO - 2*IF,29000000000.0,29000000000.0,29000000000.0,0.0,0.0,-73.78748869233699,-45.82533090711389,0,-1,1,-1,1,-1,1,single,0.0,0,1000.0,10.0,,10,auto,peak,
0,0,1,21000000000.0,6500000000.0,21000000000.0,6500000000.0,lo+if,spur,3,5,-1,3*LO - 5*IF,30500000000.0,30500000000.0,30499999636.4,-363.5999984741211,-363.5999984741211,-132.79181968924536,-104.82966190402226,1,-1,1,-1,1,-1,1,single,0.0,0,1000.0,10.0,,10,auto,peak,
0,0,1,21000000000.0,6500000000.0,21000000000.0,6500000000.0,lo+if,IF_harmonic,0,5,1,0*LO + 5*IF,32500000000.0,32500000000.0,32499999998.0,-2.0,-2.0,-130.97889621465703,-103.01673842943393,1,-1,1,-1,1,-1,1,single,0.0,0,1000.0,10.0,,10,auto,peak,
0,0,1,21000000000.0,6500000000.0,21000000000.0,6500000000.0,lo+if,spur,1,2,1,1*LO + 2*IF,34000000000.0,34000000000.0,34000000000.0,0.0,0.0,-88.9628298288382,-61.00067204361509,0,-1,1,-1,1,-1,1,single,0.0,0,1000.0,10.0,,10,auto,peak,
