lo_index,if_index,point_index,lo_set_Hz,if_set_Hz,lo_model_Hz,if_model_Hz,mode,kind,m,n,sign,expression,expected_freq_Hz,expected_corr_freq_Hz,measured_freq_Hz,freq_error_Hz,freq_error_corr_Hz,power_dBm,rel_dBc_vs_desired,noise_limited,cluster_id,cluster_size,analytic_coincidence_id,analytic_coincidence_size,measured_coincidence_id,measured_coincidence_size,measurement_scope,cluster_window_half_width_Hz,cluster_window_fallback,span_Hz,rbw_Hz,vbw_Hz,avg_sweeps,marker_mode_global,marker_mode_effective,error
0,74,75,21000000000.0,7610000000.0,21000000000.0,7610000000.0,lo+if,desired,1,1,1,1*LO + 1*IF,28610000000.0,28610000000.0,28610000000.0,0.0,0.0,-25.902940232471302,0.0,0,-1,1,-1,1,-1,1,single,0.0,0,1000.0,10.0,,10,auto,peak,
0,74,75,21000000000.0,7610000000.0,21000000000.0,7610000000.0,lo+if,spur,2,2,-1,2*LO - 2*IF,26780000000.0,26780000000.0,26780000000.0,0.0,0.0,-75.3178238710729,-49.4148836386016,0,-1,1,-1,1,-1,1,single,0.0,0,1000.0,10.0,,10,auto,peak,
0,74,75,21000000000.0,7610000000.0,21000000000.0,7610000000.0,lo+if,IF_harmonic,0,4,1,0*LO + 4*IF,30440000000.0,30440000000.0,30440000000.0,0.0,0.0,-120.39583209563804,-94.49289186316673,1,-1,1,-1,1,-1,1,single,0.0,0,1000.0,10.0,,10,auto,peak,
0,74,75,21000000000.0,7610000000.0,21000000000.0,7610000000.0,lo+if,spur,3,4,-1,3*LO - 4*IF,32560000000.0,32560000000.0,32560000205.8,205.79999923706055,205.79999923706055,-132.25666716686752,-106.3537269343962,1,-1,1,-1,1,-1,1,single,0.0,0,1000.0,10.0,,10,auto,peak,
0,74,75,21000000000.0,7610000000.0,21000000000.0,7610000000.0,lo+if,spur,2,1,-1,2*LO - 1*IF,34390000000.0,34390000000.0,34390000000.0,0.0,0.0,-52.385127901117045,-26.482187668645743,0,-1,1,-1,1,-1,1,single,0.0,0,1000.0,10.0,,10,auto,peak,
