lo_index,if_index,point_index,lo_set_Hz,if_set_Hz,lo_model_Hz,if_model_Hz,mode,kind,m,n,sign,expression,expected_freq_Hz,expected_corr_freq_Hz,measured_freq_Hz,freq_error_Hz,freq_error_corr_Hz,power_dBm,rel_dBc_vs_desired,noise_limited,cluster_id,cluster_size,analytic_coincidence_id,analytic_coincidence_size,measured_coincidence_id,measured_coincidence_size,measurement_scope,cluster_window_half_width_Hz,cluster_window_fallback,span_Hz,rbw_Hz,vbw_Hz,avg_sweeps,marker_mode_global,marker_mode_effective,error
0,70,71,21000000000.0,7550000000.0,21000000000.0,7550000000.0,lo+if,desired,1,1,1,1*LO + 1*IF,28550000000.0,28550000000.0,28550000000.0,0.0,0.0,-28.360690860861407,0.0,0,-1,1,-1,1,-1,1,single,0.0,0,1000.0,10.0,,10,auto,peak,
0,70,71,21000000000.0,7550000000.0,21000000000.0,7550000000.0,lo+if,spur,3,5,-1,3*LO - 5*IF,25250000000.0,25250000000.0,25250000221.8,221.79999923706055,221.79999923706055,-130.43553998744753,-102.07484912658612,1,-1,1,-1,1,-1,1,single,0.0,0,1000.0,10.0,,10,auto,peak,
0,70,71,21000000000.0,7550000000.0,21000000000.0,7550000000.0,lo+if,spur,2,2,-1,2*LO - 2*IF,26900000000.0,26900000000.0,26900000000.0,0.0,0.0,-76.03274397692029,-47.672053116058876,0,-1,1,-1,1,-1,1,single,0.0,0,1000.0,10.0,,10,auto,peak,
0,70,71,21000000000.0,7550000000.0,21000000000.0,7550000000.0,lo+if,IF_harmonic,0,4,1,0*LO + 4*IF,30200000000.0,30200000000.0,30200000000.0,0.0,0.0,-120.82199335061736,-92.46130248975595,1,-1,1,-1,1,-1,1,single,0.0,0,1000.0,10.0,,10,auto,peak,
0,70,71,21000000000.0,7550000000.0,21000000000.0,7550000000.0,lo+if,spur,3,4,-1,3*LO - 4*IF,32800000000.0,32800000000.0,32800000233.8,233.79999923706055,233.79999923706055,-131.19032878328045,-102.82963792241904,1,-1,1,-1,1,-1,1,single,0.0,0,1000.0,10.0,,10,auto,peak,
0,70,71,21000000000.0,7550000000.0,21000000000.0,7550000000.0,lo+if,spur,2,1,-1,2*LO - 1*IF,34450000000.0,34450000000.0,34450000000.0,0.0,0.0,-53.86031695105463,-25.49962609019322,0,-1,1,-1,1,-1,1,single,0.0,0,1000.0,10.0,,10,auto,peak,
