lo_index,if_index,point_index,lo_set_Hz,if_set_Hz,lo_model_Hz,if_model_Hz,mode,kind,m,n,sign,expression,expected_freq_Hz,expected_corr_freq_Hz,measured_freq_Hz,freq_error_Hz,freq_error_corr_Hz,power_dBm,rel_dBc_vs_desired,noise_limited,cluster_id,cluster_size,analytic_coincidence_id,analytic_coincidence_size,measured_coincidence_id,measured_coincidence_size,measurement_scope,cluster_window_half_width_Hz,cluster_window_fallback,span_Hz,rbw_Hz,vbw_Hz,avg_sweeps,marker_mode_global,marker_mode_effective,error
0,45,46,21000000000.0,7175000000.0,21000000000.0,7175000000.0,lo+if,desired,1,1,1,1*LO + 1*IF,28175000000.0,28175000000.0,28175000000.0,0.0,0.0,-27.009943253684234,0.0,0,-1,1,-1,1,-1,1,single,0.0,0,1000.0,10.0,,10,auto,peak,
0,45,46,21000000000.0,7175000000.0,21000000000.0,7175000000.0,lo+if,spur,3,5,-1,3*LO - 5*IF,27125000000.0,27125000000.0,27124999713.3,-286.70000076293945,-286.70000076293945,-131.84747520534015,-104.8375319516559,1,-1,1,-1,1,-1,1,single,0.0,0,1000.0,10.0,,10,auto,peak,
0,45,46,21000000000.0,7175000000.0,21000000000.0,7175000000.0,lo+if,spur,2,2,-1,2*LO - 2*IF,27650000000.0,27650000000.0,27650000000.0,0.0,0.0,-73.29673942109729,-46.28679616741305,0,-1,1,-1,1,-1,1,single,0.0,0,1000.0,10.0,,10,auto,peak,
0,45,46,21000000000.0,7175000000.0,21000000000.0,7175000000.0,lo+if,IF_harmonic,0,4,1,0*LO + 4*IF,28700000000.0,28700000000.0,28700000000.0,0.0,0.0,-108.34705042280218,-81.33710716911796,0,-1,1,-1,1,-1,1,single,0.0,0,1000.0,10.0,,10,auto,peak,
0,45,46,21000000000.0,7175000000.0,21000000000.0,7175000000.0,lo+if,spur,3,4,-1,3*LO - 4*IF,34300000000.0,34300000000.0,34300000000.0,0.0,0.0,-129.53845604687987,-102.52851279319563,1,-1,1,-1,1,-1,1,single,0.0,0,1000.0,10.0,,10,auto,peak,
0,45,46,21000000000.0,7175000000.0,21000000000.0,7175000000.0,lo+if,spur,2,1,-1,2*LO - 1*IF,34825000000.0,34825000000.0,34825000000.0,0.0,0.0,-56.906016760460936,-29.896073506776702,0,-1,1,-1,1,-1,1,single,0.0,0,1000.0,10.0,,10,auto,peak,
