lo_index,if_index,point_index,lo_set_Hz,if_set_Hz,lo_model_Hz,if_model_Hz,mode,kind,m,n,sign,expression,expected_freq_Hz,expected_corr_freq_Hz,measured_freq_Hz,freq_error_Hz,freq_error_corr_Hz,power_dBm,rel_dBc_vs_desired,noise_limited,cluster_id,cluster_size,analytic_coincidence_id,analytic_coincidence_size,measured_coincidence_id,measured_coincidence_size,measurement_scope,cluster_window_half_width_Hz,cluster_window_fallback,span_Hz,rbw_Hz,vbw_Hz,avg_sweeps,marker_mode_global,marker_mode_effective,error
0,34,35,21000000000.0,7010000000.0,21000000000.0,7010000000.0,lo+if,desired,1,1,1,1*LO + 1*IF,28010000000.0,28010000000.0,28010000000.0,0.0,0.0,-28.035620599297523,0.0,0,-1,1,-1,1,-1,1,single,0.0,0,1000.0,10.0,,10,auto,peak,
0,34,35,21000000000.0,7010000000.0,21000000000.0,7010000000.0,lo+if,spur,3,5,-1,3*LO - 5*IF,27950000000.0,27950000000.0,27949999999.0,-1.0,-1.0,-130.7421216011607,-102.70650100186319,1,-1,1,-1,1,-1,1,single,0.0,0,1000.0,10.0,,10,auto,peak,
0,34,35,21000000000.0,7010000000.0,21000000000.0,7010000000.0,lo+if,spur,2,2,-1,2*LO - 2*IF,27980000000.0,27980000000.0,27980000000.0,0.0,0.0,-74.86421561129744,-46.828595011999916,0,-1,1,-1,1,-1,1,single,0.0,0,1000.0,10.0,,10,auto,peak,
0,34,35,21000000000.0,7010000000.0,21000000000.0,7010000000.0,lo+if,IF_harmonic,0,4,1,0*LO + 4*IF,28040000000.0,28040000000.0,28040000000.0,0.0,0.0,-77.28294353120542,-49.247322931907895,0,-1,1,-1,1,-1,1,single,0.0,0,1000.0,10.0,,10,auto,peak,
0,34,35,21000000000.0,7010000000.0,21000000000.0,7010000000.0,lo+if,spur,3,4,-1,3*LO - 4*IF,34960000000.0,34960000000.0,34960000000.0,0.0,0.0,-99.54519416155242,-71.5095735622549,0,-1,1,-1,1,-1,1,single,0.0,0,1000.0,10.0,,10,auto,peak,
0,34,35,21000000000.0,7010000000.0,21000000000.0,7010000000.0,lo+if,spur,2,1,-1,2*LO - 1*IF,34990000000.0,34990000000.0,34990000000.0,0.0,0.0,-54.80175560613386,-26.766135006836336,0,-1,1,-1,1,-1,1,single,0.0,0,1000.0,10.0,,10,auto,peak,
