lo_index,if_index,point_index,lo_set_Hz,if_set_Hz,lo_model_Hz,if_model_Hz,mode,kind,m,n,sign,expression,expected_freq_Hz,expected_corr_freq_Hz,measured_freq_Hz,freq_error_Hz,freq_error_corr_Hz,power_dBm,rel_dBc_vs_desired,noise_limited,cluster_id,cluster_size,analytic_coincidence_id,analytic_coincidence_size,measured_coincidence_id,measured_coincidence_size,measurement_scope,cluster_window_half_width_Hz,cluster_window_fallback,span_Hz,rbw_Hz,vbw_Hz,avg_sweeps,marker_mode_global,marker_mode_effective,error
0,21,22,21000000000.0,6815000000.0,21000000000.0,6815000000.0,lo+if,desired,1,1,1,1*LO + 1*IF,27815000000.0,27815000000.0,27815000000.0,0.0,0.0,-26.943115641461574,0.0,0,-1,1,-1,1,-1,1,single,0.0,0,1000.0,10.0,,10,auto,peak,
0,21,22,21000000000.0,6815000000.0,21000000000.0,6815000000.0,lo+if,IF_harmonic,0,4,1,0*LO + 4*IF,27260000000.0,27260000000.0,27260000000.0,0.0,0.0,-77.55164012222052,-50.608524480758945,0,-1,1,-1,1,-1,1,single,0.0,0,1000.0,10.0,,10,auto,peak,
0,21,22,21000000000.0,6815000000.0,21000000000.0,6815000000.0,lo+if,spur,2,2,-1,2*LO - 2*IF,28370000000.0,28370000000.0,28370000000.0,0.0,0.0,-75.90500376747293,-48.96188812601136,0,-1,1,-1,1,-1,1,single,0.0,0,1000.0,10.0,,10,auto,peak,
0,21,22,21000000000.0,6815000000.0,21000000000.0,6815000000.0,lo+if,spur,3,5,-1,3*LO - 5*IF,28925000000.0,28925000000.0,28925000061.9,61.900001525878906,61.900001525878906,-132.16782516240957,-105.224709520948,1,-1,1,-1,1,-1,1,single,0.0,0,1000.0,10.0,,10,auto,peak,
0,21,22,21000000000.0,6815000000.0,21000000000.0,6815000000.0,lo+if,IF_harmonic,0,5,1,0*LO + 5*IF,34075000000.0,34075000000.0,34075000066.9,66.9000015258789,66.9000015258789,-130.44024691719494,-103.49713127573337,1,-1,1,-1,1,-1,1,single,0.0,0,1000.0,10.0,,10,auto,peak,
0,21,22,21000000000.0,6815000000.0,21000000000.0,6815000000.0,lo+if,spur,1,2,1,1*LO + 2*IF,34630000000.0,34630000000.0,34630000000.0,0.0,0.0,-84.71994301747422,-57.77682737601265,0,-1,1,-1,1,-1,1,single,0.0,0,1000.0,10.0,,10,auto,peak,
