lo_index,if_index,point_index,lo_set_Hz,if_set_Hz,lo_model_Hz,if_model_Hz,mode,kind,m,n,sign,expression,expected_freq_Hz,expected_corr_freq_Hz,measured_freq_Hz,freq_error_Hz,freq_error_corr_Hz,power_dBm,rel_dBc_vs_desired,noise_limited,cluster_id,cluster_size,analytic_coincidence_id,analytic_coincidence_size,measured_coincidence_id,measured_coincidence_size,measurement_scope,cluster_window_half_width_Hz,cluster_window_fallback,span_Hz,rbw_Hz,vbw_Hz,avg_sweeps,marker_mode_global,marker_mode_effective,error
0,26,27,21000000000.0,6890000000.0,21000000000.0,6890000000.0,lo+if,desired,1,1,1,1*LO + 1*IF,27890000000.0,27890000000.0,27890000000.0,0.0,0.0,-26.01769785843952,0.0,0,-1,1,-1,1,-1,1,single,0.0,0,1000.0,10.0,,10,auto,peak,
0,26,27,21000000000.0,6890000000.0,21000000000.0,6890000000.0,lo+if,IF_harmonic,0,4,1,0*LO + 4*IF,27560000000.0,27560000000.0,27560000000.0,0.0,0.0,-81.63284586130732,-55.6151480028678,0,-1,1,-1,1,-1,1,single,0.0,0,1000.0,10.0,,10,auto,peak,
0,26,27,21000000000.0,6890000000.0,21000000000.0,6890000000.0,lo+if,spur,2,2,-1,2*LO - 2*IF,28220000000.0,28220000000.0,28220000000.0,0.0,0.0,-72.69081522888682,-46.6731173704473,0,-1,1,-1,1,-1,1,single,0.0,0,1000.0,10.0,,10,auto,peak,
0,26,27,21000000000.0,6890000000.0,21000000000.0,6890000000.0,lo+if,spur,3,5,-1,3*LO - 5*IF,28550000000.0,28550000000.0,28550000003.0,3.0,3.0,-131.00115499497306,-104.98345713653354,1,-1,1,-1,1,-1,1,single,0.0,0,1000.0,10.0,,10,auto,peak,
0,26,27,21000000000.0,6890000000.0,21000000000.0,6890000000.0,lo+if,IF_harmonic,0,5,1,0*LO + 5*IF,34450000000.0,34450000000.0,34449999579.4,-420.5999984741211,-420.5999984741211,-129.8050717648009,-103.7873739063614,1,-1,1,-1,1,-1,1,single,0.0,0,1000.0,10.0,,10,auto,peak,
0,26,27,21000000000.0,6890000000.0,21000000000.0,6890000000.0,lo+if,spur,1,2,1,1*LO + 2*IF,34780000000.0,34780000000.0,34780000000.0,0.0,0.0,-84.65169792955777,-58.63400007111825,0,-1,1,-1,1,-1,1,single,0.0,0,1000.0,10.0,,10,auto,peak,
