lo_index,if_index,point_index,lo_set_Hz,if_set_Hz,lo_model_Hz,if_model_Hz,mode,kind,m,n,sign,expression,expected_freq_Hz,expected_corr_freq_Hz,measured_freq_Hz,freq_error_Hz,freq_error_corr_Hz,power_dBm,rel_dBc_vs_desired,noise_limited,cluster_id,cluster_size,analytic_coincidence_id,analytic_coincidence_size,measured_coincidence_id,measured_coincidence_size,measurement_scope,cluster_window_half_width_Hz,cluster_window_fallback,span_Hz,rbw_Hz,vbw_Hz,avg_sweeps,marker_mode_global,marker_mode_effective,error
0,29,30,21000000000.0,6935000000.0,21000000000.0,6935000000.0,lo+if,desired,1,1,1,1*LO + 1*IF,27935000000.0,27935000000.0,27935000000.0,0.0,0.0,-26.540384102836416,0.0,0,-1,1,-1,1,-1,1,single,0.0,0,1000.0,10.0,,10,auto,peak,
0,29,30,21000000000.0,6935000000.0,21000000000.0,6935000000.0,lo+if,IF_harmonic,0,4,1,0*LO + 4*IF,27740000000.0,27740000000.0,27740000000.0,0.0,0.0,-81.15379093965849,-54.61340683682208,0,-1,1,-1,1,-1,1,single,0.0,0,1000.0,10.0,,10,auto,peak,
0,29,30,21000000000.0,6935000000.0,21000000000.0,6935000000.0,lo+if,spur,2,2,-1,2*LO - 2*IF,28130000000.0,28130000000.0,28130000000.0,0.0,0.0,-74.75110406156216,-48.21071995872575,0,-1,1,-1,1,-1,1,single,0.0,0,1000.0,10.0,,10,auto,peak,
0,29,30,21000000000.0,6935000000.0,21000000000.0,6935000000.0,lo+if,spur,3,5,-1,3*LO - 5*IF,28325000000.0,28325000000.0,28324999927.1,-72.9000015258789,-72.9000015258789,-131.4014305627411,-104.86104645990468,1,-1,1,-1,1,-1,1,single,0.0,0,1000.0,10.0,,10,auto,peak,
0,29,30,21000000000.0,6935000000.0,21000000000.0,6935000000.0,lo+if,IF_harmonic,0,5,1,0*LO + 5*IF,34675000000.0,34675000000.0,34675000419.6,419.5999984741211,419.5999984741211,-129.4088621663945,-102.86847806355809,1,-1,1,-1,1,-1,1,single,0.0,0,1000.0,10.0,,10,auto,peak,
0,29,30,21000000000.0,6935000000.0,21000000000.0,6935000000.0,lo+if,spur,1,2,1,1*LO + 2*IF,34870000000.0,34870000000.0,34870000000.0,0.0,0.0,-85.64822191345398,-59.10783781061757,0,-1,1,-1,1,-1,1,single,0.0,0,1000.0,10.0,,10,auto,peak,
