lo_index,if_index,point_index,lo_set_Hz,if_set_Hz,lo_model_Hz,if_model_Hz,mode,kind,m,n,sign,expression,expected_freq_Hz,expected_corr_freq_Hz,measured_freq_Hz,freq_error_Hz,freq_error_corr_Hz,power_dBm,rel_dBc_vs_desired,noise_limited,cluster_id,cluster_size,analytic_coincidence_id,analytic_coincidence_size,measured_coincidence_id,measured_coincidence_size,measurement_scope,cluster_window_half_width_Hz,cluster_window_fallback,span_Hz,rbw_Hz,vbw_Hz,avg_sweeps,marker_mode_global,marker_mode_effective,error
0,15,16,21000000000.0,6725000000.0,21000000000.0,6725000000.0,lo+if,desired,1,1,1,1*LO + 1*IF,27725000000.0,27725000000.0,27725000000.0,0.0,0.0,-27.08992821947328,0.0,0,-1,1,-1,1,-1,1,single,0.0,0,1000.0,10.0,,10,auto,peak,
0,15,16,21000000000.0,6725000000.0,21000000000.0,6725000000.0,lo+if,IF_harmonic,0,4,1,0*LO + 4*IF,26900000000.0,26900000000.0,26900000000.0,0.0,0.0,-86.08211209725077,-58.99218387777749,0,-1,1,-1,1,-1,1,single,0.0,0,1000.0,10.0,,10,auto,peak,
0,15,16,21000000000.0,6725000000.0,21000000000.0,6725000000.0,lo+if,spur,2,2,-1,2*LO - 2*IF,28550000000.0,28550000000.0,28550000000.0,0.0,0.0,-76.50213181234147,-49.412203592868195,0,-1,1,-1,1,-1,1,single,0.0,0,1000.0,10.0,,10,auto,peak,
0,15,16,21000000000.0,6725000000.0,21000000000.0,6725000000.0,lo+if,spur,3,5,-1,3*LO - 5*IF,29375000000.0,29375000000.0,29374999514.5,-485.5,-485.5,-132.11749812524627,-105.02756990577299,1,-1,1,-1,1,-1,1,single,0.0,0,1000.0,10.0,,10,auto,peak,
0,15,16,21000000000.0,6725000000.0,21000000000.0,6725000000.0,lo+if,IF_harmonic,0,5,1,0*LO + 5*IF,33625000000.0,33625000000.0,33625000224.8,224.79999923706055,224.79999923706055,-131.71651462940443,-104.62658640993115,1,-1,1,-1,1,-1,1,single,0.0,0,1000.0,10.0,,10,auto,peak,
0,15,16,21000000000.0,6725000000.0,21000000000.0,6725000000.0,lo+if,spur,1,2,1,1*LO + 2*IF,34450000000.0,34450000000.0,34450000000.0,0.0,0.0,-87.92979797475367,-60.83986975528039,0,-1,1,-1,1,-1,1,single,0.0,0,1000.0,10.0,,10,auto,peak,
