lo_index,if_index,point_index,lo_set_Hz,if_set_Hz,lo_model_Hz,if_model_Hz,mode,kind,m,n,sign,expression,expected_freq_Hz,expected_corr_freq_Hz,measured_freq_Hz,freq_error_Hz,freq_error_corr_Hz,power_dBm,rel_dBc_vs_desired,noise_limited,cluster_id,cluster_size,analytic_coincidence_id,analytic_coincidence_size,measured_coincidence_id,measured_coincidence_size,measurement_scope,cluster_window_half_width_Hz,cluster_window_fallback,span_Hz,rbw_Hz,vbw_Hz,avg_sweeps,marker_mode_global,marker_mode_effective,error
0,22,23,21000000000.0,6830000000.0,21000000000.0,6830000000.0,lo+if,desired,1,1,1,1*LO + 1*IF,27830000000.0,27830000000.0,27830000000.0,0.0,0.0,-26.406477303111558,0.0,0,-1,1,-1,1,-1,1,single,0.0,0,1000.0,10.0,,10,auto,peak,
0,22,23,21000000000.0,6830000000.0,21000000000.0,6830000000.0,lo+if,IF_harmonic,0,4,1,0*LO + 4*IF,27320000000.0,27320000000.0,27320000000.0,0.0,0.0,-79.73861869298776,-53.3321413898762,0,-1,1,-1,1,-1,1,single,0.0,0,1000.0,10.0,,10,auto,peak,
0,22,23,21000000000.0,6830000000.0,21000000000.0,6830000000.0,lo+if,spur,2,2,-1,2*LO - 2*IF,28340000000.0,28340000000.0,28340000000.0,0.0,0.0,-76.61332965590711,-50.20685235279555,0,-1,1,-1,1,-1,1,single,0.0,0,1000.0,10.0,,10,auto,peak,
0,22,23,21000000000.0,6830000000.0,21000000000.0,6830000000.0,lo+if,spur,3,5,-1,3*LO - 5*IF,28850000000.0,28850000000.0,28849999999.0,-1.0,-1.0,-131.9885628045648,-105.58208550145324,1,-1,1,-1,1,-1,1,single,0.0,0,1000.0,10.0,,10,auto,peak,
0,22,23,21000000000.0,6830000000.0,21000000000.0,6830000000.0,lo+if,IF_harmonic,0,5,1,0*LO + 5*IF,34150000000.0,34150000000.0,34150000175.8,175.79999923706055,175.79999923706055,-129.9126779074279,-103.50620060431635,1,-1,1,-1,1,-1,1,single,0.0,0,1000.0,10.0,,10,auto,peak,
0,22,23,21000000000.0,6830000000.0,21000000000.0,6830000000.0,lo+if,spur,1,2,1,1*LO + 2*IF,34660000000.0,34660000000.0,34660000000.0,0.0,0.0,-85.29425563173245,-58.8877783286209,0,-1,1,-1,1,-1,1,single,0.0,0,1000.0,10.0,,10,auto,peak,
