lo_index,if_index,point_index,lo_set_Hz,if_set_Hz,lo_model_Hz,if_model_Hz,mode,kind,m,n,sign,expression,expected_freq_Hz,expected_corr_freq_Hz,measured_freq_Hz,freq_error_Hz,freq_error_corr_Hz,power_dBm,rel_dBc_vs_desired,noise_limited,cluster_id,cluster_size,analytic_coincidence_id,analytic_coincidence_size,measured_coincidence_id,measured_coincidence_size,measurement_scope,cluster_window_half_width_Hz,cluster_window_fallback,span_Hz,rbw_Hz,vbw_Hz,avg_sweeps,marker_mode_global,marker_mode_effective,error
0,50,51,21000000000.0,7250000000.0,21000000000.0,7250000000.0,lo+if,desired,1,1,1,1*LO + 1*IF,28250000000.0,28250000000.0,28250000000.0,0.0,0.0,-27.790351687764332,0.0,0,-1,1,-1,1,-1,1,single,0.0,0,1000.0,10.0,,10,auto,peak,
0,50,51,21000000000.0,7250000000.0,21000000000.0,7250000000.0,lo+if,spur,3,5,-1,3*LO - 5*IF,26750000000.0,26750000000.0,26749999592.4,-407.5999984741211,-407.5999984741211,-131.19370996936556,-103.40335828160123,1,-1,1,-1,1,-1,1,single,0.0,0,1000.0,10.0,,10,auto,peak,
0,50,51,21000000000.0,7250000000.0,21000000000.0,7250000000.0,lo+if,spur,2,2,-1,2*LO - 2*IF,27500000000.0,27500000000.0,27500000000.0,0.0,0.0,-76.77394076405135,-48.98358907628702,0,-1,1,-1,1,-1,1,single,0.0,0,1000.0,10.0,,10,auto,peak,
0,50,51,21000000000.0,7250000000.0,21000000000.0,7250000000.0,lo+if,IF_harmonic,0,4,1,0*LO + 4*IF,29000000000.0,29000000000.0,29000000000.0,0.0,0.0,-107.27586818834384,-79.48551650057951,0,-1,1,-1,1,-1,1,single,0.0,0,1000.0,10.0,,10,auto,peak,
0,50,51,21000000000.0,7250000000.0,21000000000.0,7250000000.0,lo+if,spur,3,4,-1,3*LO - 4*IF,34000000000.0,34000000000.0,34000000001.0,1.0,1.0,-128.83426654273043,-101.0439148549661,1,-1,1,-1,1,-1,1,single,0.0,0,1000.0,10.0,,10,auto,peak,
0,50,51,21000000000.0,7250000000.0,21000000000.0,7250000000.0,lo+if,spur,2,1,-1,2*LO - 1*IF,34750000000.0,34750000000.0,34750000000.0,0.0,0.0,-54.54289457035472,-26.752542882590387,0,-1,1,-1,1,-1,1,single,0.0,0,1000.0,10.0,,10,auto,peak,
