lo_index,if_index,point_index,lo_set_Hz,if_set_Hz,lo_model_Hz,if_model_Hz,mode,kind,m,n,sign,expression,expected_freq_Hz,expected_corr_freq_Hz,measured_freq_Hz,freq_error_Hz,freq_error_corr_Hz,power_dBm,rel_dBc_vs_desired,noise_limited,cluster_id,cluster_size,analytic_coincidence_id,analytic_coincidence_size,measured_coincidence_id,measured_coincidence_size,measurement_scope,cluster_window_half_width_Hz,cluster_window_fallback,span_Hz,rbw_Hz,vbw_Hz,avg_sweeps,marker_mode_global,marker_mode_effective,error
0,7,8,21000000000.0,6605000000.0,21000000000.0,6605000000.0,lo+if,desired,1,1,1,1*LO + 1*IF,27605000000.0,27605000000.0,27605000000.0,0.0,0.0,-25.776335202924777,0.0,0,-1,1,-1,1,-1,1,single,0.0,0,1000.0,10.0,,10,auto,peak,
0,7,8,21000000000.0,6605000000.0,21000000000.0,6605000000.0,lo+if,IF_harmonic,0,4,1,0*LO + 4*IF,26420000000.0,26420000000.0,26420000000.0,0.0,0.0,-91.58379951138663,-65.80746430846185,0,-1,1,-1,1,-1,1,single,0.0,0,1000.0,10.0,,10,auto,peak,
0,7,8,21000000000.0,6605000000.0,21000000000.0,6605000000.0,lo+if,spur,2,2,-1,2*LO - 2*IF,28790000000.0,28790000000.0,28790000000.0,0.0,0.0,-76.26766094183154,-50.49132573890676,0,-1,1,-1,1,-1,1,single,0.0,0,1000.0,10.0,,10,auto,peak,
0,7,8,21000000000.0,6605000000.0,21000000000.0,6605000000.0,lo+if,spur,3,5,-1,3*LO - 5*IF,29975000000.0,29975000000.0,29974999513.5,-486.5,-486.5,-132.795077602025,-107.01874239910023,1,-1,1,-1,1,-1,1,single,0.0,0,1000.0,10.0,,10,auto,peak,
0,7,8,21000000000.0,6605000000.0,21000000000.0,6605000000.0,lo+if,IF_harmonic,0,5,1,0*LO + 5*IF,33025000000.0,33025000000.0,33025000174.8,174.79999923706055,174.79999923706055,-132.2948768006637,-106.51854159773893,1,-1,1,-1,1,-1,1,single,0.0,0,1000.0,10.0,,10,auto,peak,
0,7,8,21000000000.0,6605000000.0,21000000000.0,6605000000.0,lo+if,spur,1,2,1,1*LO + 2*IF,34210000000.0,34210000000.0,34210000000.0,0.0,0.0,-87.03701214613163,-61.26067694320685,0,-1,1,-1,1,-1,1,single,0.0,0,1000.0,10.0,,10,auto,peak,
