lo_index,if_index,point_index,lo_set_Hz,if_set_Hz,lo_model_Hz,if_model_Hz,mode,kind,m,n,sign,expression,expected_freq_Hz,expected_corr_freq_Hz,measured_freq_Hz,freq_error_Hz,freq_error_corr_Hz,power_dBm,rel_dBc_vs_desired,noise_limited,cluster_id,cluster_size,analytic_coincidence_id,analytic_coincidence_size,measured_coincidence_id,measured_coincidence_size,measurement_scope,cluster_window_half_width_Hz,cluster_window_fallback,span_Hz,rbw_Hz,vbw_Hz,avg_sweeps,marker_mode_global,marker_mode_effective,error
0,88,89,21000000000.0,7820000000.0,21000000000.0,7820000000.0,lo+if,desired,1,1,1,1*LO + 1*IF,28820000000.0,28820000000.0,28820000000.0,0.0,0.0,-27.5282912846517,0.0,0,-1,1,-1,1,-1,1,single,0.0,0,1000.0,10.0,,10,auto,peak,
0,88,89,21000000000.0,7820000000.0,21000000000.0,7820000000.0,lo+if,spur,2,2,-1,2*LO - 2*IF,26360000000.0,26360000000.0,26360000000.0,0.0,0.0,-76.21547668350173,-48.68718539885003,0,-1,1,-1,1,-1,1,single,0.0,0,1000.0,10.0,,10,auto,peak,
0,88,89,21000000000.0,7820000000.0,21000000000.0,7820000000.0,lo+if,IF_harmonic,0,4,1,0*LO + 4*IF,31280000000.0,31280000000.0,31280000000.0,0.0,0.0,-125.91525986091632,-98.38696857626462,1,-1,1,-1,1,-1,1,single,0.0,0,1000.0,10.0,,10,auto,peak,
0,88,89,21000000000.0,7820000000.0,21000000000.0,7820000000.0,lo+if,spur,3,4,-1,3*LO - 4*IF,31720000000.0,31720000000.0,31720000085.9,85.9000015258789,85.9000015258789,-130.38511024035265,-102.85681895570094,1,-1,1,-1,1,-1,1,single,0.0,0,1000.0,10.0,,10,auto,peak,
0,88,89,21000000000.0,7820000000.0,21000000000.0,7820000000.0,lo+if,spur,2,1,-1,2*LO - 1*IF,34180000000.0,34180000000.0,34180000000.0,0.0,0.0,-50.97864442800898,-23.450353143357276,0,-1,1,-1,1,-1,1,single,0.0,0,1000.0,10.0,,10,auto,peak,
