lo_index,if_index,point_index,lo_set_Hz,if_set_Hz,lo_model_Hz,if_model_Hz,mode,kind,m,n,sign,expression,expected_freq_Hz,expected_corr_freq_Hz,measured_freq_Hz,freq_error_Hz,freq_error_corr_Hz,power_dBm,rel_dBc_vs_desired,noise_limited,cluster_id,cluster_size,analytic_coincidence_id,analytic_coincidence_size,measured_coincidence_id,measured_coincidence_size,measurement_scope,cluster_window_half_width_Hz,cluster_window_fallback,span_Hz,rbw_Hz,vbw_Hz,avg_sweeps,marker_mode_global,marker_mode_effective,error
0,16,17,21000000000.0,6740000000.0,21000000000.0,6740000000.0,lo+if,desired,1,1,1,1*LO + 1*IF,27740000000.0,27740000000.0,27740000000.0,0.0,0.0,-27.294093094426934,0.0,0,-1,1,-1,1,-1,1,single,0.0,0,1000.0,10.0,,10,auto,peak,
0,16,17,21000000000.0,6740000000.0,21000000000.0,6740000000.0,lo+if,IF_harmonic,0,4,1,0*LO + 4*IF,26960000000.0,26960000000.0,26960000000.0,0.0,0.0,-82.12045083004226,-54.826357735615325,0,-1,1,-1,1,-1,1,single,0.0,0,1000.0,10.0,,10,auto,peak,
0,16,17,21000000000.0,6740000000.0,21000000000.0,6740000000.0,lo+if,spur,2,2,-1,2*LO - 2*IF,28520000000.0,28520000000.0,28520000000.0,0.0,0.0,-75.91123226578216,-48.61713917135523,0,-1,1,-1,1,-1,1,single,0.0,0,1000.0,10.0,,10,auto,peak,
0,16,17,21000000000.0,6740000000.0,21000000000.0,6740000000.0,lo+if,spur,3,5,-1,3*LO - 5*IF,29300000000.0,29300000000.0,29299999999.0,-1.0,-1.0,-131.47806852661373,-104.1839754321868,1,-1,1,-1,1,-1,1,single,0.0,0,1000.0,10.0,,10,auto,peak,
0,16,17,21000000000.0,6740000000.0,21000000000.0,6740000000.0,lo+if,IF_harmonic,0,5,1,0*LO + 5*IF,33700000000.0,33700000000.0,33700000244.8,244.79999923706055,244.79999923706055,-131.7306801230891,-104.43658702866216,1,-1,1,-1,1,-1,1,single,0.0,0,1000.0,10.0,,10,auto,peak,
0,16,17,21000000000.0,6740000000.0,21000000000.0,6740000000.0,lo+if,spur,1,2,1,1*LO + 2*IF,34480000000.0,34480000000.0,34480000000.0,0.0,0.0,-86.89988869520457,-59.60579560077763,0,-1,1,-1,1,-1,1,single,0.0,0,1000.0,10.0,,10,auto,peak,
