lo_index,if_index,point_index,lo_set_Hz,if_set_Hz,lo_model_Hz,if_model_Hz,mode,kind,m,n,sign,expression,expected_freq_Hz,expected_corr_freq_Hz,measured_freq_Hz,freq_error_Hz,freq_error_corr_Hz,power_dBm,rel_dBc_vs_desired,noise_limited,cluster_id,cluster_size,analytic_coincidence_id,analytic_coincidence_size,measured_coincidence_id,measured_coincidence_size,measurement_scope,cluster_window_half_width_Hz,cluster_window_fallback,span_Hz,rbw_Hz,vbw_Hz,avg_sweeps,marker_mode_global,marker_mode_effective,error
0,41,42,21000000000.0,7115000000.0,21000000000.0,7115000000.0,lo+if,desired,1,1,1,1*LO + 1*IF,28115000000.0,28115000000.0,28115000000.0,0.0,0.0,-26.28124056840365,0.0,0,-1,1,-1,1,-1,1,single,0.0,0,1000.0,10.0,,10,auto,peak,
0,41,42,21000000000.0,7115000000.0,21000000000.0,7115000000.0,lo+if,spur,3,5,-1,3*LO - 5*IF,27425000000.0,27425000000.0,27425000005.0,5.0,5.0,-132.2534015206695,-105.97216095226587,1,-1,1,-1,1,-1,1,single,0.0,0,1000.0,10.0,,10,auto,peak,
0,41,42,21000000000.0,7115000000.0,21000000000.0,7115000000.0,lo+if,spur,2,2,-1,2*LO - 2*IF,27770000000.0,27770000000.0,27770000000.0,0.0,0.0,-74.7403457889759,-48.459105220572255,0,-1,1,-1,1,-1,1,single,0.0,0,1000.0,10.0,,10,auto,peak,
0,41,42,21000000000.0,7115000000.0,21000000000.0,7115000000.0,lo+if,IF_harmonic,0,4,1,0*LO + 4*IF,28460000000.0,28460000000.0,28460000000.0,0.0,0.0,-96.96647163560407,-70.68523106720042,0,-1,1,-1,1,-1,1,single,0.0,0,1000.0,10.0,,10,auto,peak,
0,41,42,21000000000.0,7115000000.0,21000000000.0,7115000000.0,lo+if,spur,3,4,-1,3*LO - 4*IF,34540000000.0,34540000000.0,34540000001.0,1.0,1.0,-119.56305708834273,-93.28181651993908,0,-1,1,-1,1,-1,1,single,0.0,0,1000.0,10.0,,10,auto,peak,
0,41,42,21000000000.0,7115000000.0,21000000000.0,7115000000.0,lo+if,spur,2,1,-1,2*LO - 1*IF,34885000000.0,34885000000.0,34885000000.0,0.0,0.0,-55.01219881933331,-28.730958250929657,0,-1,1,-1,1,-1,1,single,0.0,0,1000.0,10.0,,10,auto,peak,
