lo_index,if_index,point_index,lo_set_Hz,if_set_Hz,lo_model_Hz,if_model_Hz,mode,kind,m,n,sign,expression,expected_freq_Hz,expected_corr_freq_Hz,measured_freq_Hz,freq_error_Hz,freq_error_corr_Hz,power_dBm,rel_dBc_vs_desired,noise_limited,cluster_id,cluster_size,analytic_coincidence_id,analytic_coincidence_size,measured_coincidence_id,measured_coincidence_size,measurement_scope,cluster_window_half_width_Hz,cluster_window_fallback,span_Hz,rbw_Hz,vbw_Hz,avg_sweeps,marker_mode_global,marker_mode_effective,error
0,54,55,21000000000.0,7310000000.0,21000000000.0,7310000000.0,lo+if,desired,1,1,1,1*LO + 1*IF,28310000000.0,28310000000.0,28310000000.0,0.0,0.0,-28.01707645669469,0.0,0,-1,1,-1,1,-1,1,single,0.0,0,1000.0,10.0,,10,auto,peak,
0,54,55,21000000000.0,7310000000.0,21000000000.0,7310000000.0,lo+if,spur,3,5,-1,3*LO - 5*IF,26450000000.0,26450000000.0,26449999786.2,-213.79999923706055,-213.79999923706055,-129.94603131870684,-101.92895486201215,1,-1,1,-1,1,-1,1,single,0.0,0,1000.0,10.0,,10,auto,peak,
0,54,55,21000000000.0,7310000000.0,21000000000.0,7310000000.0,lo+if,spur,2,2,-1,2*LO - 2*IF,27380000000.0,27380000000.0,27380000000.0,0.0,0.0,-75.06655368396993,-47.04947722727524,0,-1,1,-1,1,-1,1,single,0.0,0,1000.0,10.0,,10,auto,peak,
0,54,55,21000000000.0,7310000000.0,21000000000.0,7310000000.0,lo+if,IF_harmonic,0,4,1,0*LO + 4*IF,29240000000.0,29240000000.0,29240000000.0,0.0,0.0,-109.8584873912009,-81.8414109345062,0,-1,1,-1,1,-1,1,single,0.0,0,1000.0,10.0,,10,auto,peak,
0,54,55,21000000000.0,7310000000.0,21000000000.0,7310000000.0,lo+if,spur,3,4,-1,3*LO - 4*IF,33760000000.0,33760000000.0,33760000273.7,273.70000076293945,273.70000076293945,-130.8804171611337,-102.863340704439,1,-1,1,-1,1,-1,1,single,0.0,0,1000.0,10.0,,10,auto,peak,
0,54,55,21000000000.0,7310000000.0,21000000000.0,7310000000.0,lo+if,spur,2,1,-1,2*LO - 1*IF,34690000000.0,34690000000.0,34690000000.0,0.0,0.0,-51.76828235871429,-23.7512059020196,0,-1,1,-1,1,-1,1,single,0.0,0,1000.0,10.0,,10,auto,peak,
