lo_index,if_index,point_index,lo_set_Hz,if_set_Hz,lo_model_Hz,if_model_Hz,mode,kind,m,n,sign,expression,expected_freq_Hz,expected_corr_freq_Hz,measured_freq_Hz,freq_error_Hz,freq_error_corr_Hz,power_dBm,rel_dBc_vs_desired,noise_limited,cluster_id,cluster_size,analytic_coincidence_id,analytic_coincidence_size,measured_coincidence_id,measured_coincidence_size,measurement_scope,cluster_window_half_width_Hz,cluster_window_fallback,span_Hz,rbw_Hz,vbw_Hz,avg_sweeps,marker_mode_global,marker_mode_effective,error
0,80,81,21000000000.0,7700000000.0,21000000000.0,7700000000.0,lo+if,desired,1,1,1,1*LO + 1*IF,28700000000.0,28700000000.0,28700000000.0,0.0,0.0,-26.74037353399223,0.0,0,-1,1,-1,1,-1,1,single,0.0,0,1000.0,10.0,,10,auto,peak,
0,80,81,21000000000.0,7700000000.0,21000000000.0,7700000000.0,lo+if,spur,2,2,-1,2*LO - 2*IF,26600000000.0,26600000000.0,26600000000.0,0.0,0.0,-75.89700948173918,-49.15663594774695,0,-1,1,-1,1,-1,1,single,0.0,0,1000.0,10.0,,10,auto,peak,
0,80,81,21000000000.0,7700000000.0,21000000000.0,7700000000.0,lo+if,IF_harmonic,0,4,1,0*LO + 4*IF,30800000000.0,30800000000.0,30800000000.0,0.0,0.0,-118.22369869756726,-91.48332516357503,0,-1,1,-1,1,-1,1,single,0.0,0,1000.0,10.0,,10,auto,peak,
0,80,81,21000000000.0,7700000000.0,21000000000.0,7700000000.0,lo+if,spur,3,4,-1,3*LO - 4*IF,32200000000.0,32200000000.0,32200000054.9,54.900001525878906,54.900001525878906,-131.38317993994607,-104.64280640595385,1,-1,1,-1,1,-1,1,single,0.0,0,1000.0,10.0,,10,auto,peak,
0,80,81,21000000000.0,7700000000.0,21000000000.0,7700000000.0,lo+if,spur,2,1,-1,2*LO - 1*IF,34300000000.0,34300000000.0,34300000000.0,0.0,0.0,-54.543150112030645,-27.802776578038415,0,-1,1,-1,1,-1,1,single,0.0,0,1000.0,10.0,,10,auto,peak,
