lo_index,if_index,point_index,lo_set_Hz,if_set_Hz,lo_model_Hz,if_model_Hz,mode,kind,m,n,sign,expression,expected_freq_Hz,expected_corr_freq_Hz,measured_freq_Hz,freq_error_Hz,freq_error_corr_Hz,power_dBm,rel_dBc_vs_desired,noise_limited,cluster_id,cluster_size,analytic_coincidence_id,analytic_coincidence_size,measured_coincidence_id,measured_coincidence_size,measurement_scope,cluster_window_half_width_Hz,cluster_window_fallback,span_Hz,rbw_Hz,vbw_Hz,avg_sweeps,marker_mode_global,marker_mode_effective,error
0,39,40,21000000000.0,7085000000.0,21000000000.0,7085000000.0,lo+if,desired,1,1,1,1*LO + 1*IF,28085000000.0,28085000000.0,28085000000.0,0.0,0.0,-26.815144748732223,0.0,0,-1,1,-1,1,-1,1,single,0.0,0,1000.0,10.0,,10,auto,peak,
0,39,40,21000000000.0,7085000000.0,21000000000.0,7085000000.0,lo+if,spur,3,5,-1,3*LO - 5*IF,27575000000.0,27575000000.0,27574999994.0,-6.0,-6.0,-132.00260325905253,-105.18745851032031,1,-1,1,-1,1,-1,1,single,0.0,0,1000.0,10.0,,10,auto,peak,
0,39,40,21000000000.0,7085000000.0,21000000000.0,7085000000.0,lo+if,spur,2,2,-1,2*LO - 2*IF,27830000000.0,27830000000.0,27830000000.0,0.0,0.0,-74.33783671697559,-47.522691968243365,0,-1,1,-1,1,-1,1,single,0.0,0,1000.0,10.0,,10,auto,peak,
0,39,40,21000000000.0,7085000000.0,21000000000.0,7085000000.0,lo+if,IF_harmonic,0,4,1,0*LO + 4*IF,28340000000.0,28340000000.0,28340000000.0,0.0,0.0,-88.49909944504878,-61.68395469631656,0,-1,1,-1,1,-1,1,single,0.0,0,1000.0,10.0,,10,auto,peak,
0,39,40,21000000000.0,7085000000.0,21000000000.0,7085000000.0,lo+if,spur,3,4,-1,3*LO - 4*IF,34660000000.0,34660000000.0,34660000000.0,0.0,0.0,-110.45844408899967,-83.64329934026745,0,-1,1,-1,1,-1,1,single,0.0,0,1000.0,10.0,,10,auto,peak,
0,39,40,21000000000.0,7085000000.0,21000000000.0,7085000000.0,lo+if,spur,2,1,-1,2*LO - 1*IF,34915000000.0,34915000000.0,34915000000.0,0.0,0.0,-54.744704017041535,-27.929559268309312,0,-1,1,-1,1,-1,1,single,0.0,0,1000.0,10.0,,10,auto,peak,
