lo_index,if_index,point_index,lo_set_Hz,if_set_Hz,lo_model_Hz,if_model_Hz,mode,kind,m,n,sign,expression,expected_freq_Hz,expected_corr_freq_Hz,measured_freq_Hz,freq_error_Hz,freq_error_corr_Hz,power_dBm,rel_dBc_vs_desired,noise_limited,cluster_id,cluster_size,analytic_coincidence_id,analytic_coincidence_size,measured_coincidence_id,measured_coincidence_size,measurement_scope,cluster_window_half_width_Hz,cluster_window_fallback,span_Hz,rbw_Hz,vbw_Hz,avg_sweeps,marker_mode_global,marker_mode_effective,error
0,20,21,21000000000.0,6800000000.0,21000000000.0,6800000000.0,lo+if,desired,1,1,1,1*LO + 1*IF,27800000000.0,27800000000.0,27800000000.0,0.0,0.0,-27.50634907010224,0.0,0,-1,1,-1,1,-1,1,single,0.0,0,1000.0,10.0,,10,auto,peak,
0,20,21,21000000000.0,6800000000.0,21000000000.0,6800000000.0,lo+if,IF_harmonic,0,4,1,0*LO + 4*IF,27200000000.0,27200000000.0,27200000000.0,0.0,0.0,-75.49249274953026,-47.98614367942802,0,-1,1,-1,1,-1,1,single,0.0,0,1000.0,10.0,,10,auto,peak,
0,20,21,21000000000.0,6800000000.0,21000000000.0,6800000000.0,lo+if,spur,2,2,-1,2*LO - 2*IF,28400000000.0,28400000000.0,28400000000.0,0.0,0.0,-74.80761265036978,-47.30126358026754,0,-1,1,-1,1,-1,1,single,0.0,0,1000.0,10.0,,10,auto,peak,
0,20,21,21000000000.0,6800000000.0,21000000000.0,6800000000.0,lo+if,spur,3,5,-1,3*LO - 5*IF,29000000000.0,29000000000.0,29000000463.5,463.5,463.5,-129.67025715870824,-102.16390808860601,1,-1,1,-1,1,-1,1,single,0.0,0,1000.0,10.0,,10,auto,peak,
0,20,21,21000000000.0,6800000000.0,21000000000.0,6800000000.0,lo+if,IF_harmonic,0,5,1,0*LO + 5*IF,34000000000.0,34000000000.0,33999999795.2,-204.79999923706055,-204.79999923706055,-130.75399320671812,-103.24764413661589,1,-1,1,-1,1,-1,1,single,0.0,0,1000.0,10.0,,10,auto,peak,
0,20,21,21000000000.0,6800000000.0,21000000000.0,6800000000.0,lo+if,spur,1,2,1,1*LO + 2*IF,34600000000.0,34600000000.0,34600000000.0,0.0,0.0,-84.68482579379142,-57.17847672368918,0,-1,1,-1,1,-1,1,single,0.0,0,1000.0,10.0,,10,auto,peak,
