lo_index,if_index,point_index,lo_set_Hz,if_set_Hz,lo_model_Hz,if_model_Hz,mode,kind,m,n,sign,expression,expected_freq_Hz,expected_corr_freq_Hz,measured_freq_Hz,freq_error_Hz,freq_error_corr_Hz,power_dBm,rel_dBc_vs_desired,noise_limited,cluster_id,cluster_size,analytic_coincidence_id,analytic_coincidence_size,measured_coincidence_id,measured_coincidence_size,measurement_scope,cluster_window_half_width_Hz,cluster_window_fallback,span_Hz,rbw_Hz,vbw_Hz,avg_sweeps,marker_mode_global,marker_mode_effective,error
0,25,26,21000000000.0,6875000000.0,21000000000.0,6875000000.0,lo+if,desired,1,1,1,1*LO + 1*IF,27875000000.0,27875000000.0,27875000000.0,0.0,0.0,-25.89611279597918,0.0,0,-1,1,-1,1,-1,1,single,0.0,0,1000.0,10.0,,10,auto,peak,
0,25,26,21000000000.0,6875000000.0,21000000000.0,6875000000.0,lo+if,IF_harmonic,0,4,1,0*LO + 4*IF,27500000000.0,27500000000.0,27500000000.0,0.0,0.0,-82.04558621368207,-56.14947341770289,0,-1,1,-1,1,-1,1,single,0.0,0,1000.0,10.0,,10,auto,peak,
0,25,26,21000000000.0,6875000000.0,21000000000.0,6875000000.0,lo+if,spur,2,2,-1,2*LO - 2*IF,28250000000.0,28250000000.0,28250000000.0,0.0,0.0,-74.01204767730735,-48.11593488132817,0,-1,1,-1,1,-1,1,single,0.0,0,1000.0,10.0,,10,auto,peak,
0,25,26,21000000000.0,6875000000.0,21000000000.0,6875000000.0,lo+if,spur,3,5,-1,3*LO - 5*IF,28625000000.0,28625000000.0,28624999998.0,-2.0,-2.0,-130.94790099209885,-105.05178819611967,1,-1,1,-1,1,-1,1,single,0.0,0,1000.0,10.0,,10,auto,peak,
0,25,26,21000000000.0,6875000000.0,21000000000.0,6875000000.0,lo+if,IF_harmonic,0,5,1,0*LO + 5*IF,34375000000.0,34375000000.0,34374999663.3,-336.6999969482422,-336.6999969482422,-130.80369915708746,-104.90758636110829,1,-1,1,-1,1,-1,1,single,0.0,0,1000.0,10.0,,10,auto,peak,
0,25,26,21000000000.0,6875000000.0,21000000000.0,6875000000.0,lo+if,spur,1,2,1,1*LO + 2*IF,34750000000.0,34750000000.0,34750000000.0,0.0,0.0,-85.35526170005242,-59.459148904073245,0,-1,1,-1,1,-1,1,single,0.0,0,1000.0,10.0,,10,auto,peak,
