lo_index,if_index,point_index,lo_set_Hz,if_set_Hz,lo_model_Hz,if_model_Hz,mode,kind,m,n,sign,expression,expected_freq_Hz,expected_corr_freq_Hz,measured_freq_Hz,freq_error_Hz,freq_error_corr_Hz,power_dBm,rel_dBc_vs_desired,noise_limited,cluster_id,cluster_size,analytic_coincidence_id,analytic_coincidence_size,measured_coincidence_id,measured_coincidence_size,measurement_scope,cluster_window_half_width_Hz,cluster_window_fallback,span_Hz,rbw_Hz,vbw_Hz,avg_sweeps,marker_mode_global,marker_mode_effective,error
0,8,9,21000000000.0,6620000000.0,21000000000.0,6620000000.0,lo+if,desired,1,1,1,1*LO + 1*IF,27620000000.0,27620000000.0,27620000000.0,0.0,0.0,-25.7103057077209,0.0,0,-1,1,-1,1,-1,1,single,0.0,0,1000.0,10.0,,10,auto,peak,
0,8,9,21000000000.0,6620000000.0,21000000000.0,6620000000.0,lo+if,IF_harmonic,0,4,1,0*LO + 4*IF,26480000000.0,26480000000.0,26480000000.0,0.0,0.0,-91.47118123935614,-65.76087553163524,0,-1,1,-1,1,-1,1,single,0.0,0,1000.0,10.0,,10,auto,peak,
0,8,9,21000000000.0,6620000000.0,21000000000.0,6620000000.0,lo+if,spur,2,2,-1,2*LO - 2*IF,28760000000.0,28760000000.0,28760000000.0,0.0,0.0,-75.69354543695903,-49.98323972923813,0,-1,1,-1,1,-1,1,single,0.0,0,1000.0,10.0,,10,auto,peak,
0,8,9,21000000000.0,6620000000.0,21000000000.0,6620000000.0,lo+if,spur,3,5,-1,3*LO - 5*IF,29900000000.0,29900000000.0,29899999500.5,-499.5,-499.5,-133.15057230131004,-107.44026659358914,1,-1,1,-1,1,-1,1,single,0.0,0,1000.0,10.0,,10,auto,peak,
0,8,9,21000000000.0,6620000000.0,21000000000.0,6620000000.0,lo+if,IF_harmonic,0,5,1,0*LO + 5*IF,33100000000.0,33100000000.0,33099999614.4,-385.5999984741211,-385.5999984741211,-132.466966031749,-106.7566603240281,1,-1,1,-1,1,-1,1,single,0.0,0,1000.0,10.0,,10,auto,peak,
0,8,9,21000000000.0,6620000000.0,21000000000.0,6620000000.0,lo+if,spur,1,2,1,1*LO + 2*IF,34240000000.0,34240000000.0,34240000000.0,0.0,0.0,-86.64703059581313,-60.936724888092236,0,-1,1,-1,1,-1,1,single,0.0,0,1000.0,10.0,,10,auto,peak,
