lo_index,if_index,point_index,lo_set_Hz,if_set_Hz,lo_model_Hz,if_model_Hz,mode,kind,m,n,sign,expression,expected_freq_Hz,expected_corr_freq_Hz,measured_freq_Hz,freq_error_Hz,freq_error_corr_Hz,power_dBm,rel_dBc_vs_desired,noise_limited,cluster_id,cluster_size,analytic_coincidence_id,analytic_coincidence_size,measured_coincidence_id,measured_coincidence_size,measurement_scope,cluster_window_half_width_Hz,cluster_window_fallback,span_Hz,rbw_Hz,vbw_Hz,avg_sweeps,marker_mode_global,marker_mode_effective,error
0,33,34,21000000000.0,6995000000.0,21000000000.0,6995000000.0,lo+if,desired,1,1,1,1*LO + 1*IF,27995000000.0,27995000000.0,27995000000.0,0.0,0.0,-27.736519203630415,0.0,0,-1,1,-1,1,-1,1,single,0.0,0,1000.0,10.0,,10,auto,peak,
0,33,34,21000000000.0,6995000000.0,21000000000.0,6995000000.0,lo+if,IF_harmonic,0,4,1,0*LO + 4*IF,27980000000.0,27980000000.0,27980000000.0,0.0,0.0,-78.35942040048559,-50.622901196855175,0,-1,1,-1,1,-1,1,single,0.0,0,1000.0,10.0,,10,auto,peak,
0,33,34,21000000000.0,6995000000.0,21000000000.0,6995000000.0,lo+if,spur,2,2,-1,2*LO - 2*IF,28010000000.0,28010000000.0,28010000000.0,0.0,0.0,-75.85484793147435,-48.11832872784394,0,-1,1,-1,1,-1,1,single,0.0,0,1000.0,10.0,,10,auto,peak,
0,33,34,21000000000.0,6995000000.0,21000000000.0,6995000000.0,lo+if,spur,3,5,-1,3*LO - 5*IF,28025000000.0,28025000000.0,28025000235.8,235.79999923706055,235.79999923706055,-131.09164816168493,-103.35512895805451,1,-1,1,-1,1,-1,1,single,0.0,0,1000.0,10.0,,10,auto,peak,
0,33,34,21000000000.0,6995000000.0,21000000000.0,6995000000.0,lo+if,IF_harmonic,0,5,1,0*LO + 5*IF,34975000000.0,34975000000.0,34975000191.8,191.8000030517578,191.8000030517578,-129.62186968540982,-101.8853504817794,1,-1,1,-1,1,-1,1,single,0.0,0,1000.0,10.0,,10,auto,peak,
0,33,34,21000000000.0,6995000000.0,21000000000.0,6995000000.0,lo+if,spur,1,2,1,1*LO + 2*IF,34990000000.0,34990000000.0,34990000000.0,0.0,0.0,-87.50040493088791,-59.763885727257495,0,-1,1,-1,1,-1,1,single,0.0,0,1000.0,10.0,,10,auto,peak,
