lo_index,if_index,point_index,lo_set_Hz,if_set_Hz,lo_model_Hz,if_model_Hz,mode,kind,m,n,sign,expression,expected_freq_Hz,expected_corr_freq_Hz,measured_freq_Hz,freq_error_Hz,freq_error_corr_Hz,power_dBm,rel_dBc_vs_desired,noise_limited,cluster_id,cluster_size,analytic_coincidence_id,analytic_coincidence_size,measured_coincidence_id,measured_coincidence_size,measurement_scope,cluster_window_half_width_Hz,cluster_window_fallback,span_Hz,rbw_Hz,vbw_Hz,avg_sweeps,marker_mode_global,marker_mode_effective,error
0,99,100,21000000000.0,7985000000.0,21000000000.0,7985000000.0,lo+if,desired,1,1,1,1*LO + 1*IF,28985000000.0,28985000000.0,28985000000.0,0.0,0.0,-27.125245507585596,0.0,0,-1,1,-1,1,-1,1,single,0.0,0,1000.0,10.0,,10,auto,peak,
0,99,100,21000000000.0,7985000000.0,21000000000.0,7985000000.0,lo+if,spur,2,2,-1,2*LO - 2*IF,26030000000.0,26030000000.0,26030000000.0,0.0,0.0,-77.7523443858958,-50.6270988783102,0,-1,1,-1,1,-1,1,single,0.0,0,1000.0,10.0,,10,auto,peak,
0,99,100,21000000000.0,7985000000.0,21000000000.0,7985000000.0,lo+if,spur,3,4,-1,3*LO - 4*IF,31060000000.0,31060000000.0,31060000375.6,375.5999984741211,375.5999984741211,-131.57780551145495,-104.45256000386937,1,-1,1,-1,1,-1,1,single,0.0,0,1000.0,10.0,,10,auto,peak,
0,99,100,21000000000.0,7985000000.0,21000000000.0,7985000000.0,lo+if,IF_harmonic,0,4,1,0*LO + 4*IF,31940000000.0,31940000000.0,31940000000.0,0.0,0.0,-125.95923334697784,-98.83398783939225,1,-1,1,-1,1,-1,1,single,0.0,0,1000.0,10.0,,10,auto,peak,
0,99,100,21000000000.0,7985000000.0,21000000000.0,7985000000.0,lo+if,spur,2,1,-1,2*LO - 1*IF,34015000000.0,34015000000.0,34015000000.0,0.0,0.0,-53.680734188219006,-26.55548868063341,0,-1,1,-1,1,-1,1,single,0.0,0,1000.0,10.0,,10,auto,peak,
