lo_index,if_index,point_index,lo_set_Hz,if_set_Hz,lo_model_Hz,if_model_Hz,mode,kind,m,n,sign,expression,expected_freq_Hz,expected_corr_freq_Hz,measured_freq_Hz,freq_error_Hz,freq_error_corr_Hz,power_dBm,rel_dBc_vs_desired,noise_limited,cluster_id,cluster_size,analytic_coincidence_id,analytic_coincidence_size,measured_coincidence_id,measured_coincidence_size,measurement_scope,cluster_window_half_width_Hz,cluster_window_fallback,span_Hz,rbw_Hz,vbw_Hz,avg_sweeps,marker_mode_global,marker_mode_effective,error
0,65,66,21000000000.0,7475000000.0,21000000000.0,7475000000.0,lo+if,desired,1,1,1,1*LO + 1*IF,28475000000.0,28475000000.0,28475000000.0,0.0,0.0,-26.922617831383107,0.0,0,-1,1,-1,1,-1,1,single,0.0,0,1000.0,10.0,,10,auto,peak,
0,65,66,21000000000.0,7475000000.0,21000000000.0,7475000000.0,lo+if,spur,3,5,-1,3*LO - 5*IF,25625000000.0,25625000000.0,25624999690.3,-309.70000076293945,-309.70000076293945,-131.92498347876165,-105.00236564737854,1,-1,1,-1,1,-1,1,single,0.0,0,1000.0,10.0,,10,auto,peak,
0,65,66,21000000000.0,7475000000.0,21000000000.0,7475000000.0,lo+if,spur,2,2,-1,2*LO - 2*IF,27050000000.0,27050000000.0,27050000000.0,0.0,0.0,-76.75303043011873,-49.83041259873562,0,-1,1,-1,1,-1,1,single,0.0,0,1000.0,10.0,,10,auto,peak,
0,65,66,21000000000.0,7475000000.0,21000000000.0,7475000000.0,lo+if,IF_harmonic,0,4,1,0*LO + 4*IF,29900000000.0,29900000000.0,29900000000.0,0.0,0.0,-114.55720235179624,-87.63458452041313,0,-1,1,-1,1,-1,1,single,0.0,0,1000.0,10.0,,10,auto,peak,
0,65,66,21000000000.0,7475000000.0,21000000000.0,7475000000.0,lo+if,spur,3,4,-1,3*LO - 4*IF,33100000000.0,33100000000.0,33100000326.7,326.70000076293945,326.70000076293945,-132.35280867673308,-105.43019084534997,1,-1,1,-1,1,-1,1,single,0.0,0,1000.0,10.0,,10,auto,peak,
0,65,66,21000000000.0,7475000000.0,21000000000.0,7475000000.0,lo+if,spur,2,1,-1,2*LO - 1*IF,34525000000.0,34525000000.0,34525000000.0,0.0,0.0,-55.50537585092964,-28.58275801954653,0,-1,1,-1,1,-1,1,single,0.0,0,1000.0,10.0,,10,auto,peak,
