lo_index,if_index,point_index,lo_set_Hz,if_set_Hz,lo_model_Hz,if_model_Hz,mode,kind,m,n,sign,expression,expected_freq_Hz,expected_corr_freq_Hz,measured_freq_Hz,freq_error_Hz,freq_error_corr_Hz,power_dBm,rel_dBc_vs_desired,noise_limited,cluster_id,cluster_size,analytic_coincidence_id,analytic_coincidence_size,measured_coincidence_id,measured_coincidence_size,measurement_scope,cluster_window_half_width_Hz,cluster_window_fallback,span_Hz,rbw_Hz,vbw_Hz,avg_sweeps,marker_mode_global,marker_mode_effective,error
0,58,59,21000000000.0,7370000000.0,21000000000.0,7370000000.0,lo+if,desired,1,1,1,1*LO + 1*IF,28370000000.0,28370000000.0,28370000000.0,0.0,0.0,-26.329358070948405,0.0,0,-1,1,-1,1,-1,1,single,0.0,0,1000.0,10.0,,10,auto,peak,
0,58,59,21000000000.0,7370000000.0,21000000000.0,7370000000.0,lo+if,spur,3,5,-1,3*LO - 5*IF,26150000000.0,26150000000.0,26149999911.1,-88.9000015258789,-88.9000015258789,-130.12869588229026,-103.79933781134186,1,-1,1,-1,1,-1,1,single,0.0,0,1000.0,10.0,,10,auto,peak,
0,58,59,21000000000.0,7370000000.0,21000000000.0,7370000000.0,lo+if,spur,2,2,-1,2*LO - 2*IF,27260000000.0,27260000000.0,27260000000.0,0.0,0.0,-73.91828424453082,-47.58892617358242,0,-1,1,-1,1,-1,1,single,0.0,0,1000.0,10.0,,10,auto,peak,
0,58,59,21000000000.0,7370000000.0,21000000000.0,7370000000.0,lo+if,IF_harmonic,0,4,1,0*LO + 4*IF,29480000000.0,29480000000.0,29480000000.0,0.0,0.0,-107.07448948982515,-80.74513141887675,0,-1,1,-1,1,-1,1,single,0.0,0,1000.0,10.0,,10,auto,peak,
0,58,59,21000000000.0,7370000000.0,21000000000.0,7370000000.0,lo+if,spur,3,4,-1,3*LO - 4*IF,33520000000.0,33520000000.0,33520000252.7,252.70000076293945,252.70000076293945,-131.44605800010677,-105.11669992915837,1,-1,1,-1,1,-1,1,single,0.0,0,1000.0,10.0,,10,auto,peak,
0,58,59,21000000000.0,7370000000.0,21000000000.0,7370000000.0,lo+if,spur,2,1,-1,2*LO - 1*IF,34630000000.0,34630000000.0,34630000000.0,0.0,0.0,-51.25996827271844,-24.930610201770033,0,-1,1,-1,1,-1,1,single,0.0,0,1000.0,10.0,,10,auto,peak,
