lo_index,if_index,point_index,lo_set_Hz,if_set_Hz,lo_model_Hz,if_model_Hz,mode,kind,m,n,sign,expression,expected_freq_Hz,expected_corr_freq_Hz,measured_freq_Hz,freq_error_Hz,freq_error_corr_Hz,power_dBm,rel_dBc_vs_desired,noise_limited,cluster_id,cluster_size,analytic_coincidence_id,analytic_coincidence_size,measured_coincidence_id,measured_coincidence_size,measurement_scope,cluster_window_half_width_Hz,cluster_window_fallback,span_Hz,rbw_Hz,vbw_Hz,avg_sweeps,marker_mode_global,marker_mode_effective,error
0,84,85,21000000000.0,7760000000.0,21000000000.0,7760000000.0,lo+if,desired,1,1,1,1*LO + 1*IF,28760000000.0,28760000000.0,28760000000.0,0.0,0.0,-27.805363307888392,0.0,0,-1,1,-1,1,-1,1,single,0.0,0,1000.0,10.0,,10,auto,peak,
0,84,85,21000000000.0,7760000000.0,21000000000.0,7760000000.0,lo+if,spur,2,2,-1,2*LO - 2*IF,26480000000.0,26480000000.0,26480000000.0,0.0,0.0,-75.22354414550358,-47.41818083761519,0,-1,1,-1,1,-1,1,single,0.0,0,1000.0,10.0,,10,auto,peak,
0,84,85,21000000000.0,7760000000.0,21000000000.0,7760000000.0,lo+if,IF_harmonic,0,4,1,0*LO + 4*IF,31040000000.0,31040000000.0,31040000000.0,0.0,0.0,-123.45365918846645,-95.64829588057805,1,-1,1,-1,1,-1,1,single,0.0,0,1000.0,10.0,,10,auto,peak,
0,84,85,21000000000.0,7760000000.0,21000000000.0,7760000000.0,lo+if,spur,3,4,-1,3*LO - 4*IF,31960000000.0,31960000000.0,31960000423.6,423.5999984741211,423.5999984741211,-131.86061119398948,-104.05524788610109,1,-1,1,-1,1,-1,1,single,0.0,0,1000.0,10.0,,10,auto,peak,
0,84,85,21000000000.0,7760000000.0,21000000000.0,7760000000.0,lo+if,spur,2,1,-1,2*LO - 1*IF,34240000000.0,34240000000.0,34240000000.0,0.0,0.0,-53.1287524805849,-25.32338917269651,0,-1,1,-1,1,-1,1,single,0.0,0,1000.0,10.0,,10,auto,peak,
