lo_index,if_index,point_index,lo_set_Hz,if_set_Hz,lo_model_Hz,if_model_Hz,mode,kind,m,n,sign,expression,expected_freq_Hz,expected_corr_freq_Hz,measured_freq_Hz,freq_error_Hz,freq_error_corr_Hz,power_dBm,rel_dBc_vs_desired,noise_limited,cluster_id,cluster_size,analytic_coincidence_id,analytic_coincidence_size,measured_coincidence_id,measured_coincidence_size,measurement_scope,cluster_window_half_width_Hz,cluster_window_fallback,span_Hz,rbw_Hz,vbw_Hz,avg_sweeps,marker_mode_global,marker_mode_effective,error
0,57,58,21000000000.0,7355000000.0,21000000000.0,7355000000.0,lo+if,desired,1,1,1,1*LO + 1*IF,28355000000.0,28355000000.0,28355000000.0,0.0,0.0,-26.49364219522856,0.0,0,-1,1,-1,1,-1,1,single,0.0,0,1000.0,10.0,,10,auto,peak,
0,57,58,21000000000.0,7355000000.0,21000000000.0,7355000000.0,lo+if,spur,3,5,-1,3*LO - 5*IF,26225000000.0,26225000000.0,26224999991.0,-9.0,-9.0,-129.48720162236094,-102.99355942713238,1,-1,1,-1,1,-1,1,single,0.0,0,1000.0,10.0,,10,auto,peak,
0,57,58,21000000000.0,7355000000.0,21000000000.0,7355000000.0,lo+if,spur,2,2,-1,2*LO - 2*IF,27290000000.0,27290000000.0,27290000000.0,0.0,0.0,-74.61765347120136,-48.124011275972805,0,-1,1,-1,1,-1,1,single,0.0,0,1000.0,10.0,,10,auto,peak,
0,57,58,21000000000.0,7355000000.0,21000000000.0,7355000000.0,lo+if,IF_harmonic,0,4,1,0*LO + 4*IF,29420000000.0,29420000000.0,29420000000.0,0.0,0.0,-109.88603891741833,-83.39239672218977,0,-1,1,-1,1,-1,1,single,0.0,0,1000.0,10.0,,10,auto,peak,
0,57,58,21000000000.0,7355000000.0,21000000000.0,7355000000.0,lo+if,spur,3,4,-1,3*LO - 4*IF,33580000000.0,33580000000.0,33579999745.3,-254.70000076293945,-254.70000076293945,-131.2385012947375,-104.74485909950893,1,-1,1,-1,1,-1,1,single,0.0,0,1000.0,10.0,,10,auto,peak,
0,57,58,21000000000.0,7355000000.0,21000000000.0,7355000000.0,lo+if,spur,2,1,-1,2*LO - 1*IF,34645000000.0,34645000000.0,34645000000.0,0.0,0.0,-50.998910695055244,-24.505268499826684,0,-1,1,-1,1,-1,1,single,0.0,0,1000.0,10.0,,10,auto,peak,
