lo_index,if_index,point_index,lo_set_Hz,if_set_Hz,lo_model_Hz,if_model_Hz,mode,kind,m,n,sign,expression,expected_freq_Hz,expected_corr_freq_Hz,measured_freq_Hz,freq_error_Hz,freq_error_corr_Hz,power_dBm,rel_dBc_vs_desired,noise_limited,cluster_id,cluster_size,analytic_coincidence_id,analytic_coincidence_size,measured_coincidence_id,measured_coincidence_size,measurement_scope,cluster_window_half_width_Hz,cluster_window_fallback,span_Hz,rbw_Hz,vbw_Hz,avg_sweeps,marker_mode_global,marker_mode_effective,error
0,5,6,21000000000.0,6575000000.0,21000000000.0,6575000000.0,lo+if,desired,1,1,1,1*LO + 1*IF,27575000000.0,27575000000.0,27575000000.0,0.0,0.0,-26.689257257055502,0.0,0,-1,1,-1,1,-1,1,single,0.0,0,1000.0,10.0,,10,auto,peak,
0,5,6,21000000000.0,6575000000.0,21000000000.0,6575000000.0,lo+if,IF_harmonic,0,4,1,0*LO + 4*IF,26300000000.0,26300000000.0,26300000000.0,0.0,0.0,-89.4353571712473,-62.7460999141918,0,-1,1,-1,1,-1,1,single,0.0,0,1000.0,10.0,,10,auto,peak,
0,5,6,21000000000.0,6575000000.0,21000000000.0,6575000000.0,lo+if,spur,2,2,-1,2*LO - 2*IF,28850000000.0,28850000000.0,28850000000.0,0.0,0.0,-75.88466026870213,-49.19540301164663,0,-1,1,-1,1,-1,1,single,0.0,0,1000.0,10.0,,10,auto,peak,
0,5,6,21000000000.0,6575000000.0,21000000000.0,6575000000.0,lo+if,spur,3,5,-1,3*LO - 5*IF,30125000000.0,30125000000.0,30124999650.3,-349.70000076293945,-349.70000076293945,-132.0649639150551,-105.3757066579996,1,-1,1,-1,1,-1,1,single,0.0,0,1000.0,10.0,,10,auto,peak,
0,5,6,21000000000.0,6575000000.0,21000000000.0,6575000000.0,lo+if,IF_harmonic,0,5,1,0*LO + 5*IF,32875000000.0,32875000000.0,32875000001.0,1.0,1.0,-130.62077620744816,-103.93151895039266,1,-1,1,-1,1,-1,1,single,0.0,0,1000.0,10.0,,10,auto,peak,
0,5,6,21000000000.0,6575000000.0,21000000000.0,6575000000.0,lo+if,spur,1,2,1,1*LO + 2*IF,34150000000.0,34150000000.0,34150000000.0,0.0,0.0,-86.19732442625293,-59.50806716919743,0,-1,1,-1,1,-1,1,single,0.0,0,1000.0,10.0,,10,auto,peak,
