lo_index,if_index,point_index,lo_set_Hz,if_set_Hz,lo_model_Hz,if_model_Hz,mode,kind,m,n,sign,expression,expected_freq_Hz,expected_corr_freq_Hz,measured_freq_Hz,freq_error_Hz,freq_error_corr_Hz,power_dBm,rel_dBc_vs_desired,noise_limited,cluster_id,cluster_size,analytic_coincidence_id,analytic_coincidence_size,measured_coincidence_id,measured_coincidence_size,measurement_scope,cluster_window_half_width_Hz,cluster_window_fallback,span_Hz,rbw_Hz,vbw_Hz,avg_sweeps,marker_mode_global,marker_mode_effective,error
0,32,33,21000000000.0,6980000000.0,21000000000.0,6980000000.0,lo+if,desired,1,1,1,1*LO + 1*IF,27980000000.0,27980000000.0,27980000000.0,0.0,0.0,-27.35019032827189,0.0,0,-1,1,-1,1,-1,1,single,0.0,0,1000.0,10.0,,10,auto,peak,
0,32,33,21000000000.0,6980000000.0,21000000000.0,6980000000.0,lo+if,IF_harmonic,0,4,1,0*LO + 4*IF,27920000000.0,27920000000.0,27920000000.0,0.0,0.0,-79.09512715908808,-51.74493683081619,0,-1,1,-1,1,-1,1,single,0.0,0,1000.0,10.0,,10,auto,peak,
0,32,33,21000000000.0,6980000000.0,21000000000.0,6980000000.0,lo+if,spur,2,2,-1,2*LO - 2*IF,28040000000.0,28040000000.0,28040000000.0,0.0,0.0,-76.26384540535632,-48.91365507708443,0,-1,1,-1,1,-1,1,single,0.0,0,1000.0,10.0,,10,auto,peak,
0,32,33,21000000000.0,6980000000.0,21000000000.0,6980000000.0,lo+if,spur,3,5,-1,3*LO - 5*IF,28100000000.0,28100000000.0,28100000043.0,43.0,43.0,-130.47411399630184,-103.12392366802995,1,-1,1,-1,1,-1,1,single,0.0,0,1000.0,10.0,,10,auto,peak,
0,32,33,21000000000.0,6980000000.0,21000000000.0,6980000000.0,lo+if,IF_harmonic,0,5,1,0*LO + 5*IF,34900000000.0,34900000000.0,34900000451.5,451.5,451.5,-129.07690073790033,-101.72671040962844,1,-1,1,-1,1,-1,1,single,0.0,0,1000.0,10.0,,10,auto,peak,
0,32,33,21000000000.0,6980000000.0,21000000000.0,6980000000.0,lo+if,spur,1,2,1,1*LO + 2*IF,34960000000.0,34960000000.0,34960000000.0,0.0,0.0,-88.16975322649586,-60.819562898223964,0,-1,1,-1,1,-1,1,single,0.0,0,1000.0,10.0,,10,auto,peak,
