lo_index,if_index,point_index,lo_set_Hz,if_set_Hz,lo_model_Hz,if_model_Hz,mode,kind,m,n,sign,expression,expected_freq_Hz,expected_corr_freq_Hz,measured_freq_Hz,freq_error_Hz,freq_error_corr_Hz,power_dBm,rel_dBc_vs_desired,noise_limited,cluster_id,cluster_size,analytic_coincidence_id,analytic_coincidence_size,measured_coincidence_id,measured_coincidence_size,measurement_scope,cluster_window_half_width_Hz,cluster_window_fallback,span_Hz,rbw_Hz,vbw_Hz,avg_sweeps,marker_mode_global,marker_mode_effective,error
0,30,31,21000000000.0,6950000000.0,21000000000.0,6950000000.0,lo+if,desired,1,1,1,1*LO + 1*IF,27950000000.0,27950000000.0,27950000000.0,0.0,0.0,-26.844833313273657,0.0,0,-1,1,-1,1,-1,1,single,0.0,0,1000.0,10.0,,10,auto,peak,
0,30,31,21000000000.0,6950000000.0,21000000000.0,6950000000.0,lo+if,IF_harmonic,0,4,1,0*LO + 4*IF,27800000000.0,27800000000.0,27800000000.0,0.0,0.0,-80.50360985807352,-53.65877654479986,0,-1,1,-1,1,-1,1,single,0.0,0,1000.0,10.0,,10,auto,peak,
0,30,31,21000000000.0,6950000000.0,21000000000.0,6950000000.0,lo+if,spur,2,2,-1,2*LO - 2*IF,28100000000.0,28100000000.0,28100000000.0,0.0,0.0,-75.49342594125869,-48.64859262798504,0,-1,1,-1,1,-1,1,single,0.0,0,1000.0,10.0,,10,auto,peak,
0,30,31,21000000000.0,6950000000.0,21000000000.0,6950000000.0,lo+if,spur,3,5,-1,3*LO - 5*IF,28250000000.0,28250000000.0,28250000355.6,355.5999984741211,355.5999984741211,-130.25160578484667,-103.40677247157302,1,-1,1,-1,1,-1,1,single,0.0,0,1000.0,10.0,,10,auto,peak,
0,30,31,21000000000.0,6950000000.0,21000000000.0,6950000000.0,lo+if,IF_harmonic,0,5,1,0*LO + 5*IF,34750000000.0,34750000000.0,34750000494.5,494.5,494.5,-129.9347672513292,-103.08993393805554,1,-1,1,-1,1,-1,1,single,0.0,0,1000.0,10.0,,10,auto,peak,
0,30,31,21000000000.0,6950000000.0,21000000000.0,6950000000.0,lo+if,spur,1,2,1,1*LO + 2*IF,34900000000.0,34900000000.0,34900000000.0,0.0,0.0,-86.87422657045352,-60.02939325717986,0,-1,1,-1,1,-1,1,single,0.0,0,1000.0,10.0,,10,auto,peak,
