lo_index,if_index,point_index,lo_set_Hz,if_set_Hz,lo_model_Hz,if_model_Hz,mode,kind,m,n,sign,expression,expected_freq_Hz,expected_corr_freq_Hz,measured_freq_Hz,freq_error_Hz,freq_error_corr_Hz,power_dBm,rel_dBc_vs_desired,noise_limited,cluster_id,cluster_size,analytic_coincidence_id,analytic_coincidence_size,measured_coincidence_id,measured_coincidence_size,measurement_scope,cluster_window_half_width_Hz,cluster_window_fallback,span_Hz,rbw_Hz,vbw_Hz,avg_sweeps,marker_mode_global,marker_mode_effective,error
0,44,45,21000000000.0,7160000000.0,21000000000.0,7160000000.0,lo+if,desired,1,1,1,1*LO + 1*IF,28160000000.0,28160000000.0,28160000000.0,0.0,0.0,-26.84150158376601,0.0,0,-1,1,-1,1,-1,1,single,0.0,0,1000.0,10.0,,10,auto,peak,
0,44,45,21000000000.0,7160000000.0,21000000000.0,7160000000.0,lo+if,spur,3,5,-1,3*LO - 5*IF,27200000000.0,27200000000.0,27200000336.7,336.70000076293945,336.70000076293945,-131.55925370247456,-104.71775211870855,1,-1,1,-1,1,-1,1,single,0.0,0,1000.0,10.0,,10,auto,peak,
0,44,45,21000000000.0,7160000000.0,21000000000.0,7160000000.0,lo+if,spur,2,2,-1,2*LO - 2*IF,27680000000.0,27680000000.0,27680000000.0,0.0,0.0,-72.34495714937916,-45.503455565613145,0,-1,1,-1,1,-1,1,single,0.0,0,1000.0,10.0,,10,auto,peak,
0,44,45,21000000000.0,7160000000.0,21000000000.0,7160000000.0,lo+if,IF_harmonic,0,4,1,0*LO + 4*IF,28640000000.0,28640000000.0,28640000000.0,0.0,0.0,-105.32882440750326,-78.48732282373726,0,-1,1,-1,1,-1,1,single,0.0,0,1000.0,10.0,,10,auto,peak,
0,44,45,21000000000.0,7160000000.0,21000000000.0,7160000000.0,lo+if,spur,3,4,-1,3*LO - 4*IF,34360000000.0,34360000000.0,34360000000.0,0.0,0.0,-127.74932210783064,-100.90782052406462,1,-1,1,-1,1,-1,1,single,0.0,0,1000.0,10.0,,10,auto,peak,
0,44,45,21000000000.0,7160000000.0,21000000000.0,7160000000.0,lo+if,spur,2,1,-1,2*LO - 1*IF,34840000000.0,34840000000.0,34840000000.0,0.0,0.0,-56.414344381358376,-29.572842797592365,0,-1,1,-1,1,-1,1,single,0.0,0,1000.0,10.0,,10,auto,peak,
