lo_index,if_index,point_index,lo_set_Hz,if_set_Hz,lo_model_Hz,if_model_Hz,mode,kind,m,n,sign,expression,expected_freq_Hz,expected_corr_freq_Hz,measured_freq_Hz,freq_error_Hz,freq_error_corr_Hz,power_dBm,rel_dBc_vs_desired,noise_limited,cluster_id,cluster_size,analytic_coincidence_id,analytic_coincidence_size,measured_coincidence_id,measured_coincidence_size,measurement_scope,cluster_window_half_width_Hz,cluster_window_fallback,span_Hz,rbw_Hz,vbw_Hz,avg_sweeps,marker_mode_global,marker_mode_effective,error
0,1,2,21000000000.0,6515000000.0,21000000000.0,6515000000.0,lo+if,desired,1,1,1,1*LO + 1*IF,27515000000.0,27515000000.0,27515000000.0,0.0,0.0,-28.02912961458572,0.0,0,-1,1,-1,1,-1,1,single,0.0,0,1000.0,10.0,,10,auto,peak,
0,1,2,21000000000.0,6515000000.0,21000000000.0,6515000000.0,lo+if,IF_harmonic,0,4,1,0*LO + 4*IF,26060000000.0,26060000000.0,26060000000.0,0.0,0.0,-91.02285146577935,-62.993721851193634,0,-1,1,-1,1,-1,1,single,0.0,0,1000.0,10.0,,10,auto,peak,
0,1,2,21000000000.0,6515000000.0,21000000000.0,6515000000.0,lo+if,spur,2,2,-1,2*LO - 2*IF,28970000000.0,28970000000.0,28970000000.0,0.0,0.0,-73.22535190147035,-45.19622228688463,0,-1,1,-1,1,-1,1,single,0.0,0,1000.0,10.0,,10,auto,peak,
0,1,2,21000000000.0,6515000000.0,21000000000.0,6515000000.0,lo+if,spur,3,5,-1,3*LO - 5*IF,30425000000.0,30425000000.0,30424999983.0,-17.0,-17.0,-132.4345724006373,-104.4054427860516,1,-1,1,-1,1,-1,1,single,0.0,0,1000.0,10.0,,10,auto,peak,
0,1,2,21000000000.0,6515000000.0,21000000000.0,6515000000.0,lo+if,IF_harmonic,0,5,1,0*LO + 5*IF,32575000000.0,32575000000.0,32575000000.0,0.0,0.0,-131.13603256284492,-103.1069029482592,1,-1,1,-1,1,-1,1,single,0.0,0,1000.0,10.0,,10,auto,peak,
0,1,2,21000000000.0,6515000000.0,21000000000.0,6515000000.0,lo+if,spur,1,2,1,1*LO + 2*IF,34030000000.0,34030000000.0,34030000000.0,0.0,0.0,-88.19034192885104,-60.16121231426532,0,-1,1,-1,1,-1,1,single,0.0,0,1000.0,10.0,,10,auto,peak,
