lo_index,if_index,point_index,lo_set_Hz,if_set_Hz,lo_model_Hz,if_model_Hz,mode,kind,m,n,sign,expression,expected_freq_Hz,expected_corr_freq_Hz,measured_freq_Hz,freq_error_Hz,freq_error_corr_Hz,power_dBm,rel_dBc_vs_desired,noise_limited,cluster_id,cluster_size,analytic_coincidence_id,analytic_coincidence_size,measured_coincidence_id,measured_coincidence_size,measurement_scope,cluster_window_half_width_Hz,cluster_window_fallback,span_Hz,rbw_Hz,vbw_Hz,avg_sweeps,marker_mode_global,marker_mode_effective,error
0,52,53,21000000000.0,7280000000.0,21000000000.0,7280000000.0,lo+if,desired,1,1,1,1*LO + 1*IF,28280000000.0,28280000000.0,28280000000.0,0.0,0.0,-28.423211204395432,0.0,0,-1,1,-1,1,-1,1,single,0.0,0,1000.0,10.0,,10,auto,peak,
0,52,53,21000000000.0,7280000000.0,21000000000.0,7280000000.0,lo+if,spur,3,5,-1,3*LO - 5*IF,26600000000.0,26600000000.0,26599999551.4,-448.5999984741211,-448.5999984741211,-130.42781113687727,-102.00459993248184,1,-1,1,-1,1,-1,1,single,0.0,0,1000.0,10.0,,10,auto,peak,
0,52,53,21000000000.0,7280000000.0,21000000000.0,7280000000.0,lo+if,spur,2,2,-1,2*LO - 2*IF,27440000000.0,27440000000.0,27440000000.0,0.0,0.0,-74.78482894985872,-46.36161774546329,0,-1,1,-1,1,-1,1,single,0.0,0,1000.0,10.0,,10,auto,peak,
0,52,53,21000000000.0,7280000000.0,21000000000.0,7280000000.0,lo+if,IF_harmonic,0,4,1,0*LO + 4*IF,29120000000.0,29120000000.0,29120000000.0,0.0,0.0,-109.47602320914528,-81.05281200474985,0,-1,1,-1,1,-1,1,single,0.0,0,1000.0,10.0,,10,auto,peak,
0,52,53,21000000000.0,7280000000.0,21000000000.0,7280000000.0,lo+if,spur,3,4,-1,3*LO - 4*IF,33880000000.0,33880000000.0,33879999572.4,-427.5999984741211,-427.5999984741211,-130.05439319229453,-101.6311819878991,1,-1,1,-1,1,-1,1,single,0.0,0,1000.0,10.0,,10,auto,peak,
0,52,53,21000000000.0,7280000000.0,21000000000.0,7280000000.0,lo+if,spur,2,1,-1,2*LO - 1*IF,34720000000.0,34720000000.0,34720000000.0,0.0,0.0,-53.15700380358605,-24.73379259919062,0,-1,1,-1,1,-1,1,single,0.0,0,1000.0,10.0,,10,auto,peak,
