lo_index,if_index,point_index,lo_set_Hz,if_set_Hz,lo_model_Hz,if_model_Hz,mode,kind,m,n,sign,expression,expected_freq_Hz,expected_corr_freq_Hz,measured_freq_Hz,freq_error_Hz,freq_error_corr_Hz,power_dBm,rel_dBc_vs_desired,noise_limited,cluster_id,cluster_size,analytic_coincidence_id,analytic_coincidence_size,measured_coincidence_id,measured_coincidence_size,measurement_scope,cluster_window_half_width_Hz,cluster_window_fallback,span_Hz,rbw_Hz,vbw_Hz,avg_sweeps,marker_mode_global,marker_mode_effective,error
0,55,56,21000000000.0,7325000000.0,21000000000.0,7325000000.0,lo+if,desired,1,1,1,1*LO + 1*IF,28325000000.0,28325000000.0,28325000000.0,0.0,0.0,-27.37608475034336,0.0,0,-1,1,-1,1,-1,1,single,0.0,0,1000.0,10.0,,10,auto,peak,
0,55,56,21000000000.0,7325000000.0,21000000000.0,7325000000.0,lo+if,spur,3,5,-1,3*LO - 5*IF,26375000000.0,26375000000.0,26375000464.5,464.5,464.5,-129.41416884591789,-102.03808409557453,1,-1,1,-1,1,-1,1,single,0.0,0,1000.0,10.0,,10,auto,peak,
0,55,56,21000000000.0,7325000000.0,21000000000.0,7325000000.0,lo+if,spur,2,2,-1,2*LO - 2*IF,27350000000.0,27350000000.0,27350000000.0,0.0,0.0,-75.40737457203599,-48.03128982169263,0,-1,1,-1,1,-1,1,single,0.0,0,1000.0,10.0,,10,auto,peak,
0,55,56,21000000000.0,7325000000.0,21000000000.0,7325000000.0,lo+if,IF_harmonic,0,4,1,0*LO + 4*IF,29300000000.0,29300000000.0,29300000000.0,0.0,0.0,-109.40169310620482,-82.02560835586146,0,-1,1,-1,1,-1,1,single,0.0,0,1000.0,10.0,,10,auto,peak,
0,55,56,21000000000.0,7325000000.0,21000000000.0,7325000000.0,lo+if,spur,3,4,-1,3*LO - 4*IF,33700000000.0,33700000000.0,33700000015.0,15.0,15.0,-130.46211211298188,-103.08602736263853,1,-1,1,-1,1,-1,1,single,0.0,0,1000.0,10.0,,10,auto,peak,
0,55,56,21000000000.0,7325000000.0,21000000000.0,7325000000.0,lo+if,spur,2,1,-1,2*LO - 1*IF,34675000000.0,34675000000.0,34675000000.0,0.0,0.0,-51.34846433053079,-23.97237958018743,0,-1,1,-1,1,-1,1,single,0.0,0,1000.0,10.0,,10,auto,peak,
