lo_index,if_index,point_index,lo_set_Hz,if_set_Hz,lo_model_Hz,if_model_Hz,mode,kind,m,n,sign,expression,expected_freq_Hz,expected_corr_freq_Hz,measured_freq_Hz,freq_error_Hz,freq_error_corr_Hz,power_dBm,rel_dBc_vs_desired,noise_limited,cluster_id,cluster_size,analytic_coincidence_id,analytic_coincidence_size,measured_coincidence_id,measured_coincidence_size,measurement_scope,cluster_window_half_width_Hz,cluster_window_fallback,span_Hz,rbw_Hz,vbw_Hz,avg_sweeps,marker_mode_global,marker_mode_effective,error
0,43,44,21000000000.0,7145000000.0,21000000000.0,7145000000.0,lo+if,desired,1,1,1,1*LO + 1*IF,28145000000.0,28145000000.0,28145000000.0,0.0,0.0,-26.69004357012068,0.0,0,-1,1,-1,1,-1,1,single,0.0,0,1000.0,10.0,,10,auto,peak,
0,43,44,21000000000.0,7145000000.0,21000000000.0,7145000000.0,lo+if,spur,3,5,-1,3*LO - 5*IF,27275000000.0,27275000000.0,27275000200.8,200.79999923706055,200.79999923706055,-131.49795179472636,-104.80790822460568,1,-1,1,-1,1,-1,1,single,0.0,0,1000.0,10.0,,10,auto,peak,
0,43,44,21000000000.0,7145000000.0,21000000000.0,7145000000.0,lo+if,spur,2,2,-1,2*LO - 2*IF,27710000000.0,27710000000.0,27710000000.0,0.0,0.0,-72.67849072001903,-45.98844714989835,0,-1,1,-1,1,-1,1,single,0.0,0,1000.0,10.0,,10,auto,peak,
0,43,44,21000000000.0,7145000000.0,21000000000.0,7145000000.0,lo+if,IF_harmonic,0,4,1,0*LO + 4*IF,28580000000.0,28580000000.0,28580000000.0,0.0,0.0,-101.45098098255158,-74.7609374124309,0,-1,1,-1,1,-1,1,single,0.0,0,1000.0,10.0,,10,auto,peak,
0,43,44,21000000000.0,7145000000.0,21000000000.0,7145000000.0,lo+if,spur,3,4,-1,3*LO - 4*IF,34420000000.0,34420000000.0,34420000000.0,0.0,0.0,-124.9297910650872,-98.23974749496652,1,-1,1,-1,1,-1,1,single,0.0,0,1000.0,10.0,,10,auto,peak,
0,43,44,21000000000.0,7145000000.0,21000000000.0,7145000000.0,lo+if,spur,2,1,-1,2*LO - 1*IF,34855000000.0,34855000000.0,34855000000.0,0.0,0.0,-55.65832720248282,-28.968283632362144,0,-1,1,-1,1,-1,1,single,0.0,0,1000.0,10.0,,10,auto,peak,
