lo_index,if_index,point_index,lo_set_Hz,if_set_Hz,lo_model_Hz,if_model_Hz,mode,kind,m,n,sign,expression,expected_freq_Hz,expected_corr_freq_Hz,measured_freq_Hz,freq_error_Hz,freq_error_corr_Hz,power_dBm,rel_dBc_vs_desired,noise_limited,cluster_id,cluster_size,analytic_coincidence_id,analytic_coincidence_size,measured_coincidence_id,measured_coincidence_size,measurement_scope,cluster_window_half_width_Hz,cluster_window_fallback,span_Hz,rbw_Hz,vbw_Hz,avg_sweeps,marker_mode_global,marker_mode_effective,error
0,75,76,21000000000.0,7625000000.0,21000000000.0,7625000000.0,lo+if,desired,1,1,1,1*LO + 1*IF,28625000000.0,28625000000.0,28625000000.0,0.0,0.0,-25.864427339406877,0.0,0,-1,1,-1,1,-1,1,single,0.0,0,1000.0,10.0,,10,auto,peak,
0,75,76,21000000000.0,7625000000.0,21000000000.0,7625000000.0,lo+if,spur,2,2,-1,2*LO - 2*IF,26750000000.0,26750000000.0,26750000000.0,0.0,0.0,-74.06706565291518,-48.2026383135083,0,-1,1,-1,1,-1,1,single,0.0,0,1000.0,10.0,,10,auto,peak,
0,75,76,21000000000.0,7625000000.0,21000000000.0,7625000000.0,lo+if,IF_harmonic,0,4,1,0*LO + 4*IF,30500000000.0,30500000000.0,30500000000.0,0.0,0.0,-121.21223610693872,-95.34780876753184,1,-1,1,-1,1,-1,1,single,0.0,0,1000.0,10.0,,10,auto,peak,
0,75,76,21000000000.0,7625000000.0,21000000000.0,7625000000.0,lo+if,spur,3,4,-1,3*LO - 4*IF,32500000000.0,32500000000.0,32499999895.1,-104.9000015258789,-104.9000015258789,-131.79539432786288,-105.930966988456,1,-1,1,-1,1,-1,1,single,0.0,0,1000.0,10.0,,10,auto,peak,
0,75,76,21000000000.0,7625000000.0,21000000000.0,7625000000.0,lo+if,spur,2,1,-1,2*LO - 1*IF,34375000000.0,34375000000.0,34375000000.0,0.0,0.0,-52.5644395110607,-26.70001217165382,0,-1,1,-1,1,-1,1,single,0.0,0,1000.0,10.0,,10,auto,peak,
