lo_index,if_index,point_index,lo_set_Hz,if_set_Hz,lo_model_Hz,if_model_Hz,mode,kind,m,n,sign,expression,expected_freq_Hz,expected_corr_freq_Hz,measured_freq_Hz,freq_error_Hz,freq_error_corr_Hz,power_dBm,rel_dBc_vs_desired,noise_limited,cluster_id,cluster_size,analytic_coincidence_id,analytic_coincidence_size,measured_coincidence_id,measured_coincidence_size,measurement_scope,cluster_window_half_width_Hz,cluster_window_fallback,span_Hz,rbw_Hz,vbw_Hz,avg_sweeps,marker_mode_global,marker_mode_effective,error
0,19,20,21000000000.0,6785000000.0,21000000000.0,6785000000.0,lo+if,desired,1,1,1,1*LO + 1*IF,27785000000.0,27785000000.0,27785000000.0,0.0,0.0,-27.715288257980202,0.0,0,-1,1,-1,1,-1,1,single,0.0,0,1000.0,10.0,,10,auto,peak,
0,19,20,21000000000.0,6785000000.0,21000000000.0,6785000000.0,lo+if,IF_harmonic,0,4,1,0*LO + 4*IF,27140000000.0,27140000000.0,27140000000.0,0.0,0.0,-77.20055073109584,-49.48526247311564,0,-1,1,-1,1,-1,1,single,0.0,0,1000.0,10.0,,10,auto,peak,
0,19,20,21000000000.0,6785000000.0,21000000000.0,6785000000.0,lo+if,spur,2,2,-1,2*LO - 2*IF,28430000000.0,28430000000.0,28430000000.0,0.0,0.0,-73.55746830475515,-45.84218004677494,0,-1,1,-1,1,-1,1,single,0.0,0,1000.0,10.0,,10,auto,peak,
0,19,20,21000000000.0,6785000000.0,21000000000.0,6785000000.0,lo+if,spur,3,5,-1,3*LO - 5*IF,29075000000.0,29075000000.0,29075000001.0,1.0,1.0,-131.21562526164584,-103.50033700366563,1,-1,1,-1,1,-1,1,single,0.0,0,1000.0,10.0,,10,auto,peak,
0,19,20,21000000000.0,6785000000.0,21000000000.0,6785000000.0,lo+if,IF_harmonic,0,5,1,0*LO + 5*IF,33925000000.0,33925000000.0,33924999860.1,-139.9000015258789,-139.9000015258789,-131.38391765747483,-103.66862939949462,1,-1,1,-1,1,-1,1,single,0.0,0,1000.0,10.0,,10,auto,peak,
0,19,20,21000000000.0,6785000000.0,21000000000.0,6785000000.0,lo+if,spur,1,2,1,1*LO + 2*IF,34570000000.0,34570000000.0,34570000000.0,0.0,0.0,-85.07478955468927,-57.35950129670907,0,-1,1,-1,1,-1,1,single,0.0,0,1000.0,10.0,,10,auto,peak,
