lo_index,if_index,point_index,lo_set_Hz,if_set_Hz,lo_model_Hz,if_model_Hz,mode,kind,m,n,sign,expression,expected_freq_Hz,expected_corr_freq_Hz,measured_freq_Hz,freq_error_Hz,freq_error_corr_Hz,power_dBm,rel_dBc_vs_desired,noise_limited,cluster_id,cluster_size,analytic_coincidence_id,analytic_coincidence_size,measured_coincidence_id,measured_coincidence_size,measurement_scope,cluster_window_half_width_Hz,cluster_window_fallback,span_Hz,rbw_Hz,vbw_Hz,avg_sweeps,marker_mode_global,marker_mode_effective,error
0,69,70,21000000000.0,7535000000.0,21000000000.0,7535000000.0,lo+if,desired,1,1,1,1*LO + 1*IF,28535000000.0,28535000000.0,28535000000.0,0.0,0.0,-28.585372538321828,0.0,0,-1,1,-1,1,-1,1,single,0.0,0,1000.0,10.0,,10,auto,peak,
0,69,70,21000000000.0,7535000000.0,21000000000.0,7535000000.0,lo+if,spur,3,5,-1,3*LO - 5*IF,25325000000.0,25325000000.0,25325000477.5,477.5,477.5,-130.30463908071326,-101.71926654239144,1,-1,1,-1,1,-1,1,single,0.0,0,1000.0,10.0,,10,auto,peak,
0,69,70,21000000000.0,7535000000.0,21000000000.0,7535000000.0,lo+if,spur,2,2,-1,2*LO - 2*IF,26930000000.0,26930000000.0,26930000000.0,0.0,0.0,-75.44603592196539,-46.86066338364356,0,-1,1,-1,1,-1,1,single,0.0,0,1000.0,10.0,,10,auto,peak,
0,69,70,21000000000.0,7535000000.0,21000000000.0,7535000000.0,lo+if,IF_harmonic,0,4,1,0*LO + 4*IF,30140000000.0,30140000000.0,30139999999.0,-1.0,-1.0,-121.82410553929265,-93.23873300097083,1,-1,1,-1,1,-1,1,single,0.0,0,1000.0,10.0,,10,auto,peak,
0,69,70,21000000000.0,7535000000.0,21000000000.0,7535000000.0,lo+if,spur,3,4,-1,3*LO - 4*IF,32860000000.0,32860000000.0,32859999533.5,-466.5,-466.5,-131.358788841756,-102.77341630343417,1,-1,1,-1,1,-1,1,single,0.0,0,1000.0,10.0,,10,auto,peak,
0,69,70,21000000000.0,7535000000.0,21000000000.0,7535000000.0,lo+if,spur,2,1,-1,2*LO - 1*IF,34465000000.0,34465000000.0,34465000000.0,0.0,0.0,-54.417493117423334,-25.832120579101506,0,-1,1,-1,1,-1,1,single,0.0,0,1000.0,10.0,,10,auto,peak,
