lo_index,if_index,point_index,lo_set_Hz,if_set_Hz,lo_model_Hz,if_model_Hz,mode,kind,m,n,sign,expression,expected_freq_Hz,expected_corr_freq_Hz,measured_freq_Hz,freq_error_Hz,freq_error_corr_Hz,power_dBm,rel_dBc_vs_desired,noise_limited,cluster_id,cluster_size,analytic_coincidence_id,analytic_coincidence_size,measured_coincidence_id,measured_coincidence_size,measurement_scope,cluster_window_half_width_Hz,cluster_window_fallback,span_Hz,rbw_Hz,vbw_Hz,avg_sweeps,marker_mode_global,marker_mode_effective,error
0,42,43,21000000000.0,7130000000.0,21000000000.0,7130000000.0,lo+if,desired,1,1,1,1*LO + 1*IF,28130000000.0,28130000000.0,28130000000.0,0.0,0.0,-26.48844714839191,0.0,0,-1,1,-1,1,-1,1,single,0.0,0,1000.0,10.0,,10,auto,peak,
0,42,43,21000000000.0,7130000000.0,21000000000.0,7130000000.0,lo+if,spur,3,5,-1,3*LO - 5*IF,27350000000.0,27350000000.0,27349999727.3,-272.70000076293945,-272.70000076293945,-131.82711388181298,-105.33866673342106,1,-1,1,-1,1,-1,1,single,0.0,0,1000.0,10.0,,10,auto,peak,
0,42,43,21000000000.0,7130000000.0,21000000000.0,7130000000.0,lo+if,spur,2,2,-1,2*LO - 2*IF,27740000000.0,27740000000.0,27740000000.0,0.0,0.0,-73.89030764030244,-47.401860491910526,0,-1,1,-1,1,-1,1,single,0.0,0,1000.0,10.0,,10,auto,peak,
0,42,43,21000000000.0,7130000000.0,21000000000.0,7130000000.0,lo+if,IF_harmonic,0,4,1,0*LO + 4*IF,28520000000.0,28520000000.0,28520000000.0,0.0,0.0,-99.36369851922534,-72.87525137083342,0,-1,1,-1,1,-1,1,single,0.0,0,1000.0,10.0,,10,auto,peak,
0,42,43,21000000000.0,7130000000.0,21000000000.0,7130000000.0,lo+if,spur,3,4,-1,3*LO - 4*IF,34480000000.0,34480000000.0,34479999999.0,-1.0,-1.0,-121.4740890398187,-94.98564189142678,1,-1,1,-1,1,-1,1,single,0.0,0,1000.0,10.0,,10,auto,peak,
0,42,43,21000000000.0,7130000000.0,21000000000.0,7130000000.0,lo+if,spur,2,1,-1,2*LO - 1*IF,34870000000.0,34870000000.0,34870000000.0,0.0,0.0,-55.21529363692822,-28.726846488536314,0,-1,1,-1,1,-1,1,single,0.0,0,1000.0,10.0,,10,auto,peak,
