lo_index,if_index,point_index,lo_set_Hz,if_set_Hz,lo_model_Hz,if_model_Hz,mode,kind,m,n,sign,expression,expected_freq_Hz,expected_corr_freq_Hz,measured_freq_Hz,freq_error_Hz,freq_error_corr_Hz,power_dBm,rel_dBc_vs_desired,noise_limited,cluster_id,cluster_size,analytic_coincidence_id,analytic_coincidence_size,measured_coincidence_id,measured_coincidence_size,measurement_scope,cluster_window_half_width_Hz,cluster_window_fallback,span_Hz,rbw_Hz,vbw_Hz,avg_sweeps,marker_mode_global,marker_mode_effective,error
0,59,60,21000000000.0,7385000000.0,21000000000.0,7385000000.0,lo+if,desired,1,1,1,1*LO + 1*IF,28385000000.0,28385000000.0,28385000000.0,0.0,0.0,-26.197250220545513,0.0,0,-1,1,-1,1,-1,1,single,0.0,0,1000.0,10.0,,10,auto,peak,
0,59,60,21000000000.0,7385000000.0,21000000000.0,7385000000.0,lo+if,spur,3,5,-1,3*LO - 5*IF,26075000000.0,26075000000.0,26074999574.4,-425.5999984741211,-425.5999984741211,-128.7656852833374,-102.56843506279189,1,-1,1,-1,1,-1,1,single,0.0,0,1000.0,10.0,,10,auto,peak,
0,59,60,21000000000.0,7385000000.0,21000000000.0,7385000000.0,lo+if,spur,2,2,-1,2*LO - 2*IF,27230000000.0,27230000000.0,27230000000.0,0.0,0.0,-72.88697300156785,-46.68972278102234,0,-1,1,-1,1,-1,1,single,0.0,0,1000.0,10.0,,10,auto,peak,
0,59,60,21000000000.0,7385000000.0,21000000000.0,7385000000.0,lo+if,IF_harmonic,0,4,1,0*LO + 4*IF,29540000000.0,29540000000.0,29540000000.0,0.0,0.0,-106.01645390488173,-79.81920368433622,0,-1,1,-1,1,-1,1,single,0.0,0,1000.0,10.0,,10,auto,peak,
0,59,60,21000000000.0,7385000000.0,21000000000.0,7385000000.0,lo+if,spur,3,4,-1,3*LO - 4*IF,33460000000.0,33460000000.0,33459999832.2,-167.79999923706055,-167.79999923706055,-130.71330227016196,-104.51605204961645,1,-1,1,-1,1,-1,1,single,0.0,0,1000.0,10.0,,10,auto,peak,
0,59,60,21000000000.0,7385000000.0,21000000000.0,7385000000.0,lo+if,spur,2,1,-1,2*LO - 1*IF,34615000000.0,34615000000.0,34615000000.0,0.0,0.0,-51.67415190590116,-25.47690168535565,0,-1,1,-1,1,-1,1,single,0.0,0,1000.0,10.0,,10,auto,peak,
