lo_index,if_index,point_index,lo_set_Hz,if_set_Hz,lo_model_Hz,if_model_Hz,mode,kind,m,n,sign,expression,expected_freq_Hz,expected_corr_freq_Hz,measured_freq_Hz,freq_error_Hz,freq_error_corr_Hz,power_dBm,rel_dBc_vs_desired,noise_limited,cluster_id,cluster_size,analytic_coincidence_id,analytic_coincidence_size,measured_coincidence_id,measured_coincidence_size,measurement_scope,cluster_window_half_width_Hz,cluster_window_fallback,span_Hz,rbw_Hz,vbw_Hz,avg_sweeps,marker_mode_global,marker_mode_effective,error
0,96,97,21000000000.0,7940000000.0,21000000000.0,7940000000.0,lo+if,desired,1,1,1,1*LO + 1*IF,28940000000.0,28940000000.0,28940000000.0,0.0,0.0,-27.076748023390177,0.0,0,-1,1,-1,1,-1,1,single,0.0,0,1000.0,10.0,,10,auto,peak,
0,96,97,21000000000.0,7940000000.0,21000000000.0,7940000000.0,lo+if,spur,2,2,-1,2*LO - 2*IF,26120000000.0,26120000000.0,26120000000.0,0.0,0.0,-74.48290993037601,-47.40616190698583,0,-1,1,-1,1,-1,1,single,0.0,0,1000.0,10.0,,10,auto,peak,
0,96,97,21000000000.0,7940000000.0,21000000000.0,7940000000.0,lo+if,spur,3,4,-1,3*LO - 4*IF,31240000000.0,31240000000.0,31239999627.4,-372.5999984741211,-372.5999984741211,-130.33819031667437,-103.26144229328419,1,-1,1,-1,1,-1,1,single,0.0,0,1000.0,10.0,,10,auto,peak,
0,96,97,21000000000.0,7940000000.0,21000000000.0,7940000000.0,lo+if,IF_harmonic,0,4,1,0*LO + 4*IF,31760000000.0,31760000000.0,31760000000.0,0.0,0.0,-124.85513080686309,-97.7783827834729,1,-1,1,-1,1,-1,1,single,0.0,0,1000.0,10.0,,10,auto,peak,
0,96,97,21000000000.0,7940000000.0,21000000000.0,7940000000.0,lo+if,spur,2,1,-1,2*LO - 1*IF,34060000000.0,34060000000.0,34060000000.0,0.0,0.0,-54.40347304724689,-27.326725023856714,0,-1,1,-1,1,-1,1,single,0.0,0,1000.0,10.0,,10,auto,peak,
