lo_index,if_index,point_index,lo_set_Hz,if_set_Hz,lo_model_Hz,if_model_Hz,mode,kind,m,n,sign,expression,expected_freq_Hz,expected_corr_freq_Hz,measured_freq_Hz,freq_error_Hz,freq_error_corr_Hz,power_dBm,rel_dBc_vs_desired,noise_limited,cluster_id,cluster_size,analytic_coincidence_id,analytic_coincidence_size,measured_coincidence_id,measured_coincidence_size,measurement_scope,cluster_window_half_width_Hz,cluster_window_fallback,span_Hz,rbw_Hz,vbw_Hz,avg_sweeps,marker_mode_global,marker_mode_effective,error
0,47,48,21000000000.0,7205000000.0,21000000000.0,7205000000.0,lo+if,desired,1,1,1,1*LO + 1*IF,28205000000.0,28205000000.0,28205000000.0,0.0,0.0,-27.191210477372266,0.0,0,-1,1,-1,1,-1,1,single,0.0,0,1000.0,10.0,,10,auto,peak,
0,47,48,21000000000.0,7205000000.0,21000000000.0,7205000000.0,lo+if,spur,3,5,-1,3*LO - 5*IF,26975000000.0,26975000000.0,26974999856.1,-143.9000015258789,-143.9000015258789,-131.03152184081915,-103.84031136344689,1,-1,1,-1,1,-1,1,single,0.0,0,1000.0,10.0,,10,auto,peak,
0,47,48,21000000000.0,7205000000.0,21000000000.0,7205000000.0,lo+if,spur,2,2,-1,2*LO - 2*IF,27590000000.0,27590000000.0,27590000000.0,0.0,0.0,-76.38925742192824,-49.19804694455597,0,-1,1,-1,1,-1,1,single,0.0,0,1000.0,10.0,,10,auto,peak,
0,47,48,21000000000.0,7205000000.0,21000000000.0,7205000000.0,lo+if,IF_harmonic,0,4,1,0*LO + 4*IF,28820000000.0,28820000000.0,28820000000.0,0.0,0.0,-112.89423555359474,-85.70302507622247,0,-1,1,-1,1,-1,1,single,0.0,0,1000.0,10.0,,10,auto,peak,
0,47,48,21000000000.0,7205000000.0,21000000000.0,7205000000.0,lo+if,spur,3,4,-1,3*LO - 4*IF,34180000000.0,34180000000.0,34180000194.8,194.79999923706055,194.79999923706055,-130.44688036787264,-103.25566989050037,1,-1,1,-1,1,-1,1,single,0.0,0,1000.0,10.0,,10,auto,peak,
0,47,48,21000000000.0,7205000000.0,21000000000.0,7205000000.0,lo+if,spur,2,1,-1,2*LO - 1*IF,34795000000.0,34795000000.0,34795000000.0,0.0,0.0,-56.20017647428518,-29.008965996912913,0,-1,1,-1,1,-1,1,single,0.0,0,1000.0,10.0,,10,auto,peak,
