lo_index,if_index,point_index,lo_set_Hz,if_set_Hz,lo_model_Hz,if_model_Hz,mode,kind,m,n,sign,expression,expected_freq_Hz,expected_corr_freq_Hz,measured_freq_Hz,freq_error_Hz,freq_error_corr_Hz,power_dBm,rel_dBc_vs_desired,noise_limited,cluster_id,cluster_size,analytic_coincidence_id,analytic_coincidence_size,measured_coincidence_id,measured_coincidence_size,measurement_scope,cluster_window_half_width_Hz,cluster_window_fallback,span_Hz,rbw_Hz,vbw_Hz,avg_sweeps,marker_mode_global,marker_mode_effective,error
0,40,41,21000000000.0,7100000000.0,21000000000.0,7100000000.0,lo+if,desired,1,1,1,1*LO + 1*IF,28100000000.0,28100000000.0,28100000000.0,0.0,0.0,-26.297444440149604,0.0,0,-1,1,-1,1,-1,1,single,0.0,0,1000.0,10.0,,10,auto,peak,
0,40,41,21000000000.0,7100000000.0,21000000000.0,7100000000.0,lo+if,spur,3,5,-1,3*LO - 5*IF,27500000000.0,27500000000.0,27499999644.4,-355.5999984741211,-355.5999984741211,-131.85908103985093,-105.56163659970133,1,-1,1,-1,1,-1,1,single,0.0,0,1000.0,10.0,,10,auto,peak,
0,40,41,21000000000.0,7100000000.0,21000000000.0,7100000000.0,lo+if,spur,2,2,-1,2*LO - 2*IF,27800000000.0,27800000000.0,27800000000.0,0.0,0.0,-74.61519001434583,-48.31774557419622,0,-1,1,-1,1,-1,1,single,0.0,0,1000.0,10.0,,10,auto,peak,
0,40,41,21000000000.0,7100000000.0,21000000000.0,7100000000.0,lo+if,IF_harmonic,0,4,1,0*LO + 4*IF,28400000000.0,28400000000.0,28400000000.0,0.0,0.0,-93.87019366330634,-67.57274922315673,0,-1,1,-1,1,-1,1,single,0.0,0,1000.0,10.0,,10,auto,peak,
0,40,41,21000000000.0,7100000000.0,21000000000.0,7100000000.0,lo+if,spur,3,4,-1,3*LO - 4*IF,34600000000.0,34600000000.0,34600000000.0,0.0,0.0,-115.56166614706052,-89.26422170691092,0,-1,1,-1,1,-1,1,single,0.0,0,1000.0,10.0,,10,auto,peak,
0,40,41,21000000000.0,7100000000.0,21000000000.0,7100000000.0,lo+if,spur,2,1,-1,2*LO - 1*IF,34900000000.0,34900000000.0,34900000000.0,0.0,0.0,-54.85802437437296,-28.560579934223355,0,-1,1,-1,1,-1,1,single,0.0,0,1000.0,10.0,,10,auto,peak,
